[2026-08-13 00:14:43,766] [kometa.py:462]             [INFO]     |====================================================================================================|
[2026-08-13 00:14:43,767] [kometa.py:463]             [INFO]     |                                                                                                    |
[2026-08-13 00:14:43,767] [kometa.py:464]             [INFO]     |                   __  ___  ______    ___  ___   _______  __________    ___                         |
[2026-08-13 00:14:43,767] [kometa.py:465]             [INFO]     |                  |  |/  / /  __  \  |   \/   | |   ____||          |  /   \                        |
[2026-08-13 00:14:43,767] [kometa.py:466]             [INFO]     |                  |  '  / |  |  |  | |  \  /  | |  |__   `---|  |---` /  ^  \                       |
[2026-08-13 00:14:43,767] [kometa.py:467]             [INFO]     |                  |    <  |  |  |  | |  |\/|  | |   __|      |  |    /  /_\  \                      |
[2026-08-13 00:14:43,767] [kometa.py:468]             [INFO]     |                  |  .  \ |  `--`  | |  |  |  | |  |____     |  |   /  _____  \                     |
[2026-08-13 00:14:43,767] [kometa.py:469]             [INFO]     |                  |__|\__\ \______/  |__|  |__| |_______|    |__|  /__/     \__\                    |
[2026-08-13 00:14:43,767] [kometa.py:470]             [INFO]     |                                                                                                    |
[2026-08-13 00:14:43,881] [kometa.py:485]             [INFO]     |     Version: 2.4.7 (Python 3.14.4) (Git: master)                                                   |
[2026-08-13 00:14:44,246] [kometa.py:488]             [INFO]     |     Platform: Windows-10-10.0.19045-SP0                                                            |
[2026-08-13 00:14:44,250] [kometa.py:489]             [INFO]     |     Total Memory: 128 GB                                                                           |
[2026-08-13 00:14:44,253] [kometa.py:490]             [INFO]     |     Available Memory: 38 GB                                                                        |
[2026-08-13 00:14:44,254] [kometa.py:491]             [INFO]     |     Process Priority: normal                                                                       |
[2026-08-13 00:14:44,260] [kometa.py:554]             [DEBUG]    |====================================================================================================|
[2026-08-13 00:14:44,261] [kometa.py:556]             [DEBUG]    | Run Command: C:\Utilities\Kometa\Kometa\kometa.py --run --trace --read-only                        |
[2026-08-13 00:14:44,261] [kometa.py:560]             [DEBUG]    | --config (KOMETA_CONFIG): None                                                                     |
[2026-08-13 00:14:44,261] [kometa.py:560]             [DEBUG]    | --times (KOMETA_TIMES): "05:00"                                                                    |
[2026-08-13 00:14:44,261] [kometa.py:560]             [DEBUG]    | --run (KOMETA_RUN): True                                                                           |
[2026-08-13 00:14:44,261] [kometa.py:560]             [DEBUG]    | --tests (KOMETA_TESTS): False                                                                      |
[2026-08-13 00:14:44,261] [kometa.py:560]             [DEBUG]    | --debug (KOMETA_DEBUG): False                                                                      |
[2026-08-13 00:14:44,261] [kometa.py:560]             [DEBUG]    | --trace (KOMETA_TRACE): True                                                                       |
[2026-08-13 00:14:44,261] [kometa.py:560]             [DEBUG]    | --log-requests (KOMETA_LOG_REQUESTS): False                                                        |
[2026-08-13 00:14:44,262] [kometa.py:560]             [DEBUG]    | --timings (KOMETA_TIMINGS): False                                                                  |
[2026-08-13 00:14:44,262] [kometa.py:560]             [DEBUG]    | --timeout (KOMETA_TIMEOUT): 180                                                                    |
[2026-08-13 00:14:44,262] [kometa.py:560]             [DEBUG]    | --no-verify-ssl (KOMETA_NO_VERIFY_SSL): False                                                      |
[2026-08-13 00:14:44,262] [kometa.py:560]             [DEBUG]    | --collections-only (KOMETA_COLLECTIONS_ONLY): False                                                |
[2026-08-13 00:14:44,262] [kometa.py:560]             [DEBUG]    | --metadata-only (KOMETA_METADATA_ONLY): False                                                      |
[2026-08-13 00:14:44,263] [kometa.py:560]             [DEBUG]    | --playlists-only (KOMETA_PLAYLISTS_ONLY): False                                                    |
[2026-08-13 00:14:44,263] [kometa.py:560]             [DEBUG]    | --operations-only (KOMETA_OPERATIONS_ONLY): False                                                  |
[2026-08-13 00:14:44,263] [kometa.py:560]             [DEBUG]    | --overlays-only (KOMETA_OVERLAYS_ONLY): False                                                      |
[2026-08-13 00:14:44,263] [kometa.py:560]             [DEBUG]    | --run-collections (KOMETA_RUN_COLLECTIONS): None                                                   |
[2026-08-13 00:14:44,264] [kometa.py:560]             [DEBUG]    | --run-libraries (KOMETA_RUN_LIBRARIES): None                                                       |
[2026-08-13 00:14:44,264] [kometa.py:560]             [DEBUG]    | --run-files (KOMETA_RUN_FILES): None                                                               |
[2026-08-13 00:14:44,264] [kometa.py:560]             [DEBUG]    | --ignore-schedules (KOMETA_IGNORE_SCHEDULES): False                                                |
[2026-08-13 00:14:44,264] [kometa.py:560]             [DEBUG]    | --ignore-ghost (KOMETA_IGNORE_GHOST): False                                                        |
[2026-08-13 00:14:44,264] [kometa.py:560]             [DEBUG]    | --delete-collections (KOMETA_DELETE_COLLECTIONS): False                                            |
[2026-08-13 00:14:44,265] [kometa.py:560]             [DEBUG]    | --delete-labels (KOMETA_DELETE_LABELS): False                                                      |
[2026-08-13 00:14:44,265] [kometa.py:560]             [DEBUG]    | --resume (KOMETA_RESUME): None                                                                     |
[2026-08-13 00:14:44,265] [kometa.py:560]             [DEBUG]    | --no-countdown (KOMETA_NO_COUNTDOWN): False                                                        |
[2026-08-13 00:14:44,265] [kometa.py:560]             [DEBUG]    | --no-missing (KOMETA_NO_MISSING): False                                                            |
[2026-08-13 00:14:44,266] [kometa.py:560]             [DEBUG]    | --no-report (KOMETA_NO_REPORT): False                                                              |
[2026-08-13 00:14:44,266] [kometa.py:560]             [DEBUG]    | --read-only-config (KOMETA_READ_ONLY_CONFIG): True                                                 |
[2026-08-13 00:14:44,266] [kometa.py:560]             [DEBUG]    | --divider (KOMETA_DIVIDER): "="                                                                    |
[2026-08-13 00:14:44,268] [kometa.py:560]             [DEBUG]    | --width (KOMETA_WIDTH): 100                                                                        |
[2026-08-13 00:14:44,268] [kometa.py:560]             [DEBUG]    | --low-priority (KOMETA_LOW_PRIORITY): False                                                        |
[2026-08-13 00:14:44,268] [kometa.py:560]             [DEBUG]    | --validate (KOMETA_VALIDATE): False                                                                |
[2026-08-13 00:14:44,269] [kometa.py:560]             [DEBUG]    | --validate-level (KOMETA_VALIDATE_LEVEL): "structure"                                              |
[2026-08-13 00:14:44,269] [kometa.py:560]             [DEBUG]    | --validate-schema (KOMETA_VALIDATE_SCHEMA): False                                                  |
[2026-08-13 00:14:44,269] [kometa.py:560]             [DEBUG]    | --schema-path (KOMETA_SCHEMA_PATH): None                                                           |
[2026-08-13 00:14:44,269] [kometa.py:560]             [DEBUG]    | --validate-file (KOMETA_VALIDATE_FILE): None                                                       |
[2026-08-13 00:14:44,269] [kometa.py:560]             [DEBUG]    | --validate-dir (KOMETA_VALIDATE_DIR): None                                                         |
[2026-08-13 00:14:44,270] [kometa.py:561]             [DEBUG]    |                                                                                                    |
[2026-08-13 00:14:44,270] [kometa.py:568]             [DEBUG]    |====================================================================================================|
[2026-08-13 00:14:44,270] [kometa.py:605]             [INFO]     |====================================================================================================|
[2026-08-13 00:14:44,270] [kometa.py:605]             [INFO]     |                                            Starting Run                                            |
[2026-08-13 00:14:44,271] [kometa.py:605]             [INFO]     |====================================================================================================|
[2026-08-13 00:14:44,271] [config.py:260]             [INFO]     | Locating config...                                                                                 |
[2026-08-13 00:14:44,271] [config.py:270]             [INFO]     | Using C:\Utilities\Kometa\Kometa\config\config.yml as config                                       |
[2026-08-13 00:14:44,280] [config.py:311]             [DEBUG]    |========================================= Redacted Config ==========================================|
[2026-08-13 00:14:44,281] [config.py:313]             [DEBUG]    | libraries:                                                                                         |
[2026-08-13 00:14:44,281] [config.py:313]             [DEBUG]    |   TV Shows:                                                                                        |
[2026-08-13 00:14:44,281] [config.py:313]             [DEBUG]    |     reapply_overlays: false                                                                        |
[2026-08-13 00:14:44,281] [config.py:313]             [DEBUG]    |     remove_overlays: false                                                                         |
[2026-08-13 00:14:44,281] [config.py:313]             [DEBUG]    |     overlay_files:                                                                                 |
[2026-08-13 00:14:44,282] [config.py:313]             [DEBUG]    |     - file: config/MyOverlaysTV.yml                                                                |
[2026-08-13 00:14:44,282] [config.py:313]             [DEBUG]    |   Movies:                                                                                          |
[2026-08-13 00:14:44,282] [config.py:313]             [DEBUG]    |     reapply_overlays: false                                                                        |
[2026-08-13 00:14:44,282] [config.py:313]             [DEBUG]    |     remove_overlays: false                                                                         |
[2026-08-13 00:14:44,283] [config.py:313]             [DEBUG]    |     overlay_files:                                                                                 |
[2026-08-13 00:14:44,283] [config.py:313]             [DEBUG]    |     - default: ribbon                                                                              |
[2026-08-13 00:14:44,283] [config.py:313]             [DEBUG]    |     - default: ratings                                                                             |
[2026-08-13 00:14:44,284] [config.py:313]             [DEBUG]    |       template_variables:                                                                          |
[2026-08-13 00:14:44,284] [config.py:313]             [DEBUG]    |         rating1: critic                                                                            |
[2026-08-13 00:14:44,284] [config.py:313]             [DEBUG]    |         rating1_image: rt_tomato                                                                   |
[2026-08-13 00:14:44,284] [config.py:313]             [DEBUG]    |         rating2: audience                                                                          |
[2026-08-13 00:14:44,285] [config.py:313]             [DEBUG]    |         rating2_image: rt_popcorn                                                                  |
[2026-08-13 00:14:44,285] [config.py:313]             [DEBUG]    |         rating3: user                                                                              |
[2026-08-13 00:14:44,285] [config.py:313]             [DEBUG]    |         rating3_image: imdb                                                                        |
[2026-08-13 00:14:44,285] [config.py:313]             [DEBUG]    |     operations:                                                                                    |
[2026-08-13 00:14:44,286] [config.py:313]             [DEBUG]    |       mass_user_rating_update: imdb                                                                |
[2026-08-13 00:14:44,286] [config.py:313]             [DEBUG]    | settings:                                                                                          |
[2026-08-13 00:14:44,286] [config.py:313]             [DEBUG]    |   run_order:                                                                                       |
[2026-08-13 00:14:44,286] [config.py:313]             [DEBUG]    |   - operations                                                                                     |
[2026-08-13 00:14:44,286] [config.py:313]             [DEBUG]    |   - metadata                                                                                       |
[2026-08-13 00:14:44,287] [config.py:313]             [DEBUG]    |   - collections                                                                                    |
[2026-08-13 00:14:44,287] [config.py:313]             [DEBUG]    |   - overlays                                                                                       |
[2026-08-13 00:14:44,287] [config.py:313]             [DEBUG]    |   cache: true                                                                                      |
[2026-08-13 00:14:44,287] [config.py:313]             [DEBUG]    |   cache_expiration: 60                                                                             |
[2026-08-13 00:14:44,287] [config.py:313]             [DEBUG]    |   asset_directory: config/assets                                                                   |
[2026-08-13 00:14:44,288] [config.py:313]             [DEBUG]    |   asset_folders: true                                                                              |
[2026-08-13 00:14:44,288] [config.py:313]             [DEBUG]    |   asset_depth: 2                                                                                   |
[2026-08-13 00:14:44,288] [config.py:313]             [DEBUG]    |   create_asset_folders: false                                                                      |
[2026-08-13 00:14:44,288] [config.py:313]             [DEBUG]    |   prioritize_assets: false                                                                         |
[2026-08-13 00:14:44,289] [config.py:313]             [DEBUG]    |   dimensional_asset_rename: false                                                                  |
[2026-08-13 00:14:44,289] [config.py:313]             [DEBUG]    |   download_url_assets: true                                                                        |
[2026-08-13 00:14:44,289] [config.py:313]             [DEBUG]    |   show_missing_season_assets: false                                                                |
[2026-08-13 00:14:44,289] [config.py:313]             [DEBUG]    |   show_missing_episode_assets: false                                                               |
[2026-08-13 00:14:44,289] [config.py:313]             [DEBUG]    |   show_asset_not_needed: true                                                                      |
[2026-08-13 00:14:44,290] [config.py:313]             [DEBUG]    |   sync_mode: append                                                                                |
[2026-08-13 00:14:44,290] [config.py:313]             [DEBUG]    |   minimum_items: 2                                                                                 |
[2026-08-13 00:14:44,290] [config.py:313]             [DEBUG]    |   default_collection_order:                                                                        |
[2026-08-13 00:14:44,290] [config.py:313]             [DEBUG]    |   delete_below_minimum: true                                                                       |
[2026-08-13 00:14:44,292] [config.py:313]             [DEBUG]    |   delete_not_scheduled: false                                                                      |
[2026-08-13 00:14:44,292] [config.py:313]             [DEBUG]    |   run_again_delay: 2                                                                               |
[2026-08-13 00:14:44,292] [config.py:313]             [DEBUG]    |   missing_only_released: false                                                                     |
[2026-08-13 00:14:44,292] [config.py:313]             [DEBUG]    |   only_filter_missing: false                                                                       |
[2026-08-13 00:14:44,293] [config.py:313]             [DEBUG]    |   show_unmanaged: true                                                                             |
[2026-08-13 00:14:44,293] [config.py:313]             [DEBUG]    |   show_unconfigured: true                                                                          |
[2026-08-13 00:14:44,293] [config.py:313]             [DEBUG]    |   show_filtered: false                                                                             |
[2026-08-13 00:14:44,293] [config.py:313]             [DEBUG]    |   show_options: true                                                                               |
[2026-08-13 00:14:44,293] [config.py:313]             [DEBUG]    |   show_missing: true                                                                               |
[2026-08-13 00:14:44,294] [config.py:313]             [DEBUG]    |   show_missing_assets: true                                                                        |
[2026-08-13 00:14:44,294] [config.py:313]             [DEBUG]    |   save_report: false                                                                               |
[2026-08-13 00:14:44,294] [config.py:313]             [DEBUG]    |   tvdb_language: eng                                                                               |
[2026-08-13 00:14:44,294] [config.py:313]             [DEBUG]    |   ignore_ids:                                                                                      |
[2026-08-13 00:14:44,295] [config.py:313]             [DEBUG]    |   ignore_imdb_ids:                                                                                 |
[2026-08-13 00:14:44,295] [config.py:313]             [DEBUG]    |   item_refresh_delay: 0                                                                            |
[2026-08-13 00:14:44,295] [config.py:313]             [DEBUG]    |   playlist_sync_to_users:                                                                          |
[2026-08-13 00:14:44,295] [config.py:313]             [DEBUG]    |   playlist_exclude_users:                                                                          |
[2026-08-13 00:14:44,295] [config.py:313]             [DEBUG]    |   playlist_report: false                                                                           |
[2026-08-13 00:14:44,296] [config.py:313]             [DEBUG]    |   verify_ssl: false                                                                                |
[2026-08-13 00:14:44,296] [config.py:313]             [DEBUG]    |   custom_repo:                                                                                     |
[2026-08-13 00:14:44,296] [config.py:313]             [DEBUG]    |   overlay_artwork_filetype: jpg                                                                    |
[2026-08-13 00:14:44,296] [config.py:313]             [DEBUG]    |   overlay_artwork_quality: 75                                                                      |
[2026-08-13 00:14:44,296] [config.py:313]             [DEBUG]    |   show_unfiltered: false                                                                           |
[2026-08-13 00:14:44,297] [config.py:313]             [DEBUG]    |   auto_sort_hubs:                                                                                  |
[2026-08-13 00:14:44,297] [config.py:313]             [DEBUG]    | webhooks:                            # Can be individually specified per library as well           |
[2026-08-13 00:14:44,297] [config.py:313]             [DEBUG]    |   error: (redacted)                                                                                |
[2026-08-13 00:14:44,297] [config.py:313]             [DEBUG]    |   version:                                                                                         |
[2026-08-13 00:14:44,298] [config.py:313]             [DEBUG]    |   run_start:                                                                                       |
[2026-08-13 00:14:44,298] [config.py:313]             [DEBUG]    |   run_end:                                                                                         |
[2026-08-13 00:14:44,298] [config.py:313]             [DEBUG]    |   changes:                                                                                         |
[2026-08-13 00:14:44,298] [config.py:313]             [DEBUG]    |   delete:                                                                                          |
[2026-08-13 00:14:44,298] [config.py:313]             [DEBUG]    | plex:                                # Can be individually specified per library as well; REQUIRED for the script to run |
[2026-08-13 00:14:44,299] [config.py:313]             [DEBUG]    |   url: (redacted)                                                                                  |
[2026-08-13 00:14:44,299] [config.py:313]             [DEBUG]    |   token: (redacted)                                                                                |
[2026-08-13 00:14:44,299] [config.py:313]             [DEBUG]    |   timeout: 60                                                                                      |
[2026-08-13 00:14:44,299] [config.py:313]             [DEBUG]    |   db_cache:                                                                                        |
[2026-08-13 00:14:44,300] [config.py:313]             [DEBUG]    |   clean_bundles: false                                                                             |
[2026-08-13 00:14:44,300] [config.py:313]             [DEBUG]    |   empty_trash: false                                                                               |
[2026-08-13 00:14:44,300] [config.py:313]             [DEBUG]    |   optimize: false                                                                                  |
[2026-08-13 00:14:44,300] [config.py:313]             [DEBUG]    |   verify_ssl:                                                                                      |
[2026-08-13 00:14:44,300] [config.py:313]             [DEBUG]    | tmdb:                                # REQUIRED for the script to run                              |
[2026-08-13 00:14:44,301] [config.py:313]             [DEBUG]    |   apikey: (redacted)                                                                               |
[2026-08-13 00:14:44,301] [config.py:313]             [DEBUG]    |   language: en                                                                                     |
[2026-08-13 00:14:44,301] [config.py:313]             [DEBUG]    |   cache_expiration: 60                                                                             |
[2026-08-13 00:14:44,301] [config.py:313]             [DEBUG]    |   region:                                                                                          |
[2026-08-13 00:14:44,301] [config.py:313]             [DEBUG]    | tautulli:                            # Can be individually specified per library as well           |
[2026-08-13 00:14:44,302] [config.py:313]             [DEBUG]    |   url: (redacted)                                                                                  |
[2026-08-13 00:14:44,302] [config.py:313]             [DEBUG]    |   apikey: (redacted)                                                                               |
[2026-08-13 00:14:44,302] [config.py:313]             [DEBUG]    | github:                                                                                            |
[2026-08-13 00:14:44,302] [config.py:313]             [DEBUG]    |   token: (redacted)                                                                                |
[2026-08-13 00:14:44,303] [config.py:313]             [DEBUG]    | omdb:                                                                                              |
[2026-08-13 00:14:44,303] [config.py:313]             [DEBUG]    |   apikey: (redacted)                                                                               |
[2026-08-13 00:14:44,303] [config.py:313]             [DEBUG]    |   cache_expiration: 60                                                                             |
[2026-08-13 00:14:44,303] [config.py:313]             [DEBUG]    | mdblist:                                                                                           |
[2026-08-13 00:14:44,303] [config.py:313]             [DEBUG]    |   apikey: (redacted)                                                                               |
[2026-08-13 00:14:44,304] [config.py:313]             [DEBUG]    |   cache_expiration: 60                                                                             |
[2026-08-13 00:14:44,304] [config.py:313]             [DEBUG]    | notifiarr:                                                                                         |
[2026-08-13 00:14:44,304] [config.py:313]             [DEBUG]    |   apikey: (redacted)                                                                               |
[2026-08-13 00:14:44,304] [config.py:313]             [DEBUG]    | gotify:                                                                                            |
[2026-08-13 00:14:44,304] [config.py:313]             [DEBUG]    |   url: (redacted)                                                                                  |
[2026-08-13 00:14:44,305] [config.py:313]             [DEBUG]    |   token: (redacted)                                                                                |
[2026-08-13 00:14:44,305] [config.py:313]             [DEBUG]    | anidb:                               # Not required for AniDB builders unless you want mature content |
[2026-08-13 00:14:44,305] [config.py:313]             [DEBUG]    | #  username: (redacted)                                                                            |
[2026-08-13 00:14:44,305] [config.py:313]             [DEBUG]    | #  password: (redacted)                                                                            |
[2026-08-13 00:14:44,306] [config.py:313]             [DEBUG]    | #  client: (redacted)                                                                              |
[2026-08-13 00:14:44,306] [config.py:313]             [DEBUG]    | #  version: (redacted)                                                                             |
[2026-08-13 00:14:44,306] [config.py:313]             [DEBUG]    |   language: en                                                                                     |
[2026-08-13 00:14:44,306] [config.py:313]             [DEBUG]    |   cache_expiration: 60                                                                             |
[2026-08-13 00:14:44,307] [config.py:313]             [DEBUG]    |   enable_mature: true                                                                              |
[2026-08-13 00:14:44,307] [config.py:313]             [DEBUG]    | #radarr:                              # Can be individually specified per library as well          |
[2026-08-13 00:14:44,307] [config.py:313]             [DEBUG]    | #  url: (redacted)                                                                                 |
[2026-08-13 00:14:44,307] [config.py:313]             [DEBUG]    | #  token: (redacted)                                                                               |
[2026-08-13 00:14:44,307] [config.py:313]             [DEBUG]    | #  add_missing: false                                                                              |
[2026-08-13 00:14:44,308] [config.py:313]             [DEBUG]    | #  add_existing: false                                                                             |
[2026-08-13 00:14:44,308] [config.py:313]             [DEBUG]    | #  upgrade_existing: false                                                                         |
[2026-08-13 00:14:44,308] [config.py:313]             [DEBUG]    | #  monitor_existing: false                                                                         |
[2026-08-13 00:14:44,308] [config.py:313]             [DEBUG]    | #  root_folder_path: S:/Movies                                                                     |
[2026-08-13 00:14:44,308] [config.py:313]             [DEBUG]    | #  monitor: true                                                                                   |
[2026-08-13 00:14:44,309] [config.py:313]             [DEBUG]    | #  availability: announced                                                                         |
[2026-08-13 00:14:44,309] [config.py:313]             [DEBUG]    | #  quality_profile: HD-1080p                                                                       |
[2026-08-13 00:14:44,309] [config.py:313]             [DEBUG]    | #  tag:                                                                                            |
[2026-08-13 00:14:44,309] [config.py:313]             [DEBUG]    | #  search: false                                                                                   |
[2026-08-13 00:14:44,309] [config.py:313]             [DEBUG]    | #  radarr_path:                                                                                    |
[2026-08-13 00:14:44,310] [config.py:313]             [DEBUG]    | #  plex_path:                                                                                      |
[2026-08-13 00:14:44,310] [config.py:313]             [DEBUG]    | #  ignore_cache: false                                                                             |
[2026-08-13 00:14:44,310] [config.py:313]             [DEBUG]    | #sonarr:                              # Can be individually specified per library as well          |
[2026-08-13 00:14:44,310] [config.py:313]             [DEBUG]    | #  url: (redacted)                                                                                 |
[2026-08-13 00:14:44,311] [config.py:313]             [DEBUG]    | #  token: (redacted)                                                                               |
[2026-08-13 00:14:44,311] [config.py:313]             [DEBUG]    | #  add_missing: false                                                                              |
[2026-08-13 00:14:44,311] [config.py:313]             [DEBUG]    | #  add_existing: false                                                                             |
[2026-08-13 00:14:44,311] [config.py:313]             [DEBUG]    | #  upgrade_existing: false                                                                         |
[2026-08-13 00:14:44,311] [config.py:313]             [DEBUG]    | #  monitor_existing: false                                                                         |
[2026-08-13 00:14:44,312] [config.py:313]             [DEBUG]    | #  root_folder_path:                                                                               |
[2026-08-13 00:14:44,312] [config.py:313]             [DEBUG]    | #  monitor: all                                                                                    |
[2026-08-13 00:14:44,312] [config.py:313]             [DEBUG]    | #  quality_profile: HD - 720p/1090p                                                                |
[2026-08-13 00:14:44,312] [config.py:313]             [DEBUG]    | #  language_profile: English                                                                       |
[2026-08-13 00:14:44,312] [config.py:313]             [DEBUG]    | #  series_type: standard                                                                           |
[2026-08-13 00:14:44,313] [config.py:313]             [DEBUG]    | #  season_folder: true                                                                             |
[2026-08-13 00:14:44,314] [config.py:313]             [DEBUG]    | #  tag: kometa                                                                                     |
[2026-08-13 00:14:44,314] [config.py:313]             [DEBUG]    | #  search: false                                                                                   |
[2026-08-13 00:14:44,315] [config.py:313]             [DEBUG]    | #  cutoff_search: false                                                                            |
[2026-08-13 00:14:44,315] [config.py:313]             [DEBUG]    | #  sonarr_path:                                                                                    |
[2026-08-13 00:14:44,315] [config.py:313]             [DEBUG]    | #  plex_path:                                                                                      |
[2026-08-13 00:14:44,315] [config.py:313]             [DEBUG]    | #  ignore_cache: false                                                                             |
[2026-08-13 00:14:44,315] [config.py:313]             [DEBUG]    | #trakt:                                                                                            |
[2026-08-13 00:14:44,316] [config.py:313]             [DEBUG]    | #  client_id: (redacted)                                                                           |
[2026-08-13 00:14:44,316] [config.py:313]             [DEBUG]    | #  client_secret: (redacted)                                                                       |
[2026-08-13 00:14:44,316] [config.py:313]             [DEBUG]    | #  pin:                                                                                            |
[2026-08-13 00:14:44,316] [config.py:313]             [DEBUG]    | #  authorization:                                                                                  |
[2026-08-13 00:14:44,317] [config.py:313]             [DEBUG]    | #    # everything below is autofilled by the script                                                |
[2026-08-13 00:14:44,317] [config.py:313]             [DEBUG]    | #    access_token: (redacted)                                                                      |
[2026-08-13 00:14:44,317] [config.py:313]             [DEBUG]    | #    token_type: Bearer                                                                            |
[2026-08-13 00:14:44,317] [config.py:313]             [DEBUG]    | #    expires_in: 7889237                                                                           |
[2026-08-13 00:14:44,317] [config.py:313]             [DEBUG]    | #    refresh_token: (redacted)                                                                     |
[2026-08-13 00:14:44,318] [config.py:313]             [DEBUG]    | #    scope: public                                                                                 |
[2026-08-13 00:14:44,318] [config.py:313]             [DEBUG]    | #    created_at: 1780214406                                                                        |
[2026-08-13 00:14:44,318] [config.py:313]             [DEBUG]    | #  force_refresh:                                                                                  |
[2026-08-13 00:14:44,318] [config.py:313]             [DEBUG]    | mal:                                                                                               |
[2026-08-13 00:14:44,318] [config.py:313]             [DEBUG]    |   client_id: (redacted)                                                                            |
[2026-08-13 00:14:44,319] [config.py:313]             [DEBUG]    |   client_secret: (redacted)                                                                        |
[2026-08-13 00:14:44,319] [config.py:313]             [DEBUG]    |   authorization:                                                                                   |
[2026-08-13 00:14:44,319] [config.py:313]             [DEBUG]    |     # everything below is autofilled by the script                                                 |
[2026-08-13 00:14:44,319] [config.py:313]             [DEBUG]    |     access_token: (redacted)                                                                       |
[2026-08-13 00:14:44,319] [config.py:313]             [DEBUG]    |     token_type: Bearer                                                                             |
[2026-08-13 00:14:44,320] [config.py:313]             [DEBUG]    |     expires_in: 2678400                                                                            |
[2026-08-13 00:14:44,320] [config.py:313]             [DEBUG]    |     refresh_token: (redacted)                                                                      |
[2026-08-13 00:14:44,320] [config.py:313]             [DEBUG]    |   localhost_url:                                                                                   |
[2026-08-13 00:14:44,320] [config.py:313]             [DEBUG]    |   cache_expiration: 60                                                                             |
[2026-08-13 00:14:44,321] [config.py:320]             [DEBUG]    |                                                                                                    |
[2026-08-13 00:14:44,337] [config.py:938]             [INFO]     |====================================================================================================|
[2026-08-13 00:14:44,342] [cache.py:37]               [INFO]     | Initializing cache database at C:\Utilities\Kometa\Kometa\config\config.cache                      |
[2026-08-13 00:14:44,343] [github.py:20]              [INFO]     |====================================================================================================|
[2026-08-13 00:14:44,343] [github.py:21]              [INFO]     | Connecting to GitHub...                                                                            |
[2026-08-13 00:14:44,628] [github.py:26]              [INFO]     | GitHub token validated successfully. Authenticated as Extremity                                    |
[2026-08-13 00:14:44,628] [config.py:945]             [INFO]     |====================================================================================================|
[2026-08-13 00:14:44,629] [config.py:949]             [INFO]     | Connecting to Notifiarr...                                                                         |
[2026-08-13 00:14:44,629] [config.py:954]             [WARNING]  | Config Error: notifiarr sub-attribute apikey is blank                                              |
[2026-08-13 00:14:44,630] [config.py:958]             [INFO]     | Notifiarr Connection Failed                                                                        |
[2026-08-13 00:14:44,630] [config.py:964]             [INFO]     | Connecting to Gotify...                                                                            |
[2026-08-13 00:14:44,643] [gotify.py:17]              [INFO]     | Gotify Version: 2.9.1                                                                              |
[2026-08-13 00:14:44,643] [config.py:979]             [INFO]     | Gotify Connection Successful                                                                       |
[2026-08-13 00:14:44,643] [config.py:1003]            [INFO]     | ntfy attribute not found                                                                           |
[2026-08-13 00:14:44,644] [config.py:1021]            [INFO]     | apprise attribute not found                                                                        |
[2026-08-13 00:14:44,644] [config.py:1041]            [INFO]     |====================================================================================================|
[2026-08-13 00:14:44,644] [config.py:1046]            [INFO]     | Connecting to TMDb...                                                                              |
[2026-08-13 00:14:44,786] [config.py:1058]            [INFO]     | TMDb Connection Successful                                                                         |
[2026-08-13 00:14:44,787] [config.py:1062]            [INFO]     |====================================================================================================|
[2026-08-13 00:14:44,787] [config.py:1066]            [INFO]     | Connecting to OMDb...                                                                              |
[2026-08-13 00:14:44,788] [omdb.py:77]                [TRACE]    | IMDb ID: tt0080684                                                                                 |
[2026-08-13 00:14:44,880] [config.py:1081]            [INFO]     | OMDb Connection Successful                                                                         |
[2026-08-13 00:14:44,880] [config.py:1085]            [INFO]     |====================================================================================================|
[2026-08-13 00:14:44,881] [config.py:1089]            [INFO]     | Connecting to MDBList...                                                                           |
[2026-08-13 00:14:46,173] [mdblist.py:123]            [TRACE]    | MDB response: {'api_requests': 1000, 'api_requests_count': 1, 'user_id': 15963, 'username': 'extremity', 'name': 'Anthony Tomasino', 'avatar_url': 'https://secure.gravatar.com/avatar/f22296aa9d2add3040b5ecc244685548?d=https%3A%2F%2Fmedia.trakt.tv%2Fhotlink-ok%2Fplaceholders%2Fmedium%2Ffry.png&r=pg&s=256', 'date_joined': '2022-01-22T05:40:49.000Z', 'patron_status': None, 'patreon_pledge': None, 'reward_tier': 0, 'is_supporter': False, 'supporter_source': [], 'plan': 'Free', 'store_account_token': '307f44a5-2bbe-4f43-8df9-07db3ccff1e2', 'limits': {'lists': 4, 'lists_items': 10000, 'external_lists': 1, 'ai_lists': 0, 'catalog_queries': 4, 'favorite_people': 20, 'catalog_queries_used': 0, 'catalog_queries_remaining': 4, 'catalog_queries_first_expires_at': None}, 'rate_limit': 1000, 'rate_limit_remaining': 999, 'rate_limit_reset': 1786665600, 'auth_method': 'apikey'} |
[2026-08-13 00:14:46,174] [mdblist.py:126]            [INFO]     | Supporter Key: False                                                                               |
[2026-08-13 00:14:46,174] [mdblist.py:132]            [INFO]     | MDBList Connection Verified (Supporter: False)                                                     |
[2026-08-13 00:14:46,175] [mdblist.py:133]            [INFO]     | Patron Status: None                                                                                |
[2026-08-13 00:14:46,175] [mdblist.py:134]            [INFO]     | Daily API Requests: 1000                                                                           |
[2026-08-13 00:14:46,175] [mdblist.py:135]            [INFO]     | API Requests Used Today: 1                                                                         |
[2026-08-13 00:14:46,176] [mdblist.py:193]            [TRACE]    | ID: tt0080684                                                                                      |
[2026-08-13 00:14:47,332] [config.py:1095]            [INFO]     | MDBList Connection Successful                                                                      |
[2026-08-13 00:14:47,333] [config.py:1105]            [INFO]     |====================================================================================================|
[2026-08-13 00:14:47,333] [config.py:1107]            [INFO]     | Connecting to Trakt in public mode...                                                              |
[2026-08-13 00:14:47,441] [config.py:1126]            [INFO]     | Trakt Connection Successful                                                                        |
[2026-08-13 00:14:47,441] [config.py:1128]            [INFO]     |====================================================================================================|
[2026-08-13 00:14:47,442] [config.py:1132]            [INFO]     | Connecting to My Anime List...                                                                     |
[2026-08-13 00:14:47,442] [mal.py:210]                [TRACE]    | URL: https://api.myanimelist.net/v2/anime/suggestions                                              |
[2026-08-13 00:14:47,830] [mal.py:213]                [TRACE]    | Response: {'data': [{'node': {'id': 9130, 'title': 'Saint Seiya: The Lost Canvas - Meiou Shinwa 2', 'main_picture': {'medium': 'https://cdn.myanimelist.net/images/anime/12/29597.jpg', 'large': 'https://cdn.myanimelist.net/images/anime/12/29597l.jpg'}}}, {'node': {'id': 30503, 'title': 'Noragami Aragoto', 'main_picture': {'medium': 'https://cdn.myanimelist.net/images/anime/1689/94850.webp', 'large': 'https://cdn.myanimelist.net/images/anime/1689/94850l.webp'}}}, {'node': {'id': 44940, 'title': 'World Trigger 3rd Season', 'main_picture': {'medium': 'https://cdn.myanimelist.net/images/anime/1617/117474.jpg', 'large': 'https://cdn.myanimelist.net/images/anime/1617/117474l.jpg'}}}, {'node': {'id': 63832, 'title': 'Seihantai na Kimi to Boku 2nd Season', 'main_picture': {'medium': 'https://cdn.myanimelist.net/images/anime/1143/158409.webp', 'large': 'https://cdn.myanimelist.net/images/anime/1143/158409l.webp'}}}, {'node': {'id': 61483, 'title': 'Tenmaku no Jaadugar', 'main_picture': {'medium': 'https://cdn.myanimelist.net/images/anime/1098/158891.jpg', 'large': 'https://cdn.myanimelist.net/images/anime/1098/158891l.jpg'}}}, {'node': {'id': 59845, 'title': 'Kaoru Hana wa Rin to Saku', 'main_picture': {'medium': 'https://cdn.myanimelist.net/images/anime/1744/150433.jpg', 'large': 'https://cdn.myanimelist.net/images/anime/1744/150433l.jpg'}}}, {'node': {'id': 41361, 'title': 'Eiga Daisuki Pompo-san', 'main_picture': {'medium': 'https://cdn.myanimelist.net/images/anime/1210/119193.jpg', 'large': 'https://cdn.myanimelist.net/images/anime/1210/119193l.jpg'}}}, {'node': {'id': 39533, 'title': 'Given', 'main_picture': {'medium': 'https://cdn.myanimelist.net/images/anime/1666/102238.webp', 'large': 'https://cdn.myanimelist.net/images/anime/1666/102238l.webp'}}}, {'node': {'id': 59229, 'title': 'Enen no Shouboutai: San no Shou Part 2', 'main_picture': {'medium': 'https://cdn.myanimelist.net/images/anime/1508/152472.webp', 'large': 'https://cdn.myanimelist.net/images/anime/1508/152472l.webp'}}}, {'node': {'id': 3226, 'title': 'Major S4', 'main_picture': {'medium': 'https://cdn.myanimelist.net/images/anime/9/75217.webp', 'large': 'https://cdn.myanimelist.net/images/anime/9/75217l.webp'}}}], 'paging': {'next': 'https://api.myanimelist.net/v2/anime/suggestions?offset=10'}} |
[2026-08-13 00:14:47,831] [config.py:1152]            [INFO]     | My Anime List Connection Successful                                                                |
[2026-08-13 00:14:47,832] [config.py:1157]            [INFO]     |====================================================================================================|
[2026-08-13 00:14:47,832] [config.py:1158]            [INFO]     | Connecting to AniDB...                                                                             |
[2026-08-13 00:14:47,833] [anidb.py:59]               [INFO]     | Using cached Master Title List from AniDB.                                                         |
[2026-08-13 00:14:48,412] [config.py:1176]            [INFO]     | AniDB API Connection Successful                                                                    |
[2026-08-13 00:14:48,412] [config.py:1178]            [INFO]     |====================================================================================================|
[2026-08-13 00:14:48,413] [config.py:1183]            [INFO]     | playlist_files attribute not found                                                                 |
[2026-08-13 00:14:48,550] [config.py:1233]            [INFO]     | serializd attribute not found                                                                      |
[2026-08-13 00:14:48,550] [config.py:1256]            [INFO]     | floppy attribute not found                                                                         |
[2026-08-13 00:14:48,551] [config.py:1258]            [INFO]     |====================================================================================================|
[2026-08-13 00:14:48,551] [config.py:1280]            [INFO]     | yamtrack attribute not found                                                                       |
[2026-08-13 00:14:48,551] [config.py:1282]            [INFO]     |====================================================================================================|
[2026-08-13 00:14:48,552] [config.py:1284]            [INFO]     | Connecting to Plex Libraries...                                                                    |
[2026-08-13 00:14:48,552] [config.py:1375]            [INFO]     |====================================================================================================|
[2026-08-13 00:14:48,552] [config.py:1375]            [INFO]     |                                       TV Shows Configuration                                       |
[2026-08-13 00:14:48,553] [config.py:1375]            [INFO]     |====================================================================================================|
[2026-08-13 00:14:48,553] [config.py:1376]            [INFO]     |                                                                                                    |
[2026-08-13 00:14:48,553] [config.py:1377]            [INFO]     | Connecting to TV Shows Library...                                                                  |
[2026-08-13 00:14:48,553] [config.py:2004]            [INFO]     |                                                                                                    |
[2026-08-13 00:14:48,554] [config.py:2005]            [INFO]     | Reading in Overlay Files                                                                           |
[2026-08-13 00:14:48,554] [util.py:492]               [INFO]     |                                                                                                    |
[2026-08-13 00:14:48,554] [util.py:498]               [INFO]     | Reading file: config/MyOverlaysTV.yml                                                              |
[2026-08-13 00:14:48,555] [config.py:2089]            [INFO]     |                                                                                                    |
[2026-08-13 00:14:48,555] [config.py:2090]            [INFO]     |======================================== Plex Configuration ========================================|
[2026-08-13 00:14:48,555] [library.py:201]            [INFO]     |                                                                                                    |
[2026-08-13 00:14:48,556] [library.py:203]            [INFO]     | Using Asset Directory: config/assets                                                               |
[2026-08-13 00:14:48,565] [plex.py:826]               [INFO]     | Connected to server Server in the Closet version 1.43.3.10828-00f62d37d                            |
[2026-08-13 00:14:48,565] [plex.py:827]               [INFO]     | Running on Windows version 10.0 (Build 19045)                                                      |
[2026-08-13 00:14:48,577] [plex.py:831]               [INFO]     | Plex DB cache setting: 4096 MB                                                                     |
[2026-08-13 00:14:48,577] [plex.py:848]               [INFO]     | PlexPass: True on Public update channel.                                                           |
[2026-08-13 00:14:48,577] [plex.py:850]               [INFO]     | Scheduled maintenance running between 3:00 and 7:00                                                |
[2026-08-13 00:14:48,586] [plex.py:902]               [INFO]     | Connected to library TV Shows                                                                      |
[2026-08-13 00:14:48,587] [plex.py:903]               [INFO]     | Type: Show                                                                                         |
[2026-08-13 00:14:48,587] [plex.py:904]               [INFO]     | Agent: tv.plex.agents.series                                                                       |
[2026-08-13 00:14:48,587] [plex.py:905]               [INFO]     | Scanner: Plex TV Series                                                                            |
[2026-08-13 00:14:48,587] [plex.py:906]               [INFO]     | Ratings Source: N/A                                                                                |
[2026-08-13 00:14:48,588] [config.py:2156]            [INFO]     |                                                                                                    |
[2026-08-13 00:14:48,588] [config.py:2157]            [INFO]     | TV Shows Library Connection Successful                                                             |
[2026-08-13 00:14:48,588] [config.py:2158]            [INFO]     |                                                                                                    |
[2026-08-13 00:14:48,589] [config.py:2159]            [INFO]     |========================================== Scanning Files ==========================================|
[2026-08-13 00:14:48,589] [meta.py:77]                [INFO]     |                                                                                                    |
[2026-08-13 00:14:48,589] [meta.py:78]                [INFO]     |====================================================================================================|
[2026-08-13 00:14:48,589] [meta.py:78]                [INFO]     |                        Loading Overlay File 0 File: config/MyOverlaysTV.yml                        |
[2026-08-13 00:14:48,590] [meta.py:78]                [INFO]     |====================================================================================================|
[2026-08-13 00:14:48,590] [meta.py:79]                [INFO]     |                                                                                                    |
[2026-08-13 00:14:48,601] [meta.py:172]               [DEBUG]    | File Loaded From: C:\Utilities\Kometa\Kometa\config\MyOverlaysTV.yml                               |
[2026-08-13 00:14:48,601] [meta.py:2510]              [INFO]     | Overlay File Loaded Successfully                                                                   |
[2026-08-13 00:14:48,602] [config.py:2482]            [INFO]     |                                                                                                    |
[2026-08-13 00:14:48,602] [config.py:2483]            [INFO]     |====================================== Tautulli Configuration ======================================|
[2026-08-13 00:14:48,602] [config.py:2484]            [INFO]     |                                                                                                    |
[2026-08-13 00:14:48,603] [config.py:2485]            [INFO]     | Connecting to TV Shows library's Tautulli...                                                       |
[2026-08-13 00:14:48,603] [config.py:2486]            [INFO]     |                                                                                                    |
[2026-08-13 00:14:48,603] [tautulli.py:67]            [TRACE]    | Tautulli CMD: get_tautulli_info                                                                    |
[2026-08-13 00:14:48,631] [config.py:2523]            [INFO]     | TV Shows library's Tautulli Connection Successful                                                  |
[2026-08-13 00:14:48,631] [config.py:2564]            [INFO]     |                                                                                                    |
[2026-08-13 00:14:48,632] [config.py:1375]            [INFO]     |====================================================================================================|
[2026-08-13 00:14:48,632] [config.py:1375]            [INFO]     |                                        Movies Configuration                                        |
[2026-08-13 00:14:48,632] [config.py:1375]            [INFO]     |====================================================================================================|
[2026-08-13 00:14:48,633] [config.py:1376]            [INFO]     |                                                                                                    |
[2026-08-13 00:14:48,633] [config.py:1377]            [INFO]     | Connecting to Movies Library...                                                                    |
[2026-08-13 00:14:48,633] [config.py:1693]            [INFO]     |===================================== Operation Configuration ======================================|
[2026-08-13 00:14:48,633] [config.py:1707]            [INFO]     |                                                                                                    |
[2026-08-13 00:14:48,633] [config.py:1708]            [INFO]     | Operation 1/1                                                                                      |
[2026-08-13 00:14:48,634] [config.py:1710]            [INFO]     |     mass_user_rating_update: imdb                                                                  |
[2026-08-13 00:14:48,634] [config.py:2004]            [INFO]     |                                                                                                    |
[2026-08-13 00:14:48,634] [config.py:2005]            [INFO]     | Reading in Overlay Files                                                                           |
[2026-08-13 00:14:48,635] [util.py:492]               [INFO]     |                                                                                                    |
[2026-08-13 00:14:48,635] [util.py:498]               [INFO]     | Reading default: ribbon                                                                            |
[2026-08-13 00:14:48,635] [util.py:492]               [INFO]     |                                                                                                    |
[2026-08-13 00:14:48,635] [util.py:498]               [INFO]     | Reading default: ratings                                                                           |
[2026-08-13 00:14:48,636] [util.py:537]               [INFO]     | Template Variables: {'rating1': 'critic', 'rating1_image': 'rt_tomato', 'rating2': 'audience', 'rating2_image': 'rt_popcorn', 'rating3': 'user', 'rating3_image': 'imdb'} |
[2026-08-13 00:14:48,636] [config.py:2089]            [INFO]     |                                                                                                    |
[2026-08-13 00:14:48,636] [config.py:2090]            [INFO]     |======================================== Plex Configuration ========================================|
[2026-08-13 00:14:48,637] [library.py:201]            [INFO]     |                                                                                                    |
[2026-08-13 00:14:48,637] [library.py:203]            [INFO]     | Using Asset Directory: config/assets                                                               |
[2026-08-13 00:14:48,639] [plex.py:826]               [INFO]     | Connected to server Server in the Closet version 1.43.3.10828-00f62d37d                            |
[2026-08-13 00:14:48,640] [plex.py:827]               [INFO]     | Running on Windows version 10.0 (Build 19045)                                                      |
[2026-08-13 00:14:48,655] [plex.py:831]               [INFO]     | Plex DB cache setting: 4096 MB                                                                     |
[2026-08-13 00:14:48,655] [plex.py:848]               [INFO]     | PlexPass: True on Public update channel.                                                           |
[2026-08-13 00:14:48,655] [plex.py:850]               [INFO]     | Scheduled maintenance running between 3:00 and 7:00                                                |
[2026-08-13 00:14:48,663] [plex.py:902]               [INFO]     | Connected to library Movies                                                                        |
[2026-08-13 00:14:48,663] [plex.py:903]               [INFO]     | Type: Movie                                                                                        |
[2026-08-13 00:14:48,664] [plex.py:904]               [INFO]     | Agent: tv.plex.agents.movie                                                                        |
[2026-08-13 00:14:48,664] [plex.py:905]               [INFO]     | Scanner: Plex Movie                                                                                |
[2026-08-13 00:14:48,664] [plex.py:906]               [INFO]     | Ratings Source: Rotten Tomatoes                                                                    |
[2026-08-13 00:14:48,664] [config.py:2156]            [INFO]     |                                                                                                    |
[2026-08-13 00:14:48,664] [config.py:2157]            [INFO]     | Movies Library Connection Successful                                                               |
[2026-08-13 00:14:48,665] [config.py:2158]            [INFO]     |                                                                                                    |
[2026-08-13 00:14:48,665] [config.py:2159]            [INFO]     |========================================== Scanning Files ==========================================|
[2026-08-13 00:14:48,665] [meta.py:77]                [INFO]     |                                                                                                    |
[2026-08-13 00:14:48,665] [meta.py:78]                [INFO]     |====================================================================================================|
[2026-08-13 00:14:48,665] [meta.py:78]                [INFO]     |                               Loading Overlay File 0 Default: ribbon                               |
[2026-08-13 00:14:48,666] [meta.py:78]                [INFO]     |====================================================================================================|
[2026-08-13 00:14:48,666] [meta.py:79]                [INFO]     |                                                                                                    |
[2026-08-13 00:14:48,694] [meta.py:172]               [DEBUG]    | File Loaded From: C:\Utilities\Kometa\Kometa\defaults\overlays\ribbon.yml                          |
[2026-08-13 00:14:48,695] [util.py:492]               [INFO]     |                                                                                                    |
[2026-08-13 00:14:48,695] [util.py:498]               [INFO]     | Reading default: templates                                                                         |
[2026-08-13 00:14:48,695] [util.py:537]               [INFO]     | Template Variables: {'default': {'style': 'yellow'}, 'conditionals': {'final_style': {'default': 'yellow', 'conditions': [{'style': 'gray', 'value': 'gray'}, {'style': 'black', 'value': 'black'}, {'style': 'red', 'value': 'red'}]}, 'default': {'conditions': [{'file.exists': False, 'file_<<key>>.exists': False, 'url.exists': False, 'url_<<key>>.exists': False, 'git.exists': False, 'git_<<key>>.exists': False, 'repo.exists': False, 'repo_<<key>>.exists': False, 'value': 'ribbon/<<final_style>>/<<key>>'}]}}, 'group': 'ribbon', 'horizontal_offset': 0, 'horizontal_align': 'right', 'vertical_offset': 0, 'vertical_align': 'bottom'} |
[2026-08-13 00:14:48,711] [meta.py:172]               [DEBUG]    | File Loaded From: C:\Utilities\Kometa\Kometa\defaults\overlays\templates.yml                       |
[2026-08-13 00:14:48,711] [meta.py:2510]              [INFO]     | Overlay File Loaded Successfully                                                                   |
[2026-08-13 00:14:48,711] [meta.py:77]                [INFO]     |                                                                                                    |
[2026-08-13 00:14:48,712] [meta.py:78]                [INFO]     |====================================================================================================|
[2026-08-13 00:14:48,712] [meta.py:78]                [INFO]     |                              Loading Overlay File 1 Default: ratings                               |
[2026-08-13 00:14:48,712] [meta.py:78]                [INFO]     |====================================================================================================|
[2026-08-13 00:14:48,713] [meta.py:79]                [INFO]     |                                                                                                    |
[2026-08-13 00:14:48,775] [meta.py:172]               [DEBUG]    | File Loaded From: C:\Utilities\Kometa\Kometa\defaults\overlays\ratings.yml                         |
[2026-08-13 00:14:48,775] [meta.py:2510]              [INFO]     | Overlay File Loaded Successfully                                                                   |
[2026-08-13 00:14:48,776] [config.py:2482]            [INFO]     |                                                                                                    |
[2026-08-13 00:14:48,776] [config.py:2483]            [INFO]     |====================================== Tautulli Configuration ======================================|
[2026-08-13 00:14:48,776] [config.py:2484]            [INFO]     |                                                                                                    |
[2026-08-13 00:14:48,777] [config.py:2485]            [INFO]     | Connecting to Movies library's Tautulli...                                                         |
[2026-08-13 00:14:48,777] [config.py:2486]            [INFO]     |                                                                                                    |
[2026-08-13 00:14:48,777] [tautulli.py:67]            [TRACE]    | Tautulli CMD: get_tautulli_info                                                                    |
[2026-08-13 00:14:48,783] [config.py:2523]            [INFO]     | Movies library's Tautulli Connection Successful                                                    |
[2026-08-13 00:14:48,783] [config.py:2564]            [INFO]     |                                                                                                    |
[2026-08-13 00:14:48,783] [config.py:2567]            [INFO]     |====================================================================================================|
[2026-08-13 00:14:48,783] [config.py:2572]            [INFO]     | 2 Plex Library Connections Successful                                                              |
[2026-08-13 00:14:48,784] [config.py:2576]            [INFO]     |====================================================================================================|
[2026-08-13 00:14:48,784] [kometa.py:1041]            [INFO]     |                                                                                                    |
[2026-08-13 00:14:48,784] [kometa.py:1042]            [INFO]     |====================================================================================================|
[2026-08-13 00:14:48,784] [kometa.py:1042]            [INFO]     |                                          TV Shows Library                                          |
[2026-08-13 00:14:48,784] [kometa.py:1042]            [INFO]     |====================================================================================================|
[2026-08-13 00:14:48,785] [kometa.py:1044]            [DEBUG]    |                                                                                                    |
[2026-08-13 00:14:48,785] [kometa.py:1045]            [DEBUG]    | Library Name: TV Shows                                                                             |
[2026-08-13 00:14:48,785] [kometa.py:1046]            [DEBUG]    | Run Order: operations, metadata, collections, overlays                                             |
[2026-08-13 00:14:48,785] [kometa.py:1047]            [DEBUG]    | Folder Name: TV Shows                                                                              |
[2026-08-13 00:14:48,785] [kometa.py:1049]            [DEBUG]    | Asset Directory: config/assets                                                                     |
[2026-08-13 00:14:48,786] [kometa.py:1050]            [DEBUG]    | Asset Folders: True                                                                                |
[2026-08-13 00:14:48,786] [kometa.py:1051]            [DEBUG]    | Asset Depth: 2                                                                                     |
[2026-08-13 00:14:48,786] [kometa.py:1052]            [DEBUG]    | Create Asset Folders: False                                                                        |
[2026-08-13 00:14:48,786] [kometa.py:1053]            [DEBUG]    | Prioritize Assets: False                                                                           |
[2026-08-13 00:14:48,786] [kometa.py:1054]            [DEBUG]    | Dimensional Asset Rename: False                                                                    |
[2026-08-13 00:14:48,787] [kometa.py:1055]            [DEBUG]    | Download URL Assets: True                                                                          |
[2026-08-13 00:14:48,787] [kometa.py:1056]            [DEBUG]    | Show Missing Assets: True                                                                          |
[2026-08-13 00:14:48,787] [kometa.py:1057]            [DEBUG]    | Show Missing Season Assets: False                                                                  |
[2026-08-13 00:14:48,787] [kometa.py:1058]            [DEBUG]    | Show Missing Episode Assets: False                                                                 |
[2026-08-13 00:14:48,788] [kometa.py:1059]            [DEBUG]    | Show Assets Not Needed: True                                                                       |
[2026-08-13 00:14:48,788] [kometa.py:1060]            [DEBUG]    | Sync Mode: append                                                                                  |
[2026-08-13 00:14:48,788] [kometa.py:1061]            [DEBUG]    | Minimum Items: 2                                                                                   |
[2026-08-13 00:14:48,788] [kometa.py:1062]            [DEBUG]    | Delete Below Minimum: True                                                                         |
[2026-08-13 00:14:48,788] [kometa.py:1063]            [DEBUG]    | Delete Not Scheduled: False                                                                        |
[2026-08-13 00:14:48,789] [kometa.py:1064]            [DEBUG]    | Default Collection Order: None                                                                     |
[2026-08-13 00:14:48,789] [kometa.py:1065]            [DEBUG]    | Missing Only Released: False                                                                       |
[2026-08-13 00:14:48,789] [kometa.py:1066]            [DEBUG]    | Only Filter Missing: False                                                                         |
[2026-08-13 00:14:48,789] [kometa.py:1067]            [DEBUG]    | Show Unmanaged: True                                                                               |
[2026-08-13 00:14:48,790] [kometa.py:1068]            [DEBUG]    | Show Unconfigured: True                                                                            |
[2026-08-13 00:14:48,790] [kometa.py:1069]            [DEBUG]    | Show Filtered: False                                                                               |
[2026-08-13 00:14:48,790] [kometa.py:1070]            [DEBUG]    | Show Unfiltered: False                                                                             |
[2026-08-13 00:14:48,790] [kometa.py:1071]            [DEBUG]    | Show Options: True                                                                                 |
[2026-08-13 00:14:48,790] [kometa.py:1072]            [DEBUG]    | Show Missing: True                                                                                 |
[2026-08-13 00:14:48,791] [kometa.py:1073]            [DEBUG]    | Save Report: False                                                                                 |
[2026-08-13 00:14:48,791] [kometa.py:1074]            [DEBUG]    | Report Path: C:\Utilities\Kometa\Kometa\config\TV Shows_report.yml                                 |
[2026-08-13 00:14:48,791] [kometa.py:1075]            [DEBUG]    | Ignore IDs: []                                                                                     |
[2026-08-13 00:14:48,791] [kometa.py:1076]            [DEBUG]    | Ignore IMDb IDs: []                                                                                |
[2026-08-13 00:14:48,792] [kometa.py:1077]            [DEBUG]    | Item Refresh Delay: 0                                                                              |
[2026-08-13 00:14:48,792] [kometa.py:1078]            [DEBUG]    | Clean Bundles: False                                                                               |
[2026-08-13 00:14:48,792] [kometa.py:1079]            [DEBUG]    | Empty Trash: False                                                                                 |
[2026-08-13 00:14:48,792] [kometa.py:1080]            [DEBUG]    | Optimize: False                                                                                    |
[2026-08-13 00:14:48,792] [kometa.py:1081]            [DEBUG]    | Timeout: 60                                                                                        |
[2026-08-13 00:14:48,793] [library.py:582]            [INFO]     |                                                                                                    |
[2026-08-13 00:14:48,793] [library.py:583]            [INFO]     |================================== Caching TV Shows Library Items ==================================|
[2026-08-13 00:14:48,793] [library.py:584]            [INFO]     |                                                                                                    |
[2026-08-13 00:14:48,793] [plex.py:970]               [INFO]     | Loading All Shows from Library: TV Shows                                                           |
[2026-08-13 00:14:53,635] [plex.py:990]               [INFO]     | Loaded 2019 Shows                                                                                  |
[2026-08-13 00:14:53,638] [kometa.py:1128]            [INFO]     |                                                                                                    |
[2026-08-13 00:14:53,638] [kometa.py:1129]            [INFO]     |===================================== Mapping TV Shows Library =====================================|
[2026-08-13 00:14:53,638] [kometa.py:1130]            [INFO]     |                                                                                                    |
[2026-08-13 00:14:53,640] [convert.py:441]            [INFO]     | Mapping Error | local://44262                                  | No match in Plex for "4K HDR Test Videos" |
[2026-08-13 00:14:53,643] [convert.py:422]            [INFO]     |  Cache  |  ^  | plex://show/60a69b7811abb9002d7adbb8           | TVDb ID: 402910  | IMDb ID: tt14218830 | Abbott Elementary |
[2026-08-13 00:14:53,648] [convert.py:422]            [INFO]     |  Cache  |  ^  | plex://show/6280dc2fa229a1b4dfd535e6           | TVDb ID: 402879  | IMDb ID: tt7949212  | Accused (US) |
[2026-08-13 00:14:53,669] [convert.py:422]            [INFO]     |  Cache  |  ^  | plex://show/5d9c08d5ef619b002048222d           | TVDb ID: 331753  | IMDb ID: tt7441658  | Black Clover |
[2026-08-13 00:14:53,716] [convert.py:441]            [INFO]     | Mapping Error | local://249880                                 | No match in Plex for "The Curious Birth of Benjamin Button" |
[2026-08-13 00:14:53,724] [convert.py:422]            [INFO]     |  Cache  |  ^  | plex://show/65d53dc2bd4db91adf873d2e           | TVDb ID: 446150  | IMDb ID: tt31314754 | Devil in Disguise: John Wayne Gacy |
[2026-08-13 00:14:53,733] [convert.py:422]            [INFO]     |  Cache  |  ^  | plex://show/5e161279168f3f001e447a5c           | TVDb ID: 367118  | IMDb ID: tt10466872 | Dune: Prophecy |
[2026-08-13 00:14:53,736] [convert.py:422]            [INFO]     |  Cache  |  ^  | plex://show/5d9c07f3ba6eb9001fb97be1           | TVDb ID: 133341  | IMDb ID: tt1584000  | Durarara!! |
[2026-08-13 00:14:53,750] [convert.py:422]            [INFO]     |  Cache  |  ^  | plex://show/677a052a8a35cc69421ee540           | TVDb ID: 458369  | IMDb ID: tt36269978 | Food for the Soul |
[2026-08-13 00:14:53,762] [convert.py:422]            [INFO]     |  Cache  |  ^  | plex://show/5d9c087108fddd001f29b226           | TVDb ID: 77345   | IMDb ID: tt0057751  | Gilligan's Island |
[2026-08-13 00:14:53,787] [convert.py:422]            [INFO]     |  Cache  |  ^  | plex://show/5f6cacd71007ac0040bcca91           | TVDb ID: 267597  | IMDb ID: tt2770276  | It's Kevin |
[2026-08-13 00:14:56,639] [convert.py:438]            [INFO]     | Mapping Error | plex://show/5fc6a86e1a65df002dd53fab           | Mapping Error: Please refresh metadata on this item/library for "Jimmy Kimmel Live!" |
[2026-08-13 00:14:56,649] [convert.py:441]            [INFO]     | Mapping Error | local://176547                                 | No match in Plex for "Last Gen"   |
[2026-08-13 00:14:59,371] [convert.py:438]            [INFO]     | Mapping Error | plex://show/5fc6ac816b022a002d707444           | Mapping Error: Please refresh metadata on this item/library for "The Late Show With Stephen Colbert" |
[2026-08-13 00:14:59,375] [convert.py:422]            [INFO]     |  Cache  |  ^  | plex://show/5d9c08057d06d9001ffcef28           | TVDb ID: 320724  | IMDb ID: tt5114356  | Legion |
[2026-08-13 00:14:59,381] [convert.py:422]            [INFO]     |  Cache  |  ^  | plex://show/68721a8afb44b4dda4055b4a           | TVDb ID: 475441  | IMDb ID: tt37543147 | Life, Larry and the Pursuit of Unhappiness |
[2026-08-13 00:14:59,390] [convert.py:422]            [INFO]     |  Cache  |  ^  | plex://show/5e15c733f72429001dd19116           | TVDb ID: 370931  | IMDb ID: tt9547400  | Magia Record: Puella Magi Madoka Magica Side Story |
[2026-08-13 00:14:59,405] [convert.py:422]            [INFO]     |  Cache  |  ^  | plex://show/5d9c0809e264b7001fc3a8e0           | TVDb ID: 317476  | IMDb ID: tt6006350  | Motherland |
[2026-08-13 00:14:59,420] [convert.py:441]            [INFO]     | Mapping Error | tv.plex.agents.none://67002                    | Agent none not supported for "On the Back of a Tiger" |
[2026-08-13 00:14:59,435] [convert.py:441]            [INFO]     | Mapping Error | local://165283                                 | No match in Plex for "Rebuild of Naruto" |
[2026-08-13 00:14:59,447] [convert.py:422]            [INFO]     |  Cache  |  ^  | plex://show/5d9c07ecffd9ef001e988b2d           | TVDb ID: 79061   | IMDb ID: tt1227046  | Shadow Star Narutaru |
[2026-08-13 00:14:59,453] [convert.py:422]            [INFO]     |  Cache  |  ^  | plex://show/5d9c080308fddd001f290038           | TVDb ID: 293774  | IMDb ID: tt4967674  | SHIMONETA: A Boring World Where the Concept of Dirty Jokes Doesn't Exist |
[2026-08-13 00:14:59,458] [convert.py:422]            [INFO]     |  Cache  |  ^  | plex://show/64a5c83ce19c300a10fef645           | TVDb ID: 436899  | IMDb ID: tt30024091 | A Sign of Affection |
[2026-08-13 00:14:59,474] [convert.py:422]            [INFO]     |  Cache  |  ^  | plex://show/5d9c07f8705e7a001e6cdc2f           | TVDb ID: 159901  | IMDb ID: tt1647292  | The Story of Science: Power, Proof and Passion |
[2026-08-13 00:15:02,275] [convert.py:438]            [INFO]     | Mapping Error | plex://show/5d9c0865d4f2a9001f8005b8           | Mapping Error: Please refresh metadata on this item/library for "The Super Powers Team: Galactic Guardians" |
[2026-08-13 00:15:02,281] [convert.py:422]            [INFO]     |  Cache  |  ^  | plex://show/5d9c08402192ba001f30b320           | TVDb ID: 140751  | IMDb ID: tt1847445  | The Tatami Galaxy |
[2026-08-13 00:15:02,289] [convert.py:422]            [INFO]     |  Cache  |  ^  | plex://show/5d9c08e92df347001e3b9fe8           | TVDb ID: 341663  | IMDb ID: tt1043813  | Titans (2018) |
[2026-08-13 00:15:02,297] [convert.py:422]            [INFO]     |  Cache  |  ^  | plex://show/615744ef9c5c56528ce7664c           | TVDb ID: 410760  | IMDb ID: tt15529750 | Tribe Nine |
[2026-08-13 00:15:02,306] [convert.py:422]            [INFO]     |  Cache  |  ^  | plex://show/5d9c0838cb3ffa001f1b31d6           | TVDb ID: 264991  | IMDb ID: tt2384811  | Utopia |
[2026-08-13 00:15:02,313] [convert.py:422]            [INFO]     |  Cache  |  ^  | plex://show/5d9c0900705e7a001e6e81c3           | TVDb ID: 360733  | IMDb ID: tt7049682  | Watchmen |
[2026-08-13 00:15:02,323] [convert.py:422]            [INFO]     |  Cache  |  ^  | plex://show/5f20151f54b8860041e38bd3           | TVDb ID: 399987  | IMDb ID: tt12785720 | The Witcher: Blood Origin |
[2026-08-13 00:15:02,328] [convert.py:422]            [INFO]     |  Cache  |  ^  | plex://show/602c2f9b2f194a002c0099f9           | TVDb ID: 398193  | IMDb ID: tt14061838 | The World's Finest Assassin Gets Reincarnated in Another World as an Aristocrat |
[2026-08-13 00:15:02,408] [convert.py:422]            [INFO]     |  Cache  |  ^  | plex://show/635348db78c264d490abc451           | TVDb ID: 426271  | IMDb ID: tt22896184 | Your Pretty Face is Going to Hell: The Cartoon |
[2026-08-13 00:15:02,412] [convert.py:422]            [INFO]     |  Cache  |  ^  | plex://show/64010db42ab22540d29cbf4a           | TVDb ID: 431842  | IMDb ID: tt23872886 | Zero Day |
[2026-08-13 00:15:02,415] [library.py:641]            [INFO]     |                                                                                                    |
[2026-08-13 00:15:02,415] [library.py:642]            [INFO]     | Processed 2019 Shows                                                                               |
[2026-08-13 00:15:02,416] [operations.py:129]         [INFO]     |                                                                                                    |
[2026-08-13 00:15:02,416] [operations.py:130]         [INFO]     |====================================================================================================|
[2026-08-13 00:15:02,416] [operations.py:130]         [INFO]     |                                    TV Shows Library Operations                                     |
[2026-08-13 00:15:02,416] [operations.py:130]         [INFO]     |====================================================================================================|
[2026-08-13 00:15:02,416] [operations.py:131]         [INFO]     |                                                                                                    |
[2026-08-13 00:15:02,417] [operations.py:132]         [DEBUG]    | Assets For All: None                                                                               |
[2026-08-13 00:15:02,417] [operations.py:133]         [DEBUG]    | Delete Collections: None                                                                           |
[2026-08-13 00:15:02,417] [operations.py:134]         [DEBUG]    | Show Unmanaged Collections: True                                                                   |
[2026-08-13 00:15:02,417] [operations.py:135]         [DEBUG]    | Show Unconfigured Collections: True                                                                |
[2026-08-13 00:15:02,417] [operations.py:136]         [DEBUG]    | Mass Genre Update: None                                                                            |
[2026-08-13 00:15:02,418] [operations.py:137]         [DEBUG]    | Mass Audience Rating Update: None                                                                  |
[2026-08-13 00:15:02,418] [operations.py:138]         [DEBUG]    | Mass Critic Rating Update: None                                                                    |
[2026-08-13 00:15:02,418] [operations.py:139]         [DEBUG]    | Mass User Rating Update: None                                                                      |
[2026-08-13 00:15:02,418] [operations.py:140]         [DEBUG]    | Mass Episode Audience Rating Update: None                                                          |
[2026-08-13 00:15:02,418] [operations.py:141]         [DEBUG]    | Mass Episode Critic Rating Update: None                                                            |
[2026-08-13 00:15:02,419] [operations.py:142]         [DEBUG]    | Mass Episode User Rating Update: None                                                              |
[2026-08-13 00:15:02,419] [operations.py:143]         [DEBUG]    | Mass Content Rating Update: None                                                                   |
[2026-08-13 00:15:02,419] [operations.py:144]         [DEBUG]    | Mass Original Title Update: None                                                                   |
[2026-08-13 00:15:02,419] [operations.py:145]         [DEBUG]    | Mass Originally Available Update: None                                                             |
[2026-08-13 00:15:02,420] [operations.py:146]         [DEBUG]    | Mass Added At Update: None                                                                         |
[2026-08-13 00:15:02,420] [operations.py:147]         [DEBUG]    | Mass IMDb Parental Labels: None                                                                    |
[2026-08-13 00:15:02,420] [operations.py:148]         [DEBUG]    | Mass Poster Update: None                                                                           |
[2026-08-13 00:15:02,420] [operations.py:149]         [DEBUG]    | Mass Background Update: None                                                                       |
[2026-08-13 00:15:02,420] [operations.py:150]         [DEBUG]    | Mass Logo Update: None                                                                             |
[2026-08-13 00:15:02,421] [operations.py:151]         [DEBUG]    | Mass Square Art Update: None                                                                       |
[2026-08-13 00:15:02,421] [operations.py:152]         [DEBUG]    | Mass Collection Mode Update: None                                                                  |
[2026-08-13 00:15:02,421] [operations.py:153]         [DEBUG]    | Split Duplicates: None                                                                             |
[2026-08-13 00:15:02,421] [operations.py:154]         [DEBUG]    | Sync Watchlist to Serializd: None                                                                  |
[2026-08-13 00:15:02,421] [operations.py:155]         [DEBUG]    | Radarr Add All Existing: None                                                                      |
[2026-08-13 00:15:02,422] [operations.py:156]         [DEBUG]    | Radarr Remove by Tag: None                                                                         |
[2026-08-13 00:15:02,422] [operations.py:157]         [DEBUG]    | Sonarr Add All Existing: None                                                                      |
[2026-08-13 00:15:02,422] [operations.py:158]         [DEBUG]    | Sonarr Remove by Tag: None                                                                         |
[2026-08-13 00:15:02,422] [operations.py:159]         [DEBUG]    | Update Blank Track Titles: None                                                                    |
[2026-08-13 00:15:02,423] [operations.py:160]         [DEBUG]    | Update Remove Title Parentheses: None                                                              |
[2026-08-13 00:15:02,423] [operations.py:161]         [DEBUG]    | Genre Mapper: None                                                                                 |
[2026-08-13 00:15:02,423] [operations.py:162]         [DEBUG]    | Content Rating Mapper: None                                                                        |
[2026-08-13 00:15:02,423] [operations.py:163]         [DEBUG]    | Metadata Backup: None                                                                              |
[2026-08-13 00:15:02,423] [operations.py:164]         [DEBUG]    | Ignore Labels: None                                                                                |
[2026-08-13 00:15:02,424] [operations.py:165]         [DEBUG]    | Respect Ignore IDs: False                                                                          |
[2026-08-13 00:15:02,424] [operations.py:166]         [DEBUG]    | Item Operation: False                                                                              |
[2026-08-13 00:15:02,424] [operations.py:167]         [DEBUG]    | Plex Bulk Edit Batch Size: None                                                                    |
[2026-08-13 00:15:02,424] [operations.py:168]         [DEBUG]    |                                                                                                    |
[2026-08-13 00:15:02,425] [operations.py:1584]        [INFO]     |                                                                                                    |
[2026-08-13 00:15:02,425] [operations.py:1585]        [INFO]     |====================================== Collection Operations =======================================|
[2026-08-13 00:15:02,425] [operations.py:1586]        [INFO]     |                                                                                                    |
[2026-08-13 00:15:02,858] [operations.py:1634]        [INFO]     |                                                                                                    |
[2026-08-13 00:15:02,858] [operations.py:1635]        [INFO]     |============================ Unmanaged Collections in TV Shows Library =============================|
[2026-08-13 00:15:02,858] [operations.py:1636]        [INFO]     |                                                                                                    |
[2026-08-13 00:15:02,858] [operations.py:1638]        [INFO]     | 12 Monkeys                                                                                         |
[2026-08-13 00:15:02,859] [operations.py:1638]        [INFO]     | 90s Sitcoms                                                                                        |
[2026-08-13 00:15:02,859] [operations.py:1638]        [INFO]     | Adult Swim                                                                                         |
[2026-08-13 00:15:02,859] [operations.py:1638]        [INFO]     | Adult Swim Anime                                                                                   |
[2026-08-13 00:15:02,859] [operations.py:1638]        [INFO]     | Adventure Time                                                                                     |
[2026-08-13 00:15:02,860] [operations.py:1638]        [INFO]     | Aladdin                                                                                            |
[2026-08-13 00:15:02,860] [operations.py:1638]        [INFO]     | Alien                                                                                              |
[2026-08-13 00:15:02,860] [operations.py:1638]        [INFO]     | Aqua Teen Hunger Force                                                                             |
[2026-08-13 00:15:02,860] [operations.py:1638]        [INFO]     | Arrowverse                                                                                         |
[2026-08-13 00:15:02,860] [operations.py:1638]        [INFO]     | Assassination Classroom                                                                            |
[2026-08-13 00:15:02,861] [operations.py:1638]        [INFO]     | Avatar: The Last Airbender                                                                         |
[2026-08-13 00:15:02,861] [operations.py:1638]        [INFO]     | Babylon 5                                                                                          |
[2026-08-13 00:15:02,861] [operations.py:1638]        [INFO]     | Baki                                                                                               |
[2026-08-13 00:15:02,861] [operations.py:1638]        [INFO]     | Batman - Animated Features                                                                         |
[2026-08-13 00:15:02,861] [operations.py:1638]        [INFO]     | Battlestar Galactica Universe                                                                      |
[2026-08-13 00:15:02,862] [operations.py:1638]        [INFO]     | Belgravia                                                                                          |
[2026-08-13 00:15:02,862] [operations.py:1638]        [INFO]     | Berserk                                                                                            |
[2026-08-13 00:15:02,862] [operations.py:1638]        [INFO]     | Black Clover                                                                                       |
[2026-08-13 00:15:02,862] [operations.py:1638]        [INFO]     | Blade                                                                                              |
[2026-08-13 00:15:02,863] [operations.py:1638]        [INFO]     | Blade Runner                                                                                       |
[2026-08-13 00:15:02,863] [operations.py:1638]        [INFO]     | Bleach                                                                                             |
[2026-08-13 00:15:02,863] [operations.py:1638]        [INFO]     | Blue's Clues                                                                                       |
[2026-08-13 00:15:02,863] [operations.py:1638]        [INFO]     | The Boys                                                                                           |
[2026-08-13 00:15:02,863] [operations.py:1638]        [INFO]     | Breaking Bad                                                                                       |
[2026-08-13 00:15:02,864] [operations.py:1638]        [INFO]     | Cartoon Network                                                                                    |
[2026-08-13 00:15:02,864] [operations.py:1638]        [INFO]     | Castlevania                                                                                        |
[2026-08-13 00:15:02,864] [operations.py:1638]        [INFO]     | Chaos;                                                                                             |
[2026-08-13 00:15:02,864] [operations.py:1638]        [INFO]     | Clerks                                                                                             |
[2026-08-13 00:15:02,865] [operations.py:1638]        [INFO]     | Code Geass                                                                                         |
[2026-08-13 00:15:02,865] [operations.py:1638]        [INFO]     | Cowboy Bebop                                                                                       |
[2026-08-13 00:15:02,865] [operations.py:1638]        [INFO]     | Daredevil                                                                                          |
[2026-08-13 00:15:02,865] [operations.py:1638]        [INFO]     | DC Television                                                                                      |
[2026-08-13 00:15:02,865] [operations.py:1638]        [INFO]     | DC Universe Animation                                                                              |
[2026-08-13 00:15:02,866] [operations.py:1638]        [INFO]     | The Decades                                                                                        |
[2026-08-13 00:15:02,866] [operations.py:1638]        [INFO]     | Demon Slayer                                                                                       |
[2026-08-13 00:15:02,866] [operations.py:1638]        [INFO]     | Dexter                                                                                             |
[2026-08-13 00:15:02,866] [operations.py:1638]        [INFO]     | Doctor Who                                                                                         |
[2026-08-13 00:15:02,867] [operations.py:1638]        [INFO]     | Documentaries                                                                                      |
[2026-08-13 00:15:02,867] [operations.py:1638]        [INFO]     | Downton Abbey                                                                                      |
[2026-08-13 00:15:02,867] [operations.py:1638]        [INFO]     | Dragon Ball                                                                                        |
[2026-08-13 00:15:02,867] [operations.py:1638]        [INFO]     | Dragon Ball Super                                                                                  |
[2026-08-13 00:15:02,867] [operations.py:1638]        [INFO]     | Dune                                                                                               |
[2026-08-13 00:15:02,868] [operations.py:1638]        [INFO]     | Eden of the East                                                                                   |
[2026-08-13 00:15:02,868] [operations.py:1638]        [INFO]     | Eureka Seven                                                                                       |
[2026-08-13 00:15:02,868] [operations.py:1638]        [INFO]     | Evangelion                                                                                         |
[2026-08-13 00:15:02,868] [operations.py:1638]        [INFO]     | Fairy Tail                                                                                         |
[2026-08-13 00:15:02,868] [operations.py:1638]        [INFO]     | Fate Series                                                                                        |
[2026-08-13 00:15:02,869] [operations.py:1638]        [INFO]     | Final Fantasy                                                                                      |
[2026-08-13 00:15:02,869] [operations.py:1638]        [INFO]     | A Football Life                                                                                    |
[2026-08-13 00:15:02,869] [operations.py:1638]        [INFO]     | Fullmetal Alchemist                                                                                |
[2026-08-13 00:15:02,869] [operations.py:1638]        [INFO]     | Game of Thrones                                                                                    |
[2026-08-13 00:15:02,870] [operations.py:1638]        [INFO]     | Gaming                                                                                             |
[2026-08-13 00:15:02,870] [operations.py:1638]        [INFO]     | Garo Series                                                                                        |
[2026-08-13 00:15:02,870] [operations.py:1638]        [INFO]     | Ghost in the Shell                                                                                 |
[2026-08-13 00:15:02,870] [operations.py:1638]        [INFO]     | Gintama                                                                                            |
[2026-08-13 00:15:02,870] [operations.py:1638]        [INFO]     | Goblin Slayer                                                                                      |
[2026-08-13 00:15:02,871] [operations.py:1638]        [INFO]     | Gridman Universe                                                                                   |
[2026-08-13 00:15:02,871] [operations.py:1638]        [INFO]     | Guardians of the Galaxy                                                                            |
[2026-08-13 00:15:02,871] [operations.py:1638]        [INFO]     | Gundam                                                                                             |
[2026-08-13 00:15:02,871] [operations.py:1638]        [INFO]     | Hercules                                                                                           |
[2026-08-13 00:15:02,871] [operations.py:1638]        [INFO]     | Horimiya                                                                                           |
[2026-08-13 00:15:02,872] [operations.py:1638]        [INFO]     | Hunter x Hunter                                                                                    |
[2026-08-13 00:15:02,872] [operations.py:1638]        [INFO]     | Initial D                                                                                          |
[2026-08-13 00:15:02,872] [operations.py:1638]        [INFO]     | Into the Night                                                                                     |
[2026-08-13 00:15:02,872] [operations.py:1638]        [INFO]     | Inuyasha                                                                                           |
[2026-08-13 00:15:02,873] [operations.py:1638]        [INFO]     | Iron Man                                                                                           |
[2026-08-13 00:15:02,873] [operations.py:1638]        [INFO]     | Jujutsu Kaisen                                                                                     |
[2026-08-13 00:15:02,873] [operations.py:1638]        [INFO]     | Kaguya-sama: Love Is War                                                                           |
[2026-08-13 00:15:02,873] [operations.py:1638]        [INFO]     | Kino's Journey                                                                                     |
[2026-08-13 00:15:02,873] [operations.py:1638]        [INFO]     | KonoSuba                                                                                           |
[2026-08-13 00:15:02,874] [operations.py:1638]        [INFO]     | Legend of Galactic Heroes                                                                          |
[2026-08-13 00:15:02,874] [operations.py:1638]        [INFO]     | The Lord of the Rings                                                                              |
[2026-08-13 00:15:02,874] [operations.py:1638]        [INFO]     | Madoka Magica                                                                                      |
[2026-08-13 00:15:02,874] [operations.py:1638]        [INFO]     | Magi                                                                                               |
[2026-08-13 00:15:02,874] [operations.py:1638]        [INFO]     | Marvel Animation                                                                                   |
[2026-08-13 00:15:02,875] [operations.py:1638]        [INFO]     | Marvel Anime                                                                                       |
[2026-08-13 00:15:02,875] [operations.py:1638]        [INFO]     | Marvel Television                                                                                  |
[2026-08-13 00:15:02,875] [operations.py:1638]        [INFO]     | Marvel Universe - Phase 1-3                                                                        |
[2026-08-13 00:15:02,875] [operations.py:1638]        [INFO]     | Marvel Universe - Phase 4                                                                          |
[2026-08-13 00:15:02,876] [operations.py:1638]        [INFO]     | Marvel Universe - Phase 5                                                                          |
[2026-08-13 00:15:02,877] [operations.py:1638]        [INFO]     | Mechanical Arms                                                                                    |
[2026-08-13 00:15:02,877] [operations.py:1638]        [INFO]     | Monogatari                                                                                         |
[2026-08-13 00:15:02,878] [operations.py:1638]        [INFO]     | Mononoke                                                                                           |
[2026-08-13 00:15:02,878] [operations.py:1638]        [INFO]     | My Hero Academia                                                                                   |
[2026-08-13 00:15:02,878] [operations.py:1638]        [INFO]     | Naruto                                                                                             |
[2026-08-13 00:15:02,878] [operations.py:1638]        [INFO]     | The Office                                                                                         |
[2026-08-13 00:15:02,878] [operations.py:1638]        [INFO]     | One Piece                                                                                          |
[2026-08-13 00:15:02,879] [operations.py:1638]        [INFO]     | PBS                                                                                                |
[2026-08-13 00:15:02,879] [operations.py:1638]        [INFO]     | PBS NOVA                                                                                           |
[2026-08-13 00:15:02,879] [operations.py:1638]        [INFO]     | Pokemon                                                                                            |
[2026-08-13 00:15:02,879] [operations.py:1638]        [INFO]     | Power                                                                                              |
[2026-08-13 00:15:02,880] [operations.py:1638]        [INFO]     | Psych                                                                                              |
[2026-08-13 00:15:02,880] [operations.py:1638]        [INFO]     | Ranking of Kings                                                                                   |
[2026-08-13 00:15:02,880] [operations.py:1638]        [INFO]     | Reno 911!                                                                                          |
[2026-08-13 00:15:02,880] [operations.py:1638]        [INFO]     | Resident Evil                                                                                      |
[2026-08-13 00:15:02,880] [operations.py:1638]        [INFO]     | Rick and Morty                                                                                     |
[2026-08-13 00:15:02,881] [operations.py:1638]        [INFO]     | Rurouni Kenshin                                                                                    |
[2026-08-13 00:15:02,881] [operations.py:1638]        [INFO]     | Satoshi Kon Collection                                                                             |
[2026-08-13 00:15:02,881] [operations.py:1638]        [INFO]     | Saturday Morning                                                                                   |
[2026-08-13 00:15:02,881] [operations.py:1638]        [INFO]     | Seven Deadly Sins                                                                                  |
[2026-08-13 00:15:02,881] [operations.py:1638]        [INFO]     | Sex and the City                                                                                   |
[2026-08-13 00:15:02,882] [operations.py:1638]        [INFO]     | Solo Leveling                                                                                      |
[2026-08-13 00:15:02,882] [operations.py:1638]        [INFO]     | South Park                                                                                         |
[2026-08-13 00:15:02,882] [operations.py:1638]        [INFO]     | Spartacus                                                                                          |
[2026-08-13 00:15:02,882] [operations.py:1638]        [INFO]     | Spider-Man                                                                                         |
[2026-08-13 00:15:02,883] [operations.py:1638]        [INFO]     | SpongeBob                                                                                          |
[2026-08-13 00:15:02,883] [operations.py:1638]        [INFO]     | Spy Family                                                                                         |
[2026-08-13 00:15:02,883] [operations.py:1638]        [INFO]     | Star Trek                                                                                          |
[2026-08-13 00:15:02,883] [operations.py:1638]        [INFO]     | Star Trek: The Next Generation                                                                     |
[2026-08-13 00:15:02,883] [operations.py:1638]        [INFO]     | Star Trek: The Original Series                                                                     |
[2026-08-13 00:15:02,884] [operations.py:1638]        [INFO]     | Star Wars                                                                                          |
[2026-08-13 00:15:02,884] [operations.py:1638]        [INFO]     | Stargate                                                                                           |
[2026-08-13 00:15:02,884] [operations.py:1638]        [INFO]     | Steins;Gate                                                                                        |
[2026-08-13 00:15:02,884] [operations.py:1638]        [INFO]     | Steven Universe                                                                                    |
[2026-08-13 00:15:02,884] [operations.py:1638]        [INFO]     | Superman - Animated Features                                                                       |
[2026-08-13 00:15:02,885] [operations.py:1638]        [INFO]     | Sword Art Online                                                                                   |
[2026-08-13 00:15:02,885] [operations.py:1638]        [INFO]     | Teen Titans                                                                                        |
[2026-08-13 00:15:02,885] [operations.py:1638]        [INFO]     | Teen Titans Go!                                                                                    |
[2026-08-13 00:15:02,885] [operations.py:1638]        [INFO]     | ...That Built America                                                                              |
[2026-08-13 00:15:02,885] [operations.py:1638]        [INFO]     | That Time I Got...                                                                                 |
[2026-08-13 00:15:02,886] [operations.py:1638]        [INFO]     | Toonami                                                                                            |
[2026-08-13 00:15:02,886] [operations.py:1638]        [INFO]     | TRON                                                                                               |
[2026-08-13 00:15:02,886] [operations.py:1638]        [INFO]     | The Twilight Zone                                                                                  |
[2026-08-13 00:15:02,886] [operations.py:1638]        [INFO]     | Twin Peaks                                                                                         |
[2026-08-13 00:15:02,887] [operations.py:1638]        [INFO]     | Veronica Mars                                                                                      |
[2026-08-13 00:15:02,887] [operations.py:1638]        [INFO]     | Violet Evergarden                                                                                  |
[2026-08-13 00:15:02,887] [operations.py:1638]        [INFO]     | Walking Dead                                                                                       |
[2026-08-13 00:15:02,887] [operations.py:1638]        [INFO]     | Watchmen                                                                                           |
[2026-08-13 00:15:02,887] [operations.py:1638]        [INFO]     | The Wolverine                                                                                      |
[2026-08-13 00:15:02,888] [operations.py:1638]        [INFO]     | The X Files                                                                                        |
[2026-08-13 00:15:02,888] [operations.py:1638]        [INFO]     | X-Men                                                                                              |
[2026-08-13 00:15:02,888] [operations.py:1638]        [INFO]     | Yellowstone                                                                                        |
[2026-08-13 00:15:02,888] [operations.py:1638]        [INFO]     | YouTube                                                                                            |
[2026-08-13 00:15:02,888] [operations.py:1639]        [INFO]     |                                                                                                    |
[2026-08-13 00:15:02,889] [operations.py:1640]        [INFO]     | 133 Unmanaged Collections                                                                          |
[2026-08-13 00:15:02,889] [operations.py:1647]        [INFO]     |                                                                                                    |
[2026-08-13 00:15:02,889] [operations.py:1648]        [INFO]     |=========================== Unconfigured Collections in TV Shows Library ===========================|
[2026-08-13 00:15:02,889] [operations.py:1649]        [INFO]     |                                                                                                    |
[2026-08-13 00:15:02,889] [operations.py:1651]        [INFO]     | 12 Monkeys                                                                                         |
[2026-08-13 00:15:02,890] [operations.py:1651]        [INFO]     | 90s Sitcoms                                                                                        |
[2026-08-13 00:15:02,890] [operations.py:1651]        [INFO]     | Adult Swim                                                                                         |
[2026-08-13 00:15:02,890] [operations.py:1651]        [INFO]     | Adult Swim Anime                                                                                   |
[2026-08-13 00:15:02,890] [operations.py:1651]        [INFO]     | Adventure Time                                                                                     |
[2026-08-13 00:15:02,891] [operations.py:1651]        [INFO]     | Aladdin                                                                                            |
[2026-08-13 00:15:02,891] [operations.py:1651]        [INFO]     | Alien                                                                                              |
[2026-08-13 00:15:02,891] [operations.py:1651]        [INFO]     | Aqua Teen Hunger Force                                                                             |
[2026-08-13 00:15:02,893] [operations.py:1651]        [INFO]     | Arrowverse                                                                                         |
[2026-08-13 00:15:02,893] [operations.py:1651]        [INFO]     | Assassination Classroom                                                                            |
[2026-08-13 00:15:02,893] [operations.py:1651]        [INFO]     | Avatar: The Last Airbender                                                                         |
[2026-08-13 00:15:02,893] [operations.py:1651]        [INFO]     | Babylon 5                                                                                          |
[2026-08-13 00:15:02,894] [operations.py:1651]        [INFO]     | Baki                                                                                               |
[2026-08-13 00:15:02,894] [operations.py:1651]        [INFO]     | Batman - Animated Features                                                                         |
[2026-08-13 00:15:02,894] [operations.py:1651]        [INFO]     | Battlestar Galactica Universe                                                                      |
[2026-08-13 00:15:02,894] [operations.py:1651]        [INFO]     | Belgravia                                                                                          |
[2026-08-13 00:15:02,894] [operations.py:1651]        [INFO]     | Berserk                                                                                            |
[2026-08-13 00:15:02,895] [operations.py:1651]        [INFO]     | Black Clover                                                                                       |
[2026-08-13 00:15:02,895] [operations.py:1651]        [INFO]     | Blade                                                                                              |
[2026-08-13 00:15:02,895] [operations.py:1651]        [INFO]     | Blade Runner                                                                                       |
[2026-08-13 00:15:02,895] [operations.py:1651]        [INFO]     | Bleach                                                                                             |
[2026-08-13 00:15:02,895] [operations.py:1651]        [INFO]     | Blue's Clues                                                                                       |
[2026-08-13 00:15:02,896] [operations.py:1651]        [INFO]     | The Boys                                                                                           |
[2026-08-13 00:15:02,896] [operations.py:1651]        [INFO]     | Breaking Bad                                                                                       |
[2026-08-13 00:15:02,896] [operations.py:1651]        [INFO]     | Cartoon Network                                                                                    |
[2026-08-13 00:15:02,896] [operations.py:1651]        [INFO]     | Castlevania                                                                                        |
[2026-08-13 00:15:02,897] [operations.py:1651]        [INFO]     | Chaos;                                                                                             |
[2026-08-13 00:15:02,897] [operations.py:1651]        [INFO]     | Clerks                                                                                             |
[2026-08-13 00:15:02,897] [operations.py:1651]        [INFO]     | Code Geass                                                                                         |
[2026-08-13 00:15:02,897] [operations.py:1651]        [INFO]     | Cowboy Bebop                                                                                       |
[2026-08-13 00:15:02,897] [operations.py:1651]        [INFO]     | Daredevil                                                                                          |
[2026-08-13 00:15:02,898] [operations.py:1651]        [INFO]     | DC Television                                                                                      |
[2026-08-13 00:15:02,898] [operations.py:1651]        [INFO]     | DC Universe Animation                                                                              |
[2026-08-13 00:15:02,898] [operations.py:1651]        [INFO]     | The Decades                                                                                        |
[2026-08-13 00:15:02,898] [operations.py:1651]        [INFO]     | Demon Slayer                                                                                       |
[2026-08-13 00:15:02,898] [operations.py:1651]        [INFO]     | Dexter                                                                                             |
[2026-08-13 00:15:02,899] [operations.py:1651]        [INFO]     | Doctor Who                                                                                         |
[2026-08-13 00:15:02,899] [operations.py:1651]        [INFO]     | Documentaries                                                                                      |
[2026-08-13 00:15:02,899] [operations.py:1651]        [INFO]     | Downton Abbey                                                                                      |
[2026-08-13 00:15:02,899] [operations.py:1651]        [INFO]     | Dragon Ball                                                                                        |
[2026-08-13 00:15:02,899] [operations.py:1651]        [INFO]     | Dragon Ball Super                                                                                  |
[2026-08-13 00:15:02,900] [operations.py:1651]        [INFO]     | Dune                                                                                               |
[2026-08-13 00:15:02,900] [operations.py:1651]        [INFO]     | Eden of the East                                                                                   |
[2026-08-13 00:15:02,900] [operations.py:1651]        [INFO]     | Eureka Seven                                                                                       |
[2026-08-13 00:15:02,900] [operations.py:1651]        [INFO]     | Evangelion                                                                                         |
[2026-08-13 00:15:02,901] [operations.py:1651]        [INFO]     | Fairy Tail                                                                                         |
[2026-08-13 00:15:02,901] [operations.py:1651]        [INFO]     | Fate Series                                                                                        |
[2026-08-13 00:15:02,901] [operations.py:1651]        [INFO]     | Final Fantasy                                                                                      |
[2026-08-13 00:15:02,901] [operations.py:1651]        [INFO]     | A Football Life                                                                                    |
[2026-08-13 00:15:02,901] [operations.py:1651]        [INFO]     | Fullmetal Alchemist                                                                                |
[2026-08-13 00:15:02,902] [operations.py:1651]        [INFO]     | Game of Thrones                                                                                    |
[2026-08-13 00:15:02,902] [operations.py:1651]        [INFO]     | Gaming                                                                                             |
[2026-08-13 00:15:02,902] [operations.py:1651]        [INFO]     | Garo Series                                                                                        |
[2026-08-13 00:15:02,902] [operations.py:1651]        [INFO]     | Ghost in the Shell                                                                                 |
[2026-08-13 00:15:02,902] [operations.py:1651]        [INFO]     | Gintama                                                                                            |
[2026-08-13 00:15:02,903] [operations.py:1651]        [INFO]     | Goblin Slayer                                                                                      |
[2026-08-13 00:15:02,903] [operations.py:1651]        [INFO]     | Gridman Universe                                                                                   |
[2026-08-13 00:15:02,903] [operations.py:1651]        [INFO]     | Guardians of the Galaxy                                                                            |
[2026-08-13 00:15:02,903] [operations.py:1651]        [INFO]     | Gundam                                                                                             |
[2026-08-13 00:15:02,904] [operations.py:1651]        [INFO]     | Hercules                                                                                           |
[2026-08-13 00:15:02,904] [operations.py:1651]        [INFO]     | Horimiya                                                                                           |
[2026-08-13 00:15:02,904] [operations.py:1651]        [INFO]     | Hunter x Hunter                                                                                    |
[2026-08-13 00:15:02,904] [operations.py:1651]        [INFO]     | Initial D                                                                                          |
[2026-08-13 00:15:02,904] [operations.py:1651]        [INFO]     | Into the Night                                                                                     |
[2026-08-13 00:15:02,905] [operations.py:1651]        [INFO]     | Inuyasha                                                                                           |
[2026-08-13 00:15:02,905] [operations.py:1651]        [INFO]     | Iron Man                                                                                           |
[2026-08-13 00:15:02,905] [operations.py:1651]        [INFO]     | Jujutsu Kaisen                                                                                     |
[2026-08-13 00:15:02,905] [operations.py:1651]        [INFO]     | Kaguya-sama: Love Is War                                                                           |
[2026-08-13 00:15:02,905] [operations.py:1651]        [INFO]     | Kino's Journey                                                                                     |
[2026-08-13 00:15:02,906] [operations.py:1651]        [INFO]     | KonoSuba                                                                                           |
[2026-08-13 00:15:02,906] [operations.py:1651]        [INFO]     | Legend of Galactic Heroes                                                                          |
[2026-08-13 00:15:02,906] [operations.py:1651]        [INFO]     | The Lord of the Rings                                                                              |
[2026-08-13 00:15:02,906] [operations.py:1651]        [INFO]     | Madoka Magica                                                                                      |
[2026-08-13 00:15:02,906] [operations.py:1651]        [INFO]     | Magi                                                                                               |
[2026-08-13 00:15:02,907] [operations.py:1651]        [INFO]     | Marvel Animation                                                                                   |
[2026-08-13 00:15:02,907] [operations.py:1651]        [INFO]     | Marvel Anime                                                                                       |
[2026-08-13 00:15:02,907] [operations.py:1651]        [INFO]     | Marvel Television                                                                                  |
[2026-08-13 00:15:02,907] [operations.py:1651]        [INFO]     | Marvel Universe - Phase 1-3                                                                        |
[2026-08-13 00:15:02,908] [operations.py:1651]        [INFO]     | Marvel Universe - Phase 4                                                                          |
[2026-08-13 00:15:02,908] [operations.py:1651]        [INFO]     | Marvel Universe - Phase 5                                                                          |
[2026-08-13 00:15:02,908] [operations.py:1651]        [INFO]     | Mechanical Arms                                                                                    |
[2026-08-13 00:15:02,908] [operations.py:1651]        [INFO]     | Monogatari                                                                                         |
[2026-08-13 00:15:02,908] [operations.py:1651]        [INFO]     | Mononoke                                                                                           |
[2026-08-13 00:15:02,909] [operations.py:1651]        [INFO]     | My Hero Academia                                                                                   |
[2026-08-13 00:15:02,909] [operations.py:1651]        [INFO]     | Naruto                                                                                             |
[2026-08-13 00:15:02,909] [operations.py:1651]        [INFO]     | The Office                                                                                         |
[2026-08-13 00:15:02,909] [operations.py:1651]        [INFO]     | One Piece                                                                                          |
[2026-08-13 00:15:02,909] [operations.py:1651]        [INFO]     | PBS                                                                                                |
[2026-08-13 00:15:02,910] [operations.py:1651]        [INFO]     | PBS NOVA                                                                                           |
[2026-08-13 00:15:02,910] [operations.py:1651]        [INFO]     | Pokemon                                                                                            |
[2026-08-13 00:15:02,910] [operations.py:1651]        [INFO]     | Power                                                                                              |
[2026-08-13 00:15:02,910] [operations.py:1651]        [INFO]     | Psych                                                                                              |
[2026-08-13 00:15:02,911] [operations.py:1651]        [INFO]     | Ranking of Kings                                                                                   |
[2026-08-13 00:15:02,912] [operations.py:1651]        [INFO]     | Reno 911!                                                                                          |
[2026-08-13 00:15:02,912] [operations.py:1651]        [INFO]     | Resident Evil                                                                                      |
[2026-08-13 00:15:02,912] [operations.py:1651]        [INFO]     | Rick and Morty                                                                                     |
[2026-08-13 00:15:02,913] [operations.py:1651]        [INFO]     | Rurouni Kenshin                                                                                    |
[2026-08-13 00:15:02,913] [operations.py:1651]        [INFO]     | Satoshi Kon Collection                                                                             |
[2026-08-13 00:15:02,913] [operations.py:1651]        [INFO]     | Saturday Morning                                                                                   |
[2026-08-13 00:15:02,913] [operations.py:1651]        [INFO]     | Seven Deadly Sins                                                                                  |
[2026-08-13 00:15:02,914] [operations.py:1651]        [INFO]     | Sex and the City                                                                                   |
[2026-08-13 00:15:02,914] [operations.py:1651]        [INFO]     | Solo Leveling                                                                                      |
[2026-08-13 00:15:02,914] [operations.py:1651]        [INFO]     | South Park                                                                                         |
[2026-08-13 00:15:02,914] [operations.py:1651]        [INFO]     | Spartacus                                                                                          |
[2026-08-13 00:15:02,914] [operations.py:1651]        [INFO]     | Spider-Man                                                                                         |
[2026-08-13 00:15:02,915] [operations.py:1651]        [INFO]     | SpongeBob                                                                                          |
[2026-08-13 00:15:02,915] [operations.py:1651]        [INFO]     | Spy Family                                                                                         |
[2026-08-13 00:15:02,915] [operations.py:1651]        [INFO]     | Star Trek                                                                                          |
[2026-08-13 00:15:02,915] [operations.py:1651]        [INFO]     | Star Trek: The Next Generation                                                                     |
[2026-08-13 00:15:02,915] [operations.py:1651]        [INFO]     | Star Trek: The Original Series                                                                     |
[2026-08-13 00:15:02,916] [operations.py:1651]        [INFO]     | Star Wars                                                                                          |
[2026-08-13 00:15:02,916] [operations.py:1651]        [INFO]     | Stargate                                                                                           |
[2026-08-13 00:15:02,916] [operations.py:1651]        [INFO]     | Steins;Gate                                                                                        |
[2026-08-13 00:15:02,916] [operations.py:1651]        [INFO]     | Steven Universe                                                                                    |
[2026-08-13 00:15:02,917] [operations.py:1651]        [INFO]     | Superman - Animated Features                                                                       |
[2026-08-13 00:15:02,917] [operations.py:1651]        [INFO]     | Sword Art Online                                                                                   |
[2026-08-13 00:15:02,917] [operations.py:1651]        [INFO]     | Teen Titans                                                                                        |
[2026-08-13 00:15:02,917] [operations.py:1651]        [INFO]     | Teen Titans Go!                                                                                    |
[2026-08-13 00:15:02,917] [operations.py:1651]        [INFO]     | ...That Built America                                                                              |
[2026-08-13 00:15:02,918] [operations.py:1651]        [INFO]     | That Time I Got...                                                                                 |
[2026-08-13 00:15:02,918] [operations.py:1651]        [INFO]     | Toonami                                                                                            |
[2026-08-13 00:15:02,918] [operations.py:1651]        [INFO]     | TRON                                                                                               |
[2026-08-13 00:15:02,918] [operations.py:1651]        [INFO]     | The Twilight Zone                                                                                  |
[2026-08-13 00:15:02,918] [operations.py:1651]        [INFO]     | Twin Peaks                                                                                         |
[2026-08-13 00:15:02,919] [operations.py:1651]        [INFO]     | Veronica Mars                                                                                      |
[2026-08-13 00:15:02,919] [operations.py:1651]        [INFO]     | Violet Evergarden                                                                                  |
[2026-08-13 00:15:02,919] [operations.py:1651]        [INFO]     | Walking Dead                                                                                       |
[2026-08-13 00:15:02,919] [operations.py:1651]        [INFO]     | Watchmen                                                                                           |
[2026-08-13 00:15:02,919] [operations.py:1651]        [INFO]     | The Wolverine                                                                                      |
[2026-08-13 00:15:02,920] [operations.py:1651]        [INFO]     | The X Files                                                                                        |
[2026-08-13 00:15:02,920] [operations.py:1651]        [INFO]     | X-Men                                                                                              |
[2026-08-13 00:15:02,920] [operations.py:1651]        [INFO]     | Yellowstone                                                                                        |
[2026-08-13 00:15:02,920] [operations.py:1651]        [INFO]     | YouTube                                                                                            |
[2026-08-13 00:15:02,921] [operations.py:1652]        [INFO]     |                                                                                                    |
[2026-08-13 00:15:02,921] [operations.py:1653]        [INFO]     | 133 Unconfigured Collections                                                                       |
[2026-08-13 00:15:02,921] [operations.py:1742]        [INFO]     |                                                                                                    |
[2026-08-13 00:15:02,921] [operations.py:1743]        [INFO]     |====================================================================================================|
[2026-08-13 00:15:02,921] [operations.py:1743]        [INFO]     |                                Finished TV Shows Library Operations                                |
[2026-08-13 00:15:02,922] [operations.py:1743]        [INFO]     |                                    Operations Run Time: 0:00:00                                    |
[2026-08-13 00:15:02,922] [operations.py:1743]        [INFO]     |====================================================================================================|
[2026-08-13 00:15:02,922] [overlays.py:35]            [INFO]     |                                                                                                    |
[2026-08-13 00:15:02,922] [overlays.py:36]            [INFO]     |====================================================================================================|
[2026-08-13 00:15:02,922] [overlays.py:36]            [INFO]     |                                     TV Shows Library Overlays                                      |
[2026-08-13 00:15:02,923] [overlays.py:36]            [INFO]     |====================================================================================================|
[2026-08-13 00:15:02,923] [overlays.py:37]            [INFO]     |                                                                                                    |
[2026-08-13 00:15:02,924] [builder.py:736]            [INFO]     |====================================================================================================|
[2026-08-13 00:15:02,924] [builder.py:736]            [INFO]     |                                     Multi Overlay in TV Shows                                      |
[2026-08-13 00:15:02,924] [builder.py:736]            [INFO]     |====================================================================================================|
[2026-08-13 00:15:02,925] [builder.py:737]            [INFO]     |                                                                                                    |
[2026-08-13 00:15:02,925] [builder.py:776]            [INFO]     |=================================== Validating Multi Attributes ====================================|
[2026-08-13 00:15:02,963] [plex.py:1772]              [DEBUG]    |                                                                                                    |
[2026-08-13 00:15:02,963] [plex.py:1775]              [DEBUG]    | Looking for: Multi                                                                                 |
[2026-08-13 00:15:02,964] [overlay.py:155]            [DEBUG]    |                                                                                                    |
[2026-08-13 00:15:02,964] [overlay.py:156]            [DEBUG]    | Validating Method: overlay                                                                         |
[2026-08-13 00:15:02,964] [overlay.py:157]            [DEBUG]    | Value: {'name': 'multi_audio5', 'group': 'anime_audio', 'weight': 20, 'horizontal_offset': 0, 'horizontal_align': 'left', 'vertical_offset': 0, 'vertical_align': 'top'} |
[2026-08-13 00:15:02,973] [builder.py:1186]           [DEBUG]    |                                                                                                    |
[2026-08-13 00:15:02,973] [builder.py:1187]           [DEBUG]    | Validating Method: ignore_blank_results                                                            |
[2026-08-13 00:15:02,973] [builder.py:1188]           [DEBUG]    | Value: True                                                                                        |
[2026-08-13 00:15:02,973] [builder.py:1551]           [DEBUG]    |                                                                                                    |
[2026-08-13 00:15:02,973] [builder.py:1555]           [DEBUG]    | Validating Method: plex_search                                                                     |
[2026-08-13 00:15:02,974] [builder.py:1556]           [DEBUG]    | Value: {'all': {'label': 'Anime', 'audio_language.not': 'en'}}                                     |
[2026-08-13 00:15:06,282] [builder.py:1551]           [DEBUG]    |                                                                                                    |
[2026-08-13 00:15:06,282] [builder.py:1555]           [DEBUG]    | Validating Method: filters                                                                         |
[2026-08-13 00:15:06,283] [builder.py:1556]           [DEBUG]    | Value: {'audio_language.count_gte': 2}                                                             |
[2026-08-13 00:15:06,284] [builder.py:1787]           [INFO]     |                                                                                                    |
[2026-08-13 00:15:06,284] [builder.py:1788]           [INFO]     | Validation Successful                                                                              |
[2026-08-13 00:15:06,284] [overlays.py:489]           [INFO]     |                                                                                                    |
[2026-08-13 00:15:06,284] [overlays.py:491]           [INFO]     |================================ Gathering Items for Multi Overlay =================================|
[2026-08-13 00:15:06,285] [builder.py:4750]           [INFO]     |                                                                                                    |
[2026-08-13 00:15:06,285] [builder.py:4752]           [INFO]     | Collection Filter episodes: {'audio_language.count_gte': 2, 'percentage': 50}                      |
[2026-08-13 00:15:06,285] [overlays.py:499]           [DEBUG]    |                                                                                                    |
[2026-08-13 00:15:06,285] [overlays.py:500]           [DEBUG]    | Builder: plex_search: (2, "Plex Show Search\nSort By: ['title.asc']\nFilter:\n  Match all of the following:\n    Label is Anime\n    Audio Language is not en\n    Audio Language is not en\n    Audio Language is not en\n    Audio Language is not en\n    Audio Language is not en\n    Audio Language is not en", '?type=2&sort=titleSort&show.label=55792&and=1&episode.audioLanguage!=en&and=1&episode.audioLanguage!=en-AU&and=1&episode.audioLanguage!=en-CA&and=1&episode.audioLanguage!=en-GB&and=1&episode.audioLanguage!=en-IE&and=1&episode.audioLanguage!=en-US') |
[2026-08-13 00:15:06,286] [overlays.py:501]           [INFO]     |                                                                                                    |
[2026-08-13 00:15:06,286] [plex.py:1877]              [INFO]     | Processing Plex Show Search                                                                        |
                                                                 | Sort By: ['title.asc']                                                                             |
                                                                 | Filter:                                                                                            |
                                                                 |   Match all of the following:                                                                      |
                                                                 |     Label is Anime                                                                                 |
                                                                 |     Audio Language is not en                                                                       |
                                                                 |     Audio Language is not en                                                                       |
                                                                 |     Audio Language is not en                                                                       |
                                                                 |     Audio Language is not en                                                                       |
                                                                 |     Audio Language is not en                                                                       |
                                                                 |     Audio Language is not en                                                                       |
[2026-08-13 00:15:06,288] [plex.py:1878]              [TRACE]    | ?type=2&sort=titleSort&show.label=55792&and=1&episode.audioLanguage!=en&and=1&episode.audioLanguage!=en-AU&and=1&episode.audioLanguage!=en-CA&and=1&episode.audioLanguage!=en-GB&and=1&episode.audioLanguage!=en-IE&and=1&episode.audioLanguage!=en-US |
[2026-08-13 00:15:07,133] [builder.py:3791]           [DEBUG]    |                                                                                                    |
[2026-08-13 00:15:07,133] [builder.py:3792]           [DEBUG]    | 73 IDs Found                                                                                       |
[2026-08-13 00:15:07,134] [builder.py:3793]           [TRACE]    | IDs: [(245973, 'ratingKey'), (162491, 'ratingKey'), (173357, 'ratingKey'), (173236, 'ratingKey'), (220214, 'ratingKey'), (168044, 'ratingKey'), (194752, 'ratingKey'), (187282, 'ratingKey'), (208368, 'ratingKey'), (188573, 'ratingKey'), (215301, 'ratingKey'), (173383, 'ratingKey'), (197745, 'ratingKey'), (178742, 'ratingKey'), (211283, 'ratingKey'), (171644, 'ratingKey'), (258681, 'ratingKey'), (194897, 'ratingKey'), (122053, 'ratingKey'), (187632, 'ratingKey'), (195845, 'ratingKey'), (163051, 'ratingKey'), (219712, 'ratingKey'), (171900, 'ratingKey'), (194739, 'ratingKey'), (196332, 'ratingKey'), (259603, 'ratingKey'), (121705, 'ratingKey'), (187545, 'ratingKey'), (187304, 'ratingKey'), (228220, 'ratingKey'), (201061, 'ratingKey'), (170220, 'ratingKey'), (237254, 'ratingKey'), (101280, 'ratingKey'), (171911, 'ratingKey'), (194905, 'ratingKey'), (184269, 'ratingKey'), (186558, 'ratingKey'), (186140, 'ratingKey'), (209817, 'ratingKey'), (180649, 'ratingKey'), (211868, 'ratingKey'), (211876, 'ratingKey'), (153469, 'ratingKey'), (197750, 'ratingKey'), (210732, 'ratingKey'), (194580, 'ratingKey'), (58820, 'ratingKey'), (194823, 'ratingKey'), (168236, 'ratingKey'), (195006, 'ratingKey'), (255045, 'ratingKey'), (194745, 'ratingKey'), (131813, 'ratingKey'), (202943, 'ratingKey'), (230635, 'ratingKey'), (218743, 'ratingKey'), (182793, 'ratingKey'), (173195, 'ratingKey'), (180638, 'ratingKey'), (219706, 'ratingKey'), (232622, 'ratingKey'), (122072, 'ratingKey'), (227758, 'ratingKey'), (187779, 'ratingKey'), (194936, 'ratingKey'), (209771, 'ratingKey'), (168031, 'ratingKey'), (232188, 'ratingKey'), (181829, 'ratingKey'), (221625, 'ratingKey'), (197768, 'ratingKey')] |
[2026-08-13 00:15:07,134] [builder.py:3794]           [DEBUG]    |                                                                                                    |
[2026-08-13 00:15:12,806] [overlays.py:521]           [INFO]     | 2 Items found for Overlay File (0) Multi                                                           |
[2026-08-13 00:15:12,806] [overlays.py:522]           [TRACE]    | Titles Found: ['Carnival Phantasm', 'Kubikiri Cycle -  Aoiro Savant to Zaregoto Tsukai']           |
[2026-08-13 00:15:12,806] [overlays.py:525]           [INFO]     |                                                                                                    |
[2026-08-13 00:15:12,807] [builder.py:736]            [INFO]     |====================================================================================================|
[2026-08-13 00:15:12,807] [builder.py:736]            [INFO]     |                                     Dubbed Overlay in TV Shows                                     |
[2026-08-13 00:15:12,807] [builder.py:736]            [INFO]     |====================================================================================================|
[2026-08-13 00:15:12,808] [builder.py:737]            [INFO]     |                                                                                                    |
[2026-08-13 00:15:12,808] [builder.py:776]            [INFO]     |=================================== Validating Dubbed Attributes ===================================|
[2026-08-13 00:15:12,845] [plex.py:1772]              [DEBUG]    |                                                                                                    |
[2026-08-13 00:15:12,845] [plex.py:1775]              [DEBUG]    | Looking for: Dubbed                                                                                |
[2026-08-13 00:15:12,845] [overlay.py:155]            [DEBUG]    |                                                                                                    |
[2026-08-13 00:15:12,846] [overlay.py:156]            [DEBUG]    | Validating Method: overlay                                                                         |
[2026-08-13 00:15:12,846] [overlay.py:157]            [DEBUG]    | Value: {'name': 'dubbed5', 'group': 'anime_audio', 'weight': 30, 'horizontal_offset': 0, 'horizontal_align': 'left', 'vertical_offset': 0, 'vertical_align': 'top'} |
[2026-08-13 00:15:12,847] [builder.py:1186]           [DEBUG]    |                                                                                                    |
[2026-08-13 00:15:12,848] [builder.py:1187]           [DEBUG]    | Validating Method: ignore_blank_results                                                            |
[2026-08-13 00:15:12,848] [builder.py:1188]           [DEBUG]    | Value: True                                                                                        |
[2026-08-13 00:15:12,848] [builder.py:1551]           [DEBUG]    |                                                                                                    |
[2026-08-13 00:15:12,849] [builder.py:1555]           [DEBUG]    | Validating Method: plex_search                                                                     |
[2026-08-13 00:15:12,849] [builder.py:1556]           [DEBUG]    | Value: {'all': {'label': 'Anime', 'audio_language': 'en'}}                                         |
[2026-08-13 00:15:12,851] [builder.py:1551]           [DEBUG]    |                                                                                                    |
[2026-08-13 00:15:12,851] [builder.py:1555]           [DEBUG]    | Validating Method: filters                                                                         |
[2026-08-13 00:15:12,852] [builder.py:1556]           [DEBUG]    | Value: {'audio_language.count_lte': 1}                                                             |
[2026-08-13 00:15:12,852] [builder.py:1787]           [INFO]     |                                                                                                    |
[2026-08-13 00:15:12,852] [builder.py:1788]           [INFO]     | Validation Successful                                                                              |
[2026-08-13 00:15:12,853] [overlays.py:489]           [INFO]     |                                                                                                    |
[2026-08-13 00:15:12,853] [overlays.py:491]           [INFO]     |================================ Gathering Items for Dubbed Overlay ================================|
[2026-08-13 00:15:12,853] [builder.py:4750]           [INFO]     |                                                                                                    |
[2026-08-13 00:15:12,853] [builder.py:4752]           [INFO]     | Collection Filter episodes: {'audio_language.count_lte': 1, 'percentage': 50}                      |
[2026-08-13 00:15:12,854] [overlays.py:499]           [DEBUG]    |                                                                                                    |
[2026-08-13 00:15:12,854] [overlays.py:500]           [DEBUG]    | Builder: plex_search: (2, "Plex Show Search\nSort By: ['title.asc']\nFilter:\n  Match all of the following:\n    Label is Anime\n    Audio Language is en\n    Audio Language is en\n    Audio Language is en\n    Audio Language is en\n    Audio Language is en\n    Audio Language is en", '?type=2&sort=titleSort&show.label=55792&and=1&episode.audioLanguage=en&and=1&episode.audioLanguage=en-AU&and=1&episode.audioLanguage=en-CA&and=1&episode.audioLanguage=en-GB&and=1&episode.audioLanguage=en-IE&and=1&episode.audioLanguage=en-US') |
[2026-08-13 00:15:12,854] [overlays.py:501]           [INFO]     |                                                                                                    |
[2026-08-13 00:15:12,854] [plex.py:1877]              [INFO]     | Processing Plex Show Search                                                                        |
                                                                 | Sort By: ['title.asc']                                                                             |
                                                                 | Filter:                                                                                            |
                                                                 |   Match all of the following:                                                                      |
                                                                 |     Label is Anime                                                                                 |
                                                                 |     Audio Language is en                                                                           |
                                                                 |     Audio Language is en                                                                           |
                                                                 |     Audio Language is en                                                                           |
                                                                 |     Audio Language is en                                                                           |
                                                                 |     Audio Language is en                                                                           |
                                                                 |     Audio Language is en                                                                           |
[2026-08-13 00:15:12,857] [plex.py:1878]              [TRACE]    | ?type=2&sort=titleSort&show.label=55792&and=1&episode.audioLanguage=en&and=1&episode.audioLanguage=en-AU&and=1&episode.audioLanguage=en-CA&and=1&episode.audioLanguage=en-GB&and=1&episode.audioLanguage=en-IE&and=1&episode.audioLanguage=en-US |
[2026-08-13 00:15:13,887] [overlays.py:506]           [INFO]     |                                                                                                    |
[2026-08-13 00:15:13,887] [overlays.py:507]           [WARNING]  | Plex Error: No Items found in Plex                                                                 |
[2026-08-13 00:15:13,888] [overlays.py:524]           [WARNING]  | No Items found for Overlay File (0) Dubbed                                                         |
[2026-08-13 00:15:13,888] [overlays.py:525]           [INFO]     |                                                                                                    |
[2026-08-13 00:15:13,889] [builder.py:736]            [INFO]     |====================================================================================================|
[2026-08-13 00:15:13,889] [builder.py:736]            [INFO]     |                                     Subbed Overlay in TV Shows                                     |
[2026-08-13 00:15:13,889] [builder.py:736]            [INFO]     |====================================================================================================|
[2026-08-13 00:15:13,889] [builder.py:737]            [INFO]     |                                                                                                    |
[2026-08-13 00:15:13,890] [builder.py:776]            [INFO]     |=================================== Validating Subbed Attributes ===================================|
[2026-08-13 00:15:13,933] [plex.py:1772]              [DEBUG]    |                                                                                                    |
[2026-08-13 00:15:13,933] [plex.py:1775]              [DEBUG]    | Looking for: Subbed                                                                                |
[2026-08-13 00:15:13,933] [overlay.py:155]            [DEBUG]    |                                                                                                    |
[2026-08-13 00:15:13,934] [overlay.py:156]            [DEBUG]    | Validating Method: overlay                                                                         |
[2026-08-13 00:15:13,934] [overlay.py:157]            [DEBUG]    | Value: {'name': 'subbed4', 'group': 'anime_audio', 'weight': 10, 'vertical_offset': 0, 'vertical_align': 'top', 'horizontal_offset': 0, 'horizontal_align': 'left'} |
[2026-08-13 00:15:13,935] [builder.py:1186]           [DEBUG]    |                                                                                                    |
[2026-08-13 00:15:13,936] [builder.py:1187]           [DEBUG]    | Validating Method: ignore_blank_results                                                            |
[2026-08-13 00:15:13,936] [builder.py:1188]           [DEBUG]    | Value: True                                                                                        |
[2026-08-13 00:15:13,936] [builder.py:1551]           [DEBUG]    |                                                                                                    |
[2026-08-13 00:15:13,936] [builder.py:1555]           [DEBUG]    | Validating Method: plex_search                                                                     |
[2026-08-13 00:15:13,937] [builder.py:1556]           [DEBUG]    | Value: {'all': {'label': 'Anime', 'audio_language.not': 'en', 'subtitle_language': 'en'}}          |
[2026-08-13 00:15:18,836] [builder.py:1551]           [DEBUG]    |                                                                                                    |
[2026-08-13 00:15:18,836] [builder.py:1555]           [DEBUG]    | Validating Method: filters                                                                         |
[2026-08-13 00:15:18,837] [builder.py:1556]           [DEBUG]    | Value: {'audio_language.count_lte': 1}                                                             |
[2026-08-13 00:15:18,837] [builder.py:1787]           [INFO]     |                                                                                                    |
[2026-08-13 00:15:18,838] [builder.py:1788]           [INFO]     | Validation Successful                                                                              |
[2026-08-13 00:15:18,838] [overlays.py:489]           [INFO]     |                                                                                                    |
[2026-08-13 00:15:18,838] [overlays.py:491]           [INFO]     |================================ Gathering Items for Subbed Overlay ================================|
[2026-08-13 00:15:18,838] [builder.py:4750]           [INFO]     |                                                                                                    |
[2026-08-13 00:15:18,839] [builder.py:4752]           [INFO]     | Collection Filter episodes: {'audio_language.count_lte': 1, 'percentage': 50}                      |
[2026-08-13 00:15:18,839] [overlays.py:499]           [DEBUG]    |                                                                                                    |
[2026-08-13 00:15:18,839] [overlays.py:500]           [DEBUG]    | Builder: plex_search: (2, "Plex Show Search\nSort By: ['title.asc']\nFilter:\n  Match all of the following:\n    Label is Anime\n    Audio Language is not en\n    Audio Language is not en\n    Audio Language is not en\n    Audio Language is not en\n    Audio Language is not en\n    Audio Language is not en\n    Subtitle Language is en\n    Subtitle Language is en\n    Subtitle Language is en\n    Subtitle Language is en\n    Subtitle Language is en\n    Subtitle Language is en\n    Subtitle Language is en\n    Subtitle Language is en", '?type=2&sort=titleSort&show.label=55792&and=1&episode.audioLanguage!=en&and=1&episode.audioLanguage!=en-AU&and=1&episode.audioLanguage!=en-CA&and=1&episode.audioLanguage!=en-GB&and=1&episode.audioLanguage!=en-IE&and=1&episode.audioLanguage!=en-US&and=1&episode.subtitleLanguage=en&and=1&episode.subtitleLanguage=en-AU&and=1&episode.subtitleLanguage=en-CA&and=1&episode.subtitleLanguage=en-GB&and=1&episode.subtitleLanguage=en-IE&and=1&episode.subtitleLanguage=en-IN&and=1&episode.subtitleLanguage=en-US&and=1&episode.subtitleLanguage=eng') |
[2026-08-13 00:15:18,840] [overlays.py:501]           [INFO]     |                                                                                                    |
[2026-08-13 00:15:18,840] [plex.py:1877]              [INFO]     | Processing Plex Show Search                                                                        |
                                                                 | Sort By: ['title.asc']                                                                             |
                                                                 | Filter:                                                                                            |
                                                                 |   Match all of the following:                                                                      |
                                                                 |     Label is Anime                                                                                 |
                                                                 |     Audio Language is not en                                                                       |
                                                                 |     Audio Language is not en                                                                       |
                                                                 |     Audio Language is not en                                                                       |
                                                                 |     Audio Language is not en                                                                       |
                                                                 |     Audio Language is not en                                                                       |
                                                                 |     Audio Language is not en                                                                       |
                                                                 |     Subtitle Language is en                                                                        |
                                                                 |     Subtitle Language is en                                                                        |
                                                                 |     Subtitle Language is en                                                                        |
                                                                 |     Subtitle Language is en                                                                        |
                                                                 |     Subtitle Language is en                                                                        |
                                                                 |     Subtitle Language is en                                                                        |
                                                                 |     Subtitle Language is en                                                                        |
                                                                 |     Subtitle Language is en                                                                        |
[2026-08-13 00:15:18,844] [plex.py:1878]              [TRACE]    | ?type=2&sort=titleSort&show.label=55792&and=1&episode.audioLanguage!=en&and=1&episode.audioLanguage!=en-AU&and=1&episode.audioLanguage!=en-CA&and=1&episode.audioLanguage!=en-GB&and=1&episode.audioLanguage!=en-IE&and=1&episode.audioLanguage!=en-US&and=1&episode.subtitleLanguage=en&and=1&episode.subtitleLanguage=en-AU&and=1&episode.subtitleLanguage=en-CA&and=1&episode.subtitleLanguage=en-GB&and=1&episode.subtitleLanguage=en-IE&and=1&episode.subtitleLanguage=en-IN&and=1&episode.subtitleLanguage=en-US&and=1&episode.subtitleLanguage=eng |
[2026-08-13 00:15:19,690] [overlays.py:506]           [INFO]     |                                                                                                    |
[2026-08-13 00:15:19,690] [overlays.py:507]           [WARNING]  | Plex Error: No Items found in Plex                                                                 |
[2026-08-13 00:15:19,691] [overlays.py:524]           [WARNING]  | No Items found for Overlay File (0) Subbed                                                         |
[2026-08-13 00:15:19,691] [overlays.py:525]           [INFO]     |                                                                                                    |
[2026-08-13 00:15:19,691] [builder.py:736]            [INFO]     |====================================================================================================|
[2026-08-13 00:15:19,692] [builder.py:736]            [INFO]     |                                      Dual Overlay in TV Shows                                      |
[2026-08-13 00:15:19,692] [builder.py:736]            [INFO]     |====================================================================================================|
[2026-08-13 00:15:19,692] [builder.py:737]            [INFO]     |                                                                                                    |
[2026-08-13 00:15:19,692] [builder.py:776]            [INFO]     |==================================== Validating Dual Attributes ====================================|
[2026-08-13 00:15:19,730] [plex.py:1772]              [DEBUG]    |                                                                                                    |
[2026-08-13 00:15:19,730] [plex.py:1775]              [DEBUG]    | Looking for: Dual                                                                                  |
[2026-08-13 00:15:19,731] [overlay.py:155]            [DEBUG]    |                                                                                                    |
[2026-08-13 00:15:19,731] [overlay.py:156]            [DEBUG]    | Validating Method: overlay                                                                         |
[2026-08-13 00:15:19,731] [overlay.py:157]            [DEBUG]    | Value: {'name': 'dual_audio5', 'group': 'anime_audio', 'weight': 30, 'horizontal_offset': 0, 'horizontal_align': 'left', 'vertical_offset': 0, 'vertical_align': 'top'} |
[2026-08-13 00:15:19,733] [builder.py:1186]           [DEBUG]    |                                                                                                    |
[2026-08-13 00:15:19,733] [builder.py:1187]           [DEBUG]    | Validating Method: ignore_blank_results                                                            |
[2026-08-13 00:15:19,734] [builder.py:1188]           [DEBUG]    | Value: True                                                                                        |
[2026-08-13 00:15:19,734] [builder.py:1551]           [DEBUG]    |                                                                                                    |
[2026-08-13 00:15:19,734] [builder.py:1555]           [DEBUG]    | Validating Method: plex_search                                                                     |
[2026-08-13 00:15:19,735] [builder.py:1556]           [DEBUG]    | Value: {'all': {'label': 'Anime', 'audio_language': ['en', 'ja']}}                                 |
[2026-08-13 00:15:19,737] [builder.py:1787]           [INFO]     |                                                                                                    |
[2026-08-13 00:15:19,738] [builder.py:1788]           [INFO]     | Validation Successful                                                                              |
[2026-08-13 00:15:19,738] [overlays.py:489]           [INFO]     |                                                                                                    |
[2026-08-13 00:15:19,738] [overlays.py:491]           [INFO]     |================================= Gathering Items for Dual Overlay =================================|
[2026-08-13 00:15:19,738] [overlays.py:499]           [DEBUG]    |                                                                                                    |
[2026-08-13 00:15:19,739] [overlays.py:500]           [DEBUG]    | Builder: plex_search: (2, "Plex Show Search\nSort By: ['title.asc']\nFilter:\n  Match all of the following:\n    Label is Anime\n    Audio Language is en\n    Audio Language is en\n    Audio Language is en\n    Audio Language is en\n    Audio Language is en\n    Audio Language is en\n    Audio Language is ja\n    Audio Language is ja", '?type=2&sort=titleSort&show.label=55792&and=1&episode.audioLanguage=en&and=1&episode.audioLanguage=en-AU&and=1&episode.audioLanguage=en-CA&and=1&episode.audioLanguage=en-GB&and=1&episode.audioLanguage=en-IE&and=1&episode.audioLanguage=en-US&and=1&episode.audioLanguage=ja&and=1&episode.audioLanguage=ja-JP') |
[2026-08-13 00:15:19,739] [overlays.py:501]           [INFO]     |                                                                                                    |
[2026-08-13 00:15:19,739] [plex.py:1877]              [INFO]     | Processing Plex Show Search                                                                        |
                                                                 | Sort By: ['title.asc']                                                                             |
                                                                 | Filter:                                                                                            |
                                                                 |   Match all of the following:                                                                      |
                                                                 |     Label is Anime                                                                                 |
                                                                 |     Audio Language is en                                                                           |
                                                                 |     Audio Language is en                                                                           |
                                                                 |     Audio Language is en                                                                           |
                                                                 |     Audio Language is en                                                                           |
                                                                 |     Audio Language is en                                                                           |
                                                                 |     Audio Language is en                                                                           |
                                                                 |     Audio Language is ja                                                                           |
                                                                 |     Audio Language is ja                                                                           |
[2026-08-13 00:15:19,742] [plex.py:1878]              [TRACE]    | ?type=2&sort=titleSort&show.label=55792&and=1&episode.audioLanguage=en&and=1&episode.audioLanguage=en-AU&and=1&episode.audioLanguage=en-CA&and=1&episode.audioLanguage=en-GB&and=1&episode.audioLanguage=en-IE&and=1&episode.audioLanguage=en-US&and=1&episode.audioLanguage=ja&and=1&episode.audioLanguage=ja-JP |
[2026-08-13 00:15:20,755] [overlays.py:506]           [INFO]     |                                                                                                    |
[2026-08-13 00:15:20,755] [overlays.py:507]           [WARNING]  | Plex Error: No Items found in Plex                                                                 |
[2026-08-13 00:15:20,756] [overlays.py:524]           [WARNING]  | No Items found for Overlay File (0) Dual                                                           |
[2026-08-13 00:15:20,756] [overlays.py:525]           [INFO]     |                                                                                                    |
[2026-08-13 00:15:20,756] [builder.py:736]            [INFO]     |====================================================================================================|
[2026-08-13 00:15:20,756] [builder.py:736]            [INFO]     |                                  DualChinese Overlay in TV Shows                                   |
[2026-08-13 00:15:20,757] [builder.py:736]            [INFO]     |====================================================================================================|
[2026-08-13 00:15:20,757] [builder.py:737]            [INFO]     |                                                                                                    |
[2026-08-13 00:15:20,757] [builder.py:776]            [INFO]     |================================ Validating DualChinese Attributes =================================|
[2026-08-13 00:15:20,794] [plex.py:1772]              [DEBUG]    |                                                                                                    |
[2026-08-13 00:15:20,794] [plex.py:1775]              [DEBUG]    | Looking for: DualChinese                                                                           |
[2026-08-13 00:15:20,795] [overlay.py:155]            [DEBUG]    |                                                                                                    |
[2026-08-13 00:15:20,795] [overlay.py:156]            [DEBUG]    | Validating Method: overlay                                                                         |
[2026-08-13 00:15:20,795] [overlay.py:157]            [DEBUG]    | Value: {'name': 'dual_audio5', 'group': 'anime_audio', 'weight': 5, 'horizontal_offset': 0, 'horizontal_align': 'left', 'vertical_offset': 0, 'vertical_align': 'top'} |
[2026-08-13 00:15:20,797] [builder.py:1186]           [DEBUG]    |                                                                                                    |
[2026-08-13 00:15:20,797] [builder.py:1187]           [DEBUG]    | Validating Method: ignore_blank_results                                                            |
[2026-08-13 00:15:20,797] [builder.py:1188]           [DEBUG]    | Value: True                                                                                        |
[2026-08-13 00:15:20,798] [builder.py:1551]           [DEBUG]    |                                                                                                    |
[2026-08-13 00:15:20,798] [builder.py:1555]           [DEBUG]    | Validating Method: plex_search                                                                     |
[2026-08-13 00:15:20,798] [builder.py:1556]           [DEBUG]    | Value: {'all': {'label': 'Anime', 'audio_language': ['en', 'zh']}}                                 |
[2026-08-13 00:15:20,801] [builder.py:1787]           [INFO]     |                                                                                                    |
[2026-08-13 00:15:20,801] [builder.py:1788]           [INFO]     | Validation Successful                                                                              |
[2026-08-13 00:15:20,801] [overlays.py:489]           [INFO]     |                                                                                                    |
[2026-08-13 00:15:20,801] [overlays.py:491]           [INFO]     |============================= Gathering Items for DualChinese Overlay ==============================|
[2026-08-13 00:15:20,801] [overlays.py:499]           [DEBUG]    |                                                                                                    |
[2026-08-13 00:15:20,802] [overlays.py:500]           [DEBUG]    | Builder: plex_search: (2, "Plex Show Search\nSort By: ['title.asc']\nFilter:\n  Match all of the following:\n    Label is Anime\n    Audio Language is en\n    Audio Language is en\n    Audio Language is en\n    Audio Language is en\n    Audio Language is en\n    Audio Language is en\n    Audio Language is zh\n    Audio Language is zh\n    Audio Language is zh", '?type=2&sort=titleSort&show.label=55792&and=1&episode.audioLanguage=en&and=1&episode.audioLanguage=en-AU&and=1&episode.audioLanguage=en-CA&and=1&episode.audioLanguage=en-GB&and=1&episode.audioLanguage=en-IE&and=1&episode.audioLanguage=en-US&and=1&episode.audioLanguage=zh&and=1&episode.audioLanguage=zh-CN&and=1&episode.audioLanguage=zh-Hans') |
[2026-08-13 00:15:20,802] [overlays.py:501]           [INFO]     |                                                                                                    |
[2026-08-13 00:15:20,802] [plex.py:1877]              [INFO]     | Processing Plex Show Search                                                                        |
                                                                 | Sort By: ['title.asc']                                                                             |
                                                                 | Filter:                                                                                            |
                                                                 |   Match all of the following:                                                                      |
                                                                 |     Label is Anime                                                                                 |
                                                                 |     Audio Language is en                                                                           |
                                                                 |     Audio Language is en                                                                           |
                                                                 |     Audio Language is en                                                                           |
                                                                 |     Audio Language is en                                                                           |
                                                                 |     Audio Language is en                                                                           |
                                                                 |     Audio Language is en                                                                           |
                                                                 |     Audio Language is zh                                                                           |
                                                                 |     Audio Language is zh                                                                           |
                                                                 |     Audio Language is zh                                                                           |
[2026-08-13 00:15:20,805] [plex.py:1878]              [TRACE]    | ?type=2&sort=titleSort&show.label=55792&and=1&episode.audioLanguage=en&and=1&episode.audioLanguage=en-AU&and=1&episode.audioLanguage=en-CA&and=1&episode.audioLanguage=en-GB&and=1&episode.audioLanguage=en-IE&and=1&episode.audioLanguage=en-US&and=1&episode.audioLanguage=zh&and=1&episode.audioLanguage=zh-CN&and=1&episode.audioLanguage=zh-Hans |
[2026-08-13 00:15:21,799] [overlays.py:506]           [INFO]     |                                                                                                    |
[2026-08-13 00:15:21,799] [overlays.py:507]           [WARNING]  | Plex Error: No Items found in Plex                                                                 |
[2026-08-13 00:15:21,800] [overlays.py:524]           [WARNING]  | No Items found for Overlay File (0) DualChinese                                                    |
[2026-08-13 00:15:21,800] [overlays.py:525]           [INFO]     |                                                                                                    |
[2026-08-13 00:15:21,801] [builder.py:736]            [INFO]     |====================================================================================================|
[2026-08-13 00:15:21,801] [builder.py:736]            [INFO]     |                                   MAL Top 10 Overlay in TV Shows                                   |
[2026-08-13 00:15:21,801] [builder.py:736]            [INFO]     |====================================================================================================|
[2026-08-13 00:15:21,802] [builder.py:737]            [INFO]     |                                                                                                    |
[2026-08-13 00:15:21,802] [builder.py:776]            [INFO]     |================================= Validating MAL Top 10 Attributes =================================|
[2026-08-13 00:15:21,839] [plex.py:1772]              [DEBUG]    |                                                                                                    |
[2026-08-13 00:15:21,839] [plex.py:1775]              [DEBUG]    | Looking for: MAL Top 10                                                                            |
[2026-08-13 00:15:21,840] [overlay.py:155]            [DEBUG]    |                                                                                                    |
[2026-08-13 00:15:21,840] [overlay.py:156]            [DEBUG]    | Validating Method: overlay                                                                         |
[2026-08-13 00:15:21,840] [overlay.py:157]            [DEBUG]    | Value: {'name': 'MALTop10', 'group': 'mal_top', 'weight': 50, 'horizontal_offset': 0, 'horizontal_align': 'right', 'vertical_offset': 0, 'vertical_align': 'bottom'} |
[2026-08-13 00:15:21,842] [builder.py:1551]           [DEBUG]    |                                                                                                    |
[2026-08-13 00:15:21,842] [builder.py:1555]           [DEBUG]    | Validating Method: mal_all                                                                         |
[2026-08-13 00:15:21,843] [builder.py:1556]           [DEBUG]    | Value: 10                                                                                          |
[2026-08-13 00:15:21,843] [builder.py:1787]           [INFO]     |                                                                                                    |
[2026-08-13 00:15:21,843] [builder.py:1788]           [INFO]     | Validation Successful                                                                              |
[2026-08-13 00:15:21,843] [overlays.py:489]           [INFO]     |                                                                                                    |
[2026-08-13 00:15:21,844] [overlays.py:491]           [INFO]     |============================== Gathering Items for MAL Top 10 Overlay ==============================|
[2026-08-13 00:15:21,844] [overlays.py:499]           [DEBUG]    |                                                                                                    |
[2026-08-13 00:15:21,844] [overlays.py:500]           [DEBUG]    | Builder: mal_all: 10                                                                               |
[2026-08-13 00:15:21,845] [overlays.py:501]           [INFO]     |                                                                                                    |
[2026-08-13 00:15:21,845] [mal.py:323]                [INFO]     | Processing MyAnimeList All: 10 Anime                                                               |
[2026-08-13 00:15:21,845] [mal.py:210]                [TRACE]    | URL: https://api.myanimelist.net/v2/anime/ranking?ranking_type=all&limit=10                        |
[2026-08-13 00:15:21,973] [mal.py:213]                [TRACE]    | Response: {'data': [{'node': {'id': 52991, 'title': 'Sousou no Frieren', 'main_picture': {'medium': 'https://cdn.myanimelist.net/images/anime/1015/138006.webp', 'large': 'https://cdn.myanimelist.net/images/anime/1015/138006l.webp'}}, 'ranking': {'rank': 1}}, {'node': {'id': 61316, 'title': 'Re:Zero kara Hajimeru Isekai Seikatsu 4th Season', 'main_picture': {'medium': 'https://cdn.myanimelist.net/images/anime/1540/155824.jpg', 'large': 'https://cdn.myanimelist.net/images/anime/1540/155824l.jpg'}}, 'ranking': {'rank': 2}}, {'node': {'id': 5114, 'title': 'Fullmetal Alchemist: Brotherhood', 'main_picture': {'medium': 'https://cdn.myanimelist.net/images/anime/1208/94745.webp', 'large': 'https://cdn.myanimelist.net/images/anime/1208/94745l.webp'}}, 'ranking': {'rank': 3}}, {'node': {'id': 61469, 'title': 'Steel Ball Run: JoJo no Kimyou na Bouken', 'main_picture': {'medium': 'https://cdn.myanimelist.net/images/anime/1448/154111.jpg', 'large': 'https://cdn.myanimelist.net/images/anime/1448/154111l.jpg'}}, 'ranking': {'rank': 4}}, {'node': {'id': 9253, 'title': 'Steins;Gate', 'main_picture': {'medium': 'https://cdn.myanimelist.net/images/anime/1935/127974.webp', 'large': 'https://cdn.myanimelist.net/images/anime/1935/127974l.webp'}}, 'ranking': {'rank': 5}}, {'node': {'id': 57555, 'title': 'Chainsaw Man Movie: Reze-hen', 'main_picture': {'medium': 'https://cdn.myanimelist.net/images/anime/1763/150638.jpg', 'large': 'https://cdn.myanimelist.net/images/anime/1763/150638l.jpg'}}, 'ranking': {'rank': 6}}, {'node': {'id': 39486, 'title': 'Gintama: The Final', 'main_picture': {'medium': 'https://cdn.myanimelist.net/images/anime/1245/116760.jpg', 'large': 'https://cdn.myanimelist.net/images/anime/1245/116760l.jpg'}}, 'ranking': {'rank': 7}}, {'node': {'id': 28977, 'title': 'Gintama°', 'main_picture': {'medium': 'https://cdn.myanimelist.net/images/anime/3/72078.jpg', 'large': 'https://cdn.myanimelist.net/images/anime/3/72078l.jpg'}}, 'ranking': {'rank': 8}}, {'node': {'id': 38524, 'title': 'Shingeki no Kyojin Season 3 Part 2', 'main_picture': {'medium': 'https://cdn.myanimelist.net/images/anime/1517/100633.jpg', 'large': 'https://cdn.myanimelist.net/images/anime/1517/100633l.jpg'}}, 'ranking': {'rank': 9}}, {'node': {'id': 11061, 'title': 'Hunter x Hunter (2011)', 'main_picture': {'medium': 'https://cdn.myanimelist.net/images/anime/1337/99013.webp', 'large': 'https://cdn.myanimelist.net/images/anime/1337/99013l.webp'}}, 'ranking': {'rank': 10}}], 'paging': {'next': 'https://api.myanimelist.net/v2/anime/ranking?offset=10&ranking_type=all&limit=10'}} |
[2026-08-13 00:15:21,974] [mal.py:339]                [DEBUG]    |                                                                                                    |
[2026-08-13 00:15:21,976] [mal.py:340]                [DEBUG]    | 10 MyAnimeList IDs Found                                                                           |
[2026-08-13 00:15:21,976] [mal.py:341]                [TRACE]    | IDs: [52991, 61316, 5114, 61469, 9253, 57555, 39486, 28977, 38524, 11061]                          |
[2026-08-13 00:15:21,976] [builder.py:3791]           [DEBUG]    |                                                                                                    |
[2026-08-13 00:15:21,977] [builder.py:3792]           [DEBUG]    | 10 IDs Found                                                                                       |
[2026-08-13 00:15:21,977] [builder.py:3793]           [TRACE]    | IDs: [(424536, 'tvdb'), (305089, 'tvdb'), (85249, 'tvdb'), (262954, 'tvdb'), (244061, 'tvdb'), (1218925, 'tmdb'), (732203, 'tmdb'), (79895, 'tvdb'), (267440, 'tvdb'), (252322, 'tvdb')] |
[2026-08-13 00:15:21,977] [builder.py:3794]           [DEBUG]    |                                                                                                    |
[2026-08-13 00:15:22,076] [overlays.py:521]           [INFO]     | 8 Items found for Overlay File (0) MAL Top 10                                                      |
[2026-08-13 00:15:22,076] [overlays.py:522]           [TRACE]    | Titles Found: ["Frieren: Beyond Journey's End", 'Re:ZERO -Starting Life in Another World-', 'Fullmetal Alchemist: Brotherhood', "JoJo's Bizarre Adventure", 'Steins;Gate', 'Gintama', 'Attack on Titan', 'Hunter x Hunter'] |
[2026-08-13 00:15:22,076] [overlays.py:525]           [INFO]     |                                                                                                    |
[2026-08-13 00:15:22,077] [builder.py:736]            [INFO]     |====================================================================================================|
[2026-08-13 00:15:22,077] [builder.py:736]            [INFO]     |                                   MAL Top 25 Overlay in TV Shows                                   |
[2026-08-13 00:15:22,077] [builder.py:736]            [INFO]     |====================================================================================================|
[2026-08-13 00:15:22,078] [builder.py:737]            [INFO]     |                                                                                                    |
[2026-08-13 00:15:22,078] [builder.py:776]            [INFO]     |================================= Validating MAL Top 25 Attributes =================================|
[2026-08-13 00:15:22,116] [plex.py:1772]              [DEBUG]    |                                                                                                    |
[2026-08-13 00:15:22,116] [plex.py:1775]              [DEBUG]    | Looking for: MAL Top 25                                                                            |
[2026-08-13 00:15:22,117] [overlay.py:155]            [DEBUG]    |                                                                                                    |
[2026-08-13 00:15:22,117] [overlay.py:156]            [DEBUG]    | Validating Method: overlay                                                                         |
[2026-08-13 00:15:22,117] [overlay.py:157]            [DEBUG]    | Value: {'name': 'MALTop25', 'group': 'mal_top', 'weight': 40, 'horizontal_offset': 0, 'horizontal_align': 'right', 'vertical_offset': 0, 'vertical_align': 'bottom'} |
[2026-08-13 00:15:22,119] [builder.py:1551]           [DEBUG]    |                                                                                                    |
[2026-08-13 00:15:22,119] [builder.py:1555]           [DEBUG]    | Validating Method: mal_all                                                                         |
[2026-08-13 00:15:22,119] [builder.py:1556]           [DEBUG]    | Value: 25                                                                                          |
[2026-08-13 00:15:22,119] [builder.py:1787]           [INFO]     |                                                                                                    |
[2026-08-13 00:15:22,120] [builder.py:1788]           [INFO]     | Validation Successful                                                                              |
[2026-08-13 00:15:22,120] [overlays.py:489]           [INFO]     |                                                                                                    |
[2026-08-13 00:15:22,120] [overlays.py:491]           [INFO]     |============================== Gathering Items for MAL Top 25 Overlay ==============================|
[2026-08-13 00:15:22,120] [overlays.py:499]           [DEBUG]    |                                                                                                    |
[2026-08-13 00:15:22,121] [overlays.py:500]           [DEBUG]    | Builder: mal_all: 25                                                                               |
[2026-08-13 00:15:22,121] [overlays.py:501]           [INFO]     |                                                                                                    |
[2026-08-13 00:15:22,121] [mal.py:323]                [INFO]     | Processing MyAnimeList All: 25 Anime                                                               |
[2026-08-13 00:15:22,121] [mal.py:210]                [TRACE]    | URL: https://api.myanimelist.net/v2/anime/ranking?ranking_type=all&limit=25                        |
[2026-08-13 00:15:22,252] [mal.py:213]                [TRACE]    | Response: {'data': [{'node': {'id': 52991, 'title': 'Sousou no Frieren', 'main_picture': {'medium': 'https://cdn.myanimelist.net/images/anime/1015/138006.webp', 'large': 'https://cdn.myanimelist.net/images/anime/1015/138006l.webp'}}, 'ranking': {'rank': 1}}, {'node': {'id': 61316, 'title': 'Re:Zero kara Hajimeru Isekai Seikatsu 4th Season', 'main_picture': {'medium': 'https://cdn.myanimelist.net/images/anime/1540/155824.jpg', 'large': 'https://cdn.myanimelist.net/images/anime/1540/155824l.jpg'}}, 'ranking': {'rank': 2}}, {'node': {'id': 5114, 'title': 'Fullmetal Alchemist: Brotherhood', 'main_picture': {'medium': 'https://cdn.myanimelist.net/images/anime/1208/94745.webp', 'large': 'https://cdn.myanimelist.net/images/anime/1208/94745l.webp'}}, 'ranking': {'rank': 3}}, {'node': {'id': 61469, 'title': 'Steel Ball Run: JoJo no Kimyou na Bouken', 'main_picture': {'medium': 'https://cdn.myanimelist.net/images/anime/1448/154111.jpg', 'large': 'https://cdn.myanimelist.net/images/anime/1448/154111l.jpg'}}, 'ranking': {'rank': 4}}, {'node': {'id': 9253, 'title': 'Steins;Gate', 'main_picture': {'medium': 'https://cdn.myanimelist.net/images/anime/1935/127974.webp', 'large': 'https://cdn.myanimelist.net/images/anime/1935/127974l.webp'}}, 'ranking': {'rank': 5}}, {'node': {'id': 57555, 'title': 'Chainsaw Man Movie: Reze-hen', 'main_picture': {'medium': 'https://cdn.myanimelist.net/images/anime/1763/150638.jpg', 'large': 'https://cdn.myanimelist.net/images/anime/1763/150638l.jpg'}}, 'ranking': {'rank': 6}}, {'node': {'id': 39486, 'title': 'Gintama: The Final', 'main_picture': {'medium': 'https://cdn.myanimelist.net/images/anime/1245/116760.jpg', 'large': 'https://cdn.myanimelist.net/images/anime/1245/116760l.jpg'}}, 'ranking': {'rank': 7}}, {'node': {'id': 28977, 'title': 'Gintama°', 'main_picture': {'medium': 'https://cdn.myanimelist.net/images/anime/3/72078.jpg', 'large': 'https://cdn.myanimelist.net/images/anime/3/72078l.jpg'}}, 'ranking': {'rank': 8}}, {'node': {'id': 38524, 'title': 'Shingeki no Kyojin Season 3 Part 2', 'main_picture': {'medium': 'https://cdn.myanimelist.net/images/anime/1517/100633.jpg', 'large': 'https://cdn.myanimelist.net/images/anime/1517/100633l.jpg'}}, 'ranking': {'rank': 9}}, {'node': {'id': 11061, 'title': 'Hunter x Hunter (2011)', 'main_picture': {'medium': 'https://cdn.myanimelist.net/images/anime/1337/99013.webp', 'large': 'https://cdn.myanimelist.net/images/anime/1337/99013l.webp'}}, 'ranking': {'rank': 10}}, {'node': {'id': 820, 'title': 'Ginga Eiyuu Densetsu', 'main_picture': {'medium': 'https://cdn.myanimelist.net/images/anime/1976/142016.jpg', 'large': 'https://cdn.myanimelist.net/images/anime/1976/142016l.jpg'}}, 'ranking': {'rank': 11}}, {'node': {'id': 9969, 'title': "Gintama'", 'main_picture': {'medium': 'https://cdn.myanimelist.net/images/anime/4/50361.webp', 'large': 'https://cdn.myanimelist.net/images/anime/4/50361l.webp'}}, 'ranking': {'rank': 12}}, {'node': {'id': 15417, 'title': "Gintama': Enchousen", 'main_picture': {'medium': 'https://cdn.myanimelist.net/images/anime/1452/123686.webp', 'large': 'https://cdn.myanimelist.net/images/anime/1452/123686l.webp'}}, 'ranking': {'rank': 13}}, {'node': {'id': 60636, 'title': 'Bleach: Sennen Kessen-hen - Kashin-tan', 'main_picture': {'medium': 'https://cdn.myanimelist.net/images/anime/1275/158595.jpg', 'large': 'https://cdn.myanimelist.net/images/anime/1275/158595l.jpg'}}, 'ranking': {'rank': 14}}, {'node': {'id': 60022, 'title': 'One Piece Fan Letter', 'main_picture': {'medium': 'https://cdn.myanimelist.net/images/anime/1455/146229.jpg', 'large': 'https://cdn.myanimelist.net/images/anime/1455/146229l.jpg'}}, 'ranking': {'rank': 15}}, {'node': {'id': 41467, 'title': 'Bleach: Sennen Kessen-hen', 'main_picture': {'medium': 'https://cdn.myanimelist.net/images/anime/1908/135431.webp', 'large': 'https://cdn.myanimelist.net/images/anime/1908/135431l.webp'}}, 'ranking': {'rank': 16}}, {'node': {'id': 34096, 'title': 'Gintama.', 'main_picture': {'medium': 'https://cdn.myanimelist.net/images/anime/3/83528.jpg', 'large': 'https://cdn.myanimelist.net/images/anime/3/83528l.jpg'}}, 'ranking': {'rank': 17}}, {'node': {'id': 43608, 'title': 'Kaguya-sama wa Kokurasetai: Ultra Romantic', 'main_picture': {'medium': 'https://cdn.myanimelist.net/images/anime/1160/122627.jpg', 'large': 'https://cdn.myanimelist.net/images/anime/1160/122627l.jpg'}}, 'ranking': {'rank': 18}}, {'node': {'id': 4181, 'title': 'Clannad: After Story', 'main_picture': {'medium': 'https://cdn.myanimelist.net/images/anime/1299/110774.webp', 'large': 'https://cdn.myanimelist.net/images/anime/1299/110774l.webp'}}, 'ranking': {'rank': 19}}, {'node': {'id': 42938, 'title': 'Fruits Basket: The Final', 'main_picture': {'medium': 'https://cdn.myanimelist.net/images/anime/1085/114792.webp', 'large': 'https://cdn.myanimelist.net/images/anime/1085/114792l.webp'}}, 'ranking': {'rank': 20}}, {'node': {'id': 918, 'title': 'Gintama', 'main_picture': {'medium': 'https://cdn.myanimelist.net/images/anime/10/73274.webp', 'large': 'https://cdn.myanimelist.net/images/anime/10/73274l.webp'}}, 'ranking': {'rank': 21}}, {'node': {'id': 28851, 'title': 'Koe no Katachi', 'main_picture': {'medium': 'https://cdn.myanimelist.net/images/anime/1122/96435.webp', 'large': 'https://cdn.myanimelist.net/images/anime/1122/96435l.webp'}}, 'ranking': {'rank': 22}}, {'node': {'id': 2904, 'title': 'Code Geass: Hangyaku no Lelouch R2', 'main_picture': {'medium': 'https://cdn.myanimelist.net/images/anime/1088/135089.jpg', 'large': 'https://cdn.myanimelist.net/images/anime/1088/135089l.jpg'}}, 'ranking': {'rank': 23}}, {'node': {'id': 58514, 'title': 'Kusuriya no Hitorigoto 2nd Season', 'main_picture': {'medium': 'https://cdn.myanimelist.net/images/anime/1025/147458.webp', 'large': 'https://cdn.myanimelist.net/images/anime/1025/147458l.webp'}}, 'ranking': {'rank': 24}}, {'node': {'id': 35180, 'title': '3-gatsu no Lion 2nd Season', 'main_picture': {'medium': 'https://cdn.myanimelist.net/images/anime/3/88469.jpg', 'large': 'https://cdn.myanimelist.net/images/anime/3/88469l.jpg'}}, 'ranking': {'rank': 25}}], 'paging': {'next': 'https://api.myanimelist.net/v2/anime/ranking?offset=25&ranking_type=all&limit=25'}} |
[2026-08-13 00:15:22,253] [mal.py:339]                [DEBUG]    |                                                                                                    |
[2026-08-13 00:15:22,254] [mal.py:340]                [DEBUG]    | 25 MyAnimeList IDs Found                                                                           |
[2026-08-13 00:15:22,255] [mal.py:341]                [TRACE]    | IDs: [52991, 61316, 5114, 61469, 9253, 57555, 39486, 28977, 38524, 11061, 820, 9969, 15417, 60636, 60022, 41467, 34096, 43608, 4181, 42938, 918, 28851, 2904, 58514, 35180] |
[2026-08-13 00:15:22,255] [convert.py:148]            [WARNING]  | Convert Warning: No AniDB ID Found for MyAnimeList ID '60022'                                      |
[2026-08-13 00:15:22,256] [builder.py:3791]           [DEBUG]    |                                                                                                    |
[2026-08-13 00:15:22,256] [builder.py:3792]           [DEBUG]    | 24 IDs Found                                                                                       |
[2026-08-13 00:15:22,256] [builder.py:3793]           [TRACE]    | IDs: [(424536, 'tvdb'), (305089, 'tvdb'), (85249, 'tvdb'), (262954, 'tvdb'), (244061, 'tvdb'), (1218925, 'tmdb'), (732203, 'tmdb'), (79895, 'tvdb'), (267440, 'tvdb'), (252322, 'tvdb'), (81618, 'tvdb'), (79895, 'tvdb'), (79895, 'tvdb'), (74796, 'tvdb'), (74796, 'tvdb'), (79895, 'tvdb'), (354198, 'tvdb'), (80644, 'tvdb'), (357488, 'tvdb'), (79895, 'tvdb'), (378064, 'tmdb'), (79525, 'tvdb'), (431162, 'tvdb'), (306269, 'tvdb')] |
[2026-08-13 00:15:22,256] [builder.py:3794]           [DEBUG]    |                                                                                                    |
[2026-08-13 00:15:22,348] [overlays.py:521]           [INFO]     | 16 Items found for Overlay File (0) MAL Top 25                                                     |
[2026-08-13 00:15:22,349] [overlays.py:522]           [TRACE]    | Titles Found: ["Frieren: Beyond Journey's End", 'Re:ZERO -Starting Life in Another World-', 'Fullmetal Alchemist: Brotherhood', "JoJo's Bizarre Adventure", 'Steins;Gate', 'Gintama', 'Attack on Titan', 'Hunter x Hunter', 'Legend of the Galactic Heroes', 'Bleach', 'Kaguya-sama: Love Is War', 'Clannad', 'Fruits Basket', 'Code Geass: Lelouch of the Rebellion', 'The Apothecary Diaries', 'March Comes In Like a Lion'] |
[2026-08-13 00:15:22,349] [overlays.py:525]           [INFO]     |                                                                                                    |
[2026-08-13 00:15:22,349] [builder.py:736]            [INFO]     |====================================================================================================|
[2026-08-13 00:15:22,350] [builder.py:736]            [INFO]     |                                   MAL Top 50 Overlay in TV Shows                                   |
[2026-08-13 00:15:22,350] [builder.py:736]            [INFO]     |====================================================================================================|
[2026-08-13 00:15:22,350] [builder.py:737]            [INFO]     |                                                                                                    |
[2026-08-13 00:15:22,350] [builder.py:776]            [INFO]     |================================= Validating MAL Top 50 Attributes =================================|
[2026-08-13 00:15:22,387] [plex.py:1772]              [DEBUG]    |                                                                                                    |
[2026-08-13 00:15:22,387] [plex.py:1775]              [DEBUG]    | Looking for: MAL Top 50                                                                            |
[2026-08-13 00:15:22,388] [overlay.py:155]            [DEBUG]    |                                                                                                    |
[2026-08-13 00:15:22,388] [overlay.py:156]            [DEBUG]    | Validating Method: overlay                                                                         |
[2026-08-13 00:15:22,388] [overlay.py:157]            [DEBUG]    | Value: {'name': 'MALTop50', 'group': 'mal_top', 'weight': 30, 'horizontal_offset': 0, 'horizontal_align': 'right', 'vertical_offset': 0, 'vertical_align': 'bottom'} |
[2026-08-13 00:15:22,390] [builder.py:1551]           [DEBUG]    |                                                                                                    |
[2026-08-13 00:15:22,390] [builder.py:1555]           [DEBUG]    | Validating Method: mal_all                                                                         |
[2026-08-13 00:15:22,390] [builder.py:1556]           [DEBUG]    | Value: 50                                                                                          |
[2026-08-13 00:15:22,391] [builder.py:1787]           [INFO]     |                                                                                                    |
[2026-08-13 00:15:22,391] [builder.py:1788]           [INFO]     | Validation Successful                                                                              |
[2026-08-13 00:15:22,391] [overlays.py:489]           [INFO]     |                                                                                                    |
[2026-08-13 00:15:22,392] [overlays.py:491]           [INFO]     |============================== Gathering Items for MAL Top 50 Overlay ==============================|
[2026-08-13 00:15:22,392] [overlays.py:499]           [DEBUG]    |                                                                                                    |
[2026-08-13 00:15:22,393] [overlays.py:500]           [DEBUG]    | Builder: mal_all: 50                                                                               |
[2026-08-13 00:15:22,393] [overlays.py:501]           [INFO]     |                                                                                                    |
[2026-08-13 00:15:22,393] [mal.py:323]                [INFO]     | Processing MyAnimeList All: 50 Anime                                                               |
[2026-08-13 00:15:22,393] [mal.py:210]                [TRACE]    | URL: https://api.myanimelist.net/v2/anime/ranking?ranking_type=all&limit=50                        |
[2026-08-13 00:15:22,545] [mal.py:213]                [TRACE]    | Response: {'data': [{'node': {'id': 52991, 'title': 'Sousou no Frieren', 'main_picture': {'medium': 'https://cdn.myanimelist.net/images/anime/1015/138006.webp', 'large': 'https://cdn.myanimelist.net/images/anime/1015/138006l.webp'}}, 'ranking': {'rank': 1}}, {'node': {'id': 61316, 'title': 'Re:Zero kara Hajimeru Isekai Seikatsu 4th Season', 'main_picture': {'medium': 'https://cdn.myanimelist.net/images/anime/1540/155824.jpg', 'large': 'https://cdn.myanimelist.net/images/anime/1540/155824l.jpg'}}, 'ranking': {'rank': 2}}, {'node': {'id': 5114, 'title': 'Fullmetal Alchemist: Brotherhood', 'main_picture': {'medium': 'https://cdn.myanimelist.net/images/anime/1208/94745.webp', 'large': 'https://cdn.myanimelist.net/images/anime/1208/94745l.webp'}}, 'ranking': {'rank': 3}}, {'node': {'id': 61469, 'title': 'Steel Ball Run: JoJo no Kimyou na Bouken', 'main_picture': {'medium': 'https://cdn.myanimelist.net/images/anime/1448/154111.jpg', 'large': 'https://cdn.myanimelist.net/images/anime/1448/154111l.jpg'}}, 'ranking': {'rank': 4}}, {'node': {'id': 9253, 'title': 'Steins;Gate', 'main_picture': {'medium': 'https://cdn.myanimelist.net/images/anime/1935/127974.webp', 'large': 'https://cdn.myanimelist.net/images/anime/1935/127974l.webp'}}, 'ranking': {'rank': 5}}, {'node': {'id': 57555, 'title': 'Chainsaw Man Movie: Reze-hen', 'main_picture': {'medium': 'https://cdn.myanimelist.net/images/anime/1763/150638.jpg', 'large': 'https://cdn.myanimelist.net/images/anime/1763/150638l.jpg'}}, 'ranking': {'rank': 6}}, {'node': {'id': 39486, 'title': 'Gintama: The Final', 'main_picture': {'medium': 'https://cdn.myanimelist.net/images/anime/1245/116760.jpg', 'large': 'https://cdn.myanimelist.net/images/anime/1245/116760l.jpg'}}, 'ranking': {'rank': 7}}, {'node': {'id': 28977, 'title': 'Gintama°', 'main_picture': {'medium': 'https://cdn.myanimelist.net/images/anime/3/72078.jpg', 'large': 'https://cdn.myanimelist.net/images/anime/3/72078l.jpg'}}, 'ranking': {'rank': 8}}, {'node': {'id': 38524, 'title': 'Shingeki no Kyojin Season 3 Part 2', 'main_picture': {'medium': 'https://cdn.myanimelist.net/images/anime/1517/100633.jpg', 'large': 'https://cdn.myanimelist.net/images/anime/1517/100633l.jpg'}}, 'ranking': {'rank': 9}}, {'node': {'id': 11061, 'title': 'Hunter x Hunter (2011)', 'main_picture': {'medium': 'https://cdn.myanimelist.net/images/anime/1337/99013.webp', 'large': 'https://cdn.myanimelist.net/images/anime/1337/99013l.webp'}}, 'ranking': {'rank': 10}}, {'node': {'id': 820, 'title': 'Ginga Eiyuu Densetsu', 'main_picture': {'medium': 'https://cdn.myanimelist.net/images/anime/1976/142016.jpg', 'large': 'https://cdn.myanimelist.net/images/anime/1976/142016l.jpg'}}, 'ranking': {'rank': 11}}, {'node': {'id': 9969, 'title': "Gintama'", 'main_picture': {'medium': 'https://cdn.myanimelist.net/images/anime/4/50361.webp', 'large': 'https://cdn.myanimelist.net/images/anime/4/50361l.webp'}}, 'ranking': {'rank': 12}}, {'node': {'id': 15417, 'title': "Gintama': Enchousen", 'main_picture': {'medium': 'https://cdn.myanimelist.net/images/anime/1452/123686.webp', 'large': 'https://cdn.myanimelist.net/images/anime/1452/123686l.webp'}}, 'ranking': {'rank': 13}}, {'node': {'id': 60636, 'title': 'Bleach: Sennen Kessen-hen - Kashin-tan', 'main_picture': {'medium': 'https://cdn.myanimelist.net/images/anime/1275/158595.jpg', 'large': 'https://cdn.myanimelist.net/images/anime/1275/158595l.jpg'}}, 'ranking': {'rank': 14}}, {'node': {'id': 60022, 'title': 'One Piece Fan Letter', 'main_picture': {'medium': 'https://cdn.myanimelist.net/images/anime/1455/146229.jpg', 'large': 'https://cdn.myanimelist.net/images/anime/1455/146229l.jpg'}}, 'ranking': {'rank': 15}}, {'node': {'id': 41467, 'title': 'Bleach: Sennen Kessen-hen', 'main_picture': {'medium': 'https://cdn.myanimelist.net/images/anime/1908/135431.webp', 'large': 'https://cdn.myanimelist.net/images/anime/1908/135431l.webp'}}, 'ranking': {'rank': 16}}, {'node': {'id': 34096, 'title': 'Gintama.', 'main_picture': {'medium': 'https://cdn.myanimelist.net/images/anime/3/83528.jpg', 'large': 'https://cdn.myanimelist.net/images/anime/3/83528l.jpg'}}, 'ranking': {'rank': 17}}, {'node': {'id': 43608, 'title': 'Kaguya-sama wa Kokurasetai: Ultra Romantic', 'main_picture': {'medium': 'https://cdn.myanimelist.net/images/anime/1160/122627.jpg', 'large': 'https://cdn.myanimelist.net/images/anime/1160/122627l.jpg'}}, 'ranking': {'rank': 18}}, {'node': {'id': 4181, 'title': 'Clannad: After Story', 'main_picture': {'medium': 'https://cdn.myanimelist.net/images/anime/1299/110774.webp', 'large': 'https://cdn.myanimelist.net/images/anime/1299/110774l.webp'}}, 'ranking': {'rank': 19}}, {'node': {'id': 42938, 'title': 'Fruits Basket: The Final', 'main_picture': {'medium': 'https://cdn.myanimelist.net/images/anime/1085/114792.webp', 'large': 'https://cdn.myanimelist.net/images/anime/1085/114792l.webp'}}, 'ranking': {'rank': 20}}, {'node': {'id': 918, 'title': 'Gintama', 'main_picture': {'medium': 'https://cdn.myanimelist.net/images/anime/10/73274.webp', 'large': 'https://cdn.myanimelist.net/images/anime/10/73274l.webp'}}, 'ranking': {'rank': 21}}, {'node': {'id': 28851, 'title': 'Koe no Katachi', 'main_picture': {'medium': 'https://cdn.myanimelist.net/images/anime/1122/96435.webp', 'large': 'https://cdn.myanimelist.net/images/anime/1122/96435l.webp'}}, 'ranking': {'rank': 22}}, {'node': {'id': 2904, 'title': 'Code Geass: Hangyaku no Lelouch R2', 'main_picture': {'medium': 'https://cdn.myanimelist.net/images/anime/1088/135089.jpg', 'large': 'https://cdn.myanimelist.net/images/anime/1088/135089l.jpg'}}, 'ranking': {'rank': 23}}, {'node': {'id': 58514, 'title': 'Kusuriya no Hitorigoto 2nd Season', 'main_picture': {'medium': 'https://cdn.myanimelist.net/images/anime/1025/147458.webp', 'large': 'https://cdn.myanimelist.net/images/anime/1025/147458l.webp'}}, 'ranking': {'rank': 24}}, {'node': {'id': 35180, 'title': '3-gatsu no Lion 2nd Season', 'main_picture': {'medium': 'https://cdn.myanimelist.net/images/anime/3/88469.jpg', 'large': 'https://cdn.myanimelist.net/images/anime/3/88469l.jpg'}}, 'ranking': {'rank': 25}}, {'node': {'id': 19, 'title': 'Monster', 'main_picture': {'medium': 'https://cdn.myanimelist.net/images/anime/10/18793.webp', 'large': 'https://cdn.myanimelist.net/images/anime/10/18793l.webp'}}, 'ranking': {'rank': 26}}, {'node': {'id': 15335, 'title': 'Gintama Movie 2: Kanketsu-hen - Yorozuya yo Eien Nare', 'main_picture': {'medium': 'https://cdn.myanimelist.net/images/anime/10/51723.webp', 'large': 'https://cdn.myanimelist.net/images/anime/10/51723l.webp'}}, 'ranking': {'rank': 27}}, {'node': {'id': 37491, 'title': 'Gintama. Shirogane no Tamashii-hen - Kouhan-sen', 'main_picture': {'medium': 'https://cdn.myanimelist.net/images/anime/1776/96566.webp', 'large': 'https://cdn.myanimelist.net/images/anime/1776/96566l.webp'}}, 'ranking': {'rank': 28}}, {'node': {'id': 35247, 'title': 'Owarimonogatari 2nd Season', 'main_picture': {'medium': 'https://cdn.myanimelist.net/images/anime/6/87322.jpg', 'large': 'https://cdn.myanimelist.net/images/anime/6/87322l.jpg'}}, 'ranking': {'rank': 29}}, {'node': {'id': 51535, 'title': 'Shingeki no Kyojin: The Final Season - Kanketsu-hen', 'main_picture': {'medium': 'https://cdn.myanimelist.net/images/anime/1279/131078.jpg', 'large': 'https://cdn.myanimelist.net/images/anime/1279/131078l.jpg'}}, 'ranking': {'rank': 30}}, {'node': {'id': 40682, 'title': 'Kingdom 3rd Season', 'main_picture': {'medium': 'https://cdn.myanimelist.net/images/anime/1443/111830.webp', 'large': 'https://cdn.myanimelist.net/images/anime/1443/111830l.webp'}}, 'ranking': {'rank': 31}}, {'node': {'id': 59978, 'title': 'Sousou no Frieren 2nd Season', 'main_picture': {'medium': 'https://cdn.myanimelist.net/images/anime/1921/154528.jpg', 'large': 'https://cdn.myanimelist.net/images/anime/1921/154528l.jpg'}}, 'ranking': {'rank': 32}}, {'node': {'id': 54492, 'title': 'Kusuriya no Hitorigoto', 'main_picture': {'medium': 'https://cdn.myanimelist.net/images/anime/1708/138033.webp', 'large': 'https://cdn.myanimelist.net/images/anime/1708/138033l.webp'}}, 'ranking': {'rank': 33}}, {'node': {'id': 59571, 'title': 'Shingeki no Kyojin Movie: Kanketsu-hen - The Last Attack', 'main_picture': {'medium': 'https://cdn.myanimelist.net/images/anime/1379/145452.jpg', 'large': 'https://cdn.myanimelist.net/images/anime/1379/145452l.jpg'}}, 'ranking': {'rank': 34}}, {'node': {'id': 49387, 'title': 'Vinland Saga Season 2', 'main_picture': {'medium': 'https://cdn.myanimelist.net/images/anime/1170/124312.webp', 'large': 'https://cdn.myanimelist.net/images/anime/1170/124312l.webp'}}, 'ranking': {'rank': 35}}, {'node': {'id': 37987, 'title': 'Violet Evergarden Movie', 'main_picture': {'medium': 'https://cdn.myanimelist.net/images/anime/1825/110716.jpg', 'large': 'https://cdn.myanimelist.net/images/anime/1825/110716l.jpg'}}, 'ranking': {'rank': 36}}, {'node': {'id': 32281, 'title': 'Kimi no Na wa.', 'main_picture': {'medium': 'https://cdn.myanimelist.net/images/anime/5/87048.webp', 'large': 'https://cdn.myanimelist.net/images/anime/5/87048l.webp'}}, 'ranking': {'rank': 37}}, {'node': {'id': 2921, 'title': 'Ashita no Joe 2', 'main_picture': {'medium': 'https://cdn.myanimelist.net/images/anime/3/45028.jpg', 'large': 'https://cdn.myanimelist.net/images/anime/3/45028l.jpg'}}, 'ranking': {'rank': 38}}, {'node': {'id': 36838, 'title': 'Gintama. Shirogane no Tamashii-hen', 'main_picture': {'medium': 'https://cdn.myanimelist.net/images/anime/12/89603.webp', 'large': 'https://cdn.myanimelist.net/images/anime/12/89603l.webp'}}, 'ranking': {'rank': 39}}, {'node': {'id': 40028, 'title': 'Shingeki no Kyojin: The Final Season', 'main_picture': {'medium': 'https://cdn.myanimelist.net/images/anime/1000/110531.jpg', 'large': 'https://cdn.myanimelist.net/images/anime/1000/110531l.jpg'}}, 'ranking': {'rank': 40}}, {'node': {'id': 263, 'title': 'Hajime no Ippo', 'main_picture': {'medium': 'https://cdn.myanimelist.net/images/anime/4/86334.jpg', 'large': 'https://cdn.myanimelist.net/images/anime/4/86334l.jpg'}}, 'ranking': {'rank': 41}}, {'node': {'id': 31758, 'title': 'Kizumonogatari III: Reiketsu-hen', 'main_picture': {'medium': 'https://cdn.myanimelist.net/images/anime/1084/112813.jpg', 'large': 'https://cdn.myanimelist.net/images/anime/1084/112813l.jpg'}}, 'ranking': {'rank': 42}}, {'node': {'id': 37510, 'title': 'Mob Psycho 100 II', 'main_picture': {'medium': 'https://cdn.myanimelist.net/images/anime/1918/96303.webp', 'large': 'https://cdn.myanimelist.net/images/anime/1918/96303l.webp'}}, 'ranking': {'rank': 43}}, {'node': {'id': 48583, 'title': 'Shingeki no Kyojin: The Final Season Part 2', 'main_picture': {'medium': 'https://cdn.myanimelist.net/images/anime/1948/120625.jpg', 'large': 'https://cdn.myanimelist.net/images/anime/1948/120625l.jpg'}}, 'ranking': {'rank': 44}}, {'node': {'id': 37521, 'title': 'Vinland Saga', 'main_picture': {'medium': 'https://cdn.myanimelist.net/images/anime/1500/103005.jpg', 'large': 'https://cdn.myanimelist.net/images/anime/1500/103005l.jpg'}}, 'ranking': {'rank': 45}}, {'node': {'id': 32935, 'title': 'Haikyuu!! Karasuno Koukou vs. Shiratorizawa Gakuen Koukou', 'main_picture': {'medium': 'https://cdn.myanimelist.net/images/anime/7/81992.jpg', 'large': 'https://cdn.myanimelist.net/images/anime/7/81992l.jpg'}}, 'ranking': {'rank': 46}}, {'node': {'id': 199, 'title': 'Sen to Chihiro no Kamikakushi', 'main_picture': {'medium': 'https://cdn.myanimelist.net/images/anime/6/79597.webp', 'large': 'https://cdn.myanimelist.net/images/anime/6/79597l.webp'}}, 'ranking': {'rank': 47}}, {'node': {'id': 17074, 'title': 'Monogatari Series: Second Season', 'main_picture': {'medium': 'https://cdn.myanimelist.net/images/anime/1807/121534.webp', 'large': 'https://cdn.myanimelist.net/images/anime/1807/121534l.webp'}}, 'ranking': {'rank': 48}}, {'node': {'id': 1, 'title': 'Cowboy Bebop', 'main_picture': {'medium': 'https://cdn.myanimelist.net/images/anime/4/19644.webp', 'large': 'https://cdn.myanimelist.net/images/anime/4/19644l.webp'}}, 'ranking': {'rank': 49}}, {'node': {'id': 60489, 'title': 'Takopii no Genzai', 'main_picture': {'medium': 'https://cdn.myanimelist.net/images/anime/1182/149879.jpg', 'large': 'https://cdn.myanimelist.net/images/anime/1182/149879l.jpg'}}, 'ranking': {'rank': 50}}], 'paging': {'next': 'https://api.myanimelist.net/v2/anime/ranking?offset=50&ranking_type=all&limit=50'}} |
[2026-08-13 00:15:22,546] [mal.py:339]                [DEBUG]    |                                                                                                    |
[2026-08-13 00:15:22,548] [mal.py:340]                [DEBUG]    | 50 MyAnimeList IDs Found                                                                           |
[2026-08-13 00:15:22,548] [mal.py:341]                [TRACE]    | IDs: [52991, 61316, 5114, 61469, 9253, 57555, 39486, 28977, 38524, 11061, 820, 9969, 15417, 60636, 60022, 41467, 34096, 43608, 4181, 42938, 918, 28851, 2904, 58514, 35180, 19, 15335, 37491, 35247, 51535, 40682, 59978, 54492, 59571, 49387, 37987, 32281, 2921, 36838, 40028, 263, 31758, 37510, 48583, 37521, 32935, 199, 17074, 1, 60489] |
[2026-08-13 00:15:22,548] [convert.py:148]            [WARNING]  | Convert Warning: No AniDB ID Found for MyAnimeList ID '60022'                                      |
[2026-08-13 00:15:22,549] [convert.py:126]            [WARNING]  | Convert Warning: No TVDb ID or IMDb ID found for AniDB ID '18820'                                  |
[2026-08-13 00:15:22,549] [convert.py:148]            [WARNING]  | Convert Warning: No AniDB ID Found for MyAnimeList ID '36838'                                      |
[2026-08-13 00:15:22,549] [convert.py:148]            [WARNING]  | Convert Warning: No AniDB ID Found for MyAnimeList ID '31758'                                      |
[2026-08-13 00:15:22,549] [builder.py:3791]           [DEBUG]    |                                                                                                    |
[2026-08-13 00:15:22,550] [builder.py:3792]           [DEBUG]    | 46 IDs Found                                                                                       |
[2026-08-13 00:15:22,550] [builder.py:3793]           [TRACE]    | IDs: [(424536, 'tvdb'), (305089, 'tvdb'), (85249, 'tvdb'), (262954, 'tvdb'), (244061, 'tvdb'), (1218925, 'tmdb'), (732203, 'tmdb'), (79895, 'tvdb'), (267440, 'tvdb'), (252322, 'tvdb'), (81618, 'tvdb'), (79895, 'tvdb'), (79895, 'tvdb'), (74796, 'tvdb'), (74796, 'tvdb'), (79895, 'tvdb'), (354198, 'tvdb'), (80644, 'tvdb'), (357488, 'tvdb'), (79895, 'tvdb'), (378064, 'tmdb'), (79525, 'tvdb'), (431162, 'tvdb'), (306269, 'tvdb'), (74599, 'tvdb'), (245917, 'tmdb'), (79895, 'tvdb'), (102261, 'tvdb'), (267440, 'tvdb'), (259635, 'tvdb'), (424536, 'tvdb'), (431162, 'tvdb'), (359274, 'tvdb'), (533514, 'tmdb'), (372058, 'tmdb'), (81232, 'tvdb'), (267440, 'tvdb'), (79685, 'tvdb'), (307375, 'tvdb'), (267440, 'tvdb'), (359274, 'tvdb'), (278157, 'tvdb'), (129, 'tmdb'), (102261, 'tvdb'), (76885, 'tvdb'), (457645, 'tvdb')] |
[2026-08-13 00:15:22,550] [builder.py:3794]           [DEBUG]    |                                                                                                    |
[2026-08-13 00:15:22,635] [overlays.py:521]           [INFO]     | 25 Items found for Overlay File (0) MAL Top 50                                                     |
[2026-08-13 00:15:22,636] [overlays.py:522]           [TRACE]    | Titles Found: ["Frieren: Beyond Journey's End", 'Re:ZERO -Starting Life in Another World-', 'Fullmetal Alchemist: Brotherhood', "JoJo's Bizarre Adventure", 'Steins;Gate', 'Gintama', 'Attack on Titan', 'Hunter x Hunter', 'Legend of the Galactic Heroes', 'Bleach', 'Kaguya-sama: Love Is War', 'Clannad', 'Fruits Basket', 'Code Geass: Lelouch of the Rebellion', 'The Apothecary Diaries', 'March Comes In Like a Lion', 'Monster', 'Monogatari', 'Kingdom', 'Vinland Saga', 'Fighting Spirit (Hajime no Ippo)', 'Mob Psycho 100', 'Haikyu!!', 'Cowboy Bebop', "Takopi's Original Sin"] |
[2026-08-13 00:15:22,636] [overlays.py:525]           [INFO]     |                                                                                                    |
[2026-08-13 00:15:22,636] [builder.py:736]            [INFO]     |====================================================================================================|
[2026-08-13 00:15:22,637] [builder.py:736]            [INFO]     |                                  MAL Top 250 Overlay in TV Shows                                   |
[2026-08-13 00:15:22,637] [builder.py:736]            [INFO]     |====================================================================================================|
[2026-08-13 00:15:22,637] [builder.py:737]            [INFO]     |                                                                                                    |
[2026-08-13 00:15:22,637] [builder.py:776]            [INFO]     |================================ Validating MAL Top 250 Attributes =================================|
[2026-08-13 00:15:22,674] [plex.py:1772]              [DEBUG]    |                                                                                                    |
[2026-08-13 00:15:22,674] [plex.py:1775]              [DEBUG]    | Looking for: MAL Top 250                                                                           |
[2026-08-13 00:15:22,675] [overlay.py:155]            [DEBUG]    |                                                                                                    |
[2026-08-13 00:15:22,676] [overlay.py:156]            [DEBUG]    | Validating Method: overlay                                                                         |
[2026-08-13 00:15:22,676] [overlay.py:157]            [DEBUG]    | Value: {'name': 'MALTop250', 'group': 'mal_top', 'weight': 20, 'horizontal_offset': 0, 'horizontal_align': 'right', 'vertical_offset': 0, 'vertical_align': 'bottom'} |
[2026-08-13 00:15:22,677] [builder.py:1551]           [DEBUG]    |                                                                                                    |
[2026-08-13 00:15:22,677] [builder.py:1555]           [DEBUG]    | Validating Method: mal_all                                                                         |
[2026-08-13 00:15:22,678] [builder.py:1556]           [DEBUG]    | Value: 250                                                                                         |
[2026-08-13 00:15:22,678] [builder.py:1787]           [INFO]     |                                                                                                    |
[2026-08-13 00:15:22,678] [builder.py:1788]           [INFO]     | Validation Successful                                                                              |
[2026-08-13 00:15:22,679] [overlays.py:489]           [INFO]     |                                                                                                    |
[2026-08-13 00:15:22,679] [overlays.py:491]           [INFO]     |============================= Gathering Items for MAL Top 250 Overlay ==============================|
[2026-08-13 00:15:22,679] [overlays.py:499]           [DEBUG]    |                                                                                                    |
[2026-08-13 00:15:22,679] [overlays.py:500]           [DEBUG]    | Builder: mal_all: 250                                                                              |
[2026-08-13 00:15:22,680] [overlays.py:501]           [INFO]     |                                                                                                    |
[2026-08-13 00:15:22,680] [mal.py:323]                [INFO]     | Processing MyAnimeList All: 250 Anime                                                              |
[2026-08-13 00:15:22,680] [mal.py:210]                [TRACE]    | URL: https://api.myanimelist.net/v2/anime/ranking?ranking_type=all&limit=250                       |
[2026-08-13 00:15:22,846] [mal.py:213]                [TRACE]    | Response: {'data': [{'node': {'id': 52991, 'title': 'Sousou no Frieren', 'main_picture': {'medium': 'https://cdn.myanimelist.net/images/anime/1015/138006.webp', 'large': 'https://cdn.myanimelist.net/images/anime/1015/138006l.webp'}}, 'ranking': {'rank': 1}}, {'node': {'id': 61316, 'title': 'Re:Zero kara Hajimeru Isekai Seikatsu 4th Season', 'main_picture': {'medium': 'https://cdn.myanimelist.net/images/anime/1540/155824.jpg', 'large': 'https://cdn.myanimelist.net/images/anime/1540/155824l.jpg'}}, 'ranking': {'rank': 2}}, {'node': {'id': 5114, 'title': 'Fullmetal Alchemist: Brotherhood', 'main_picture': {'medium': 'https://cdn.myanimelist.net/images/anime/1208/94745.webp', 'large': 'https://cdn.myanimelist.net/images/anime/1208/94745l.webp'}}, 'ranking': {'rank': 3}}, {'node': {'id': 61469, 'title': 'Steel Ball Run: JoJo no Kimyou na Bouken', 'main_picture': {'medium': 'https://cdn.myanimelist.net/images/anime/1448/154111.jpg', 'large': 'https://cdn.myanimelist.net/images/anime/1448/154111l.jpg'}}, 'ranking': {'rank': 4}}, {'node': {'id': 9253, 'title': 'Steins;Gate', 'main_picture': {'medium': 'https://cdn.myanimelist.net/images/anime/1935/127974.webp', 'large': 'https://cdn.myanimelist.net/images/anime/1935/127974l.webp'}}, 'ranking': {'rank': 5}}, {'node': {'id': 57555, 'title': 'Chainsaw Man Movie: Reze-hen', 'main_picture': {'medium': 'https://cdn.myanimelist.net/images/anime/1763/150638.jpg', 'large': 'https://cdn.myanimelist.net/images/anime/1763/150638l.jpg'}}, 'ranking': {'rank': 6}}, {'node': {'id': 39486, 'title': 'Gintama: The Final', 'main_picture': {'medium': 'https://cdn.myanimelist.net/images/anime/1245/116760.jpg', 'large': 'https://cdn.myanimelist.net/images/anime/1245/116760l.jpg'}}, 'ranking': {'rank': 7}}, {'node': {'id': 28977, 'title': 'Gintama°', 'main_picture': {'medium': 'https://cdn.myanimelist.net/images/anime/3/72078.jpg', 'large': 'https://cdn.myanimelist.net/images/anime/3/72078l.jpg'}}, 'ranking': {'rank': 8}}, {'node': {'id': 38524, 'title': 'Shingeki no Kyojin Season 3 Part 2', 'main_picture': {'medium': 'https://cdn.myanimelist.net/images/anime/1517/100633.jpg', 'large': 'https://cdn.myanimelist.net/images/anime/1517/100633l.jpg'}}, 'ranking': {'rank': 9}}, {'node': {'id': 11061, 'title': 'Hunter x Hunter (2011)', 'main_picture': {'medium': 'https://cdn.myanimelist.net/images/anime/1337/99013.webp', 'large': 'https://cdn.myanimelist.net/images/anime/1337/99013l.webp'}}, 'ranking': {'rank': 10}}, {'node': {'id': 820, 'title': 'Ginga Eiyuu Densetsu', 'main_picture': {'medium': 'https://cdn.myanimelist.net/images/anime/1976/142016.jpg', 'large': 'https://cdn.myanimelist.net/images/anime/1976/142016l.jpg'}}, 'ranking': {'rank': 11}}, {'node': {'id': 9969, 'title': "Gintama'", 'main_picture': {'medium': 'https://cdn.myanimelist.net/images/anime/4/50361.webp', 'large': 'https://cdn.myanimelist.net/images/anime/4/50361l.webp'}}, 'ranking': {'rank': 12}}, {'node': {'id': 15417, 'title': "Gintama': Enchousen", 'main_picture': {'medium': 'https://cdn.myanimelist.net/images/anime/1452/123686.webp', 'large': 'https://cdn.myanimelist.net/images/anime/1452/123686l.webp'}}, 'ranking': {'rank': 13}}, {'node': {'id': 60636, 'title': 'Bleach: Sennen Kessen-hen - Kashin-tan', 'main_picture': {'medium': 'https://cdn.myanimelist.net/images/anime/1275/158595.jpg', 'large': 'https://cdn.myanimelist.net/images/anime/1275/158595l.jpg'}}, 'ranking': {'rank': 14}}, {'node': {'id': 60022, 'title': 'One Piece Fan Letter', 'main_picture': {'medium': 'https://cdn.myanimelist.net/images/anime/1455/146229.jpg', 'large': 'https://cdn.myanimelist.net/images/anime/1455/146229l.jpg'}}, 'ranking': {'rank': 15}}, {'node': {'id': 41467, 'title': 'Bleach: Sennen Kessen-hen', 'main_picture': {'medium': 'https://cdn.myanimelist.net/images/anime/1908/135431.webp', 'large': 'https://cdn.myanimelist.net/images/anime/1908/135431l.webp'}}, 'ranking': {'rank': 16}}, {'node': {'id': 34096, 'title': 'Gintama.', 'main_picture': {'medium': 'https://cdn.myanimelist.net/images/anime/3/83528.jpg', 'large': 'https://cdn.myanimelist.net/images/anime/3/83528l.jpg'}}, 'ranking': {'rank': 17}}, {'node': {'id': 43608, 'title': 'Kaguya-sama wa Kokurasetai: Ultra Romantic', 'main_picture': {'medium': 'https://cdn.myanimelist.net/images/anime/1160/122627.jpg', 'large': 'https://cdn.myanimelist.net/images/anime/1160/122627l.jpg'}}, 'ranking': {'rank': 18}}, {'node': {'id': 4181, 'title': 'Clannad: After Story', 'main_picture': {'medium': 'https://cdn.myanimelist.net/images/anime/1299/110774.webp', 'large': 'https://cdn.myanimelist.net/images/anime/1299/110774l.webp'}}, 'ranking': {'rank': 19}}, {'node': {'id': 42938, 'title': 'Fruits Basket: The Final', 'main_picture': {'medium': 'https://cdn.myanimelist.net/images/anime/1085/114792.webp', 'large': 'https://cdn.myanimelist.net/images/anime/1085/114792l.webp'}}, 'ranking': {'rank': 20}}, {'node': {'id': 918, 'title': 'Gintama', 'main_picture': {'medium': 'https://cdn.myanimelist.net/images/anime/10/73274.webp', 'large': 'https://cdn.myanimelist.net/images/anime/10/73274l.webp'}}, 'ranking': {'rank': 21}}, {'node': {'id': 28851, 'title': 'Koe no Katachi', 'main_picture': {'medium': 'https://cdn.myanimelist.net/images/anime/1122/96435.webp', 'large': 'https://cdn.myanimelist.net/images/anime/1122/96435l.webp'}}, 'ranking': {'rank': 22}}, {'node': {'id': 2904, 'title': 'Code Geass: Hangyaku no Lelouch R2', 'main_picture': {'medium': 'https://cdn.myanimelist.net/images/anime/1088/135089.jpg', 'large': 'https://cdn.myanimelist.net/images/anime/1088/135089l.jpg'}}, 'ranking': {'rank': 23}}, {'node': {'id': 58514, 'title': 'Kusuriya no Hitorigoto 2nd Season', 'main_picture': {'medium': 'https://cdn.myanimelist.net/images/anime/1025/147458.webp', 'large': 'https://cdn.myanimelist.net/images/anime/1025/147458l.webp'}}, 'ranking': {'rank': 24}}, {'node': {'id': 35180, 'title': '3-gatsu no Lion 2nd Season', 'main_picture': {'medium': 'https://cdn.myanimelist.net/images/anime/3/88469.jpg', 'large': 'https://cdn.myanimelist.net/images/anime/3/88469l.jpg'}}, 'ranking': {'rank': 25}}, {'node': {'id': 19, 'title': 'Monster', 'main_picture': {'medium': 'https://cdn.myanimelist.net/images/anime/10/18793.webp', 'large': 'https://cdn.myanimelist.net/images/anime/10/18793l.webp'}}, 'ranking': {'rank': 26}}, {'node': {'id': 15335, 'title': 'Gintama Movie 2: Kanketsu-hen - Yorozuya yo Eien Nare', 'main_picture': {'medium': 'https://cdn.myanimelist.net/images/anime/10/51723.webp', 'large': 'https://cdn.myanimelist.net/images/anime/10/51723l.webp'}}, 'ranking': {'rank': 27}}, {'node': {'id': 37491, 'title': 'Gintama. Shirogane no Tamashii-hen - Kouhan-sen', 'main_picture': {'medium': 'https://cdn.myanimelist.net/images/anime/1776/96566.webp', 'large': 'https://cdn.myanimelist.net/images/anime/1776/96566l.webp'}}, 'ranking': {'rank': 28}}, {'node': {'id': 35247, 'title': 'Owarimonogatari 2nd Season', 'main_picture': {'medium': 'https://cdn.myanimelist.net/images/anime/6/87322.jpg', 'large': 'https://cdn.myanimelist.net/images/anime/6/87322l.jpg'}}, 'ranking': {'rank': 29}}, {'node': {'id': 51535, 'title': 'Shingeki no Kyojin: The Final Season - Kanketsu-hen', 'main_picture': {'medium': 'https://cdn.myanimelist.net/images/anime/1279/131078.jpg', 'large': 'https://cdn.myanimelist.net/images/anime/1279/131078l.jpg'}}, 'ranking': {'rank': 30}}, {'node': {'id': 40682, 'title': 'Kingdom 3rd Season', 'main_picture': {'medium': 'https://cdn.myanimelist.net/images/anime/1443/111830.webp', 'large': 'https://cdn.myanimelist.net/images/anime/1443/111830l.webp'}}, 'ranking': {'rank': 31}}, {'node': {'id': 59978, 'title': 'Sousou no Frieren 2nd Season', 'main_picture': {'medium': 'https://cdn.myanimelist.net/images/anime/1921/154528.jpg', 'large': 'https://cdn.myanimelist.net/images/anime/1921/154528l.jpg'}}, 'ranking': {'rank': 32}}, {'node': {'id': 54492, 'title': 'Kusuriya no Hitorigoto', 'main_picture': {'medium': 'https://cdn.myanimelist.net/images/anime/1708/138033.webp', 'large': 'https://cdn.myanimelist.net/images/anime/1708/138033l.webp'}}, 'ranking': {'rank': 33}}, {'node': {'id': 59571, 'title': 'Shingeki no Kyojin Movie: Kanketsu-hen - The Last Attack', 'main_picture': {'medium': 'https://cdn.myanimelist.net/images/anime/1379/145452.jpg', 'large': 'https://cdn.myanimelist.net/images/anime/1379/145452l.jpg'}}, 'ranking': {'rank': 34}}, {'node': {'id': 49387, 'title': 'Vinland Saga Season 2', 'main_picture': {'medium': 'https://cdn.myanimelist.net/images/anime/1170/124312.webp', 'large': 'https://cdn.myanimelist.net/images/anime/1170/124312l.webp'}}, 'ranking': {'rank': 35}}, {'node': {'id': 37987, 'title': 'Violet Evergarden Movie', 'main_picture': {'medium': 'https://cdn.myanimelist.net/images/anime/1825/110716.jpg', 'large': 'https://cdn.myanimelist.net/images/anime/1825/110716l.jpg'}}, 'ranking': {'rank': 36}}, {'node': {'id': 32281, 'title': 'Kimi no Na wa.', 'main_picture': {'medium': 'https://cdn.myanimelist.net/images/anime/5/87048.webp', 'large': 'https://cdn.myanimelist.net/images/anime/5/87048l.webp'}}, 'ranking': {'rank': 37}}, {'node': {'id': 2921, 'title': 'Ashita no Joe 2', 'main_picture': {'medium': 'https://cdn.myanimelist.net/images/anime/3/45028.jpg', 'large': 'https://cdn.myanimelist.net/images/anime/3/45028l.jpg'}}, 'ranking': {'rank': 38}}, {'node': {'id': 36838, 'title': 'Gintama. Shirogane no Tamashii-hen', 'main_picture': {'medium': 'https://cdn.myanimelist.net/images/anime/12/89603.webp', 'large': 'https://cdn.myanimelist.net/images/anime/12/89603l.webp'}}, 'ranking': {'rank': 39}}, {'node': {'id': 40028, 'title': 'Shingeki no Kyojin: The Final Season', 'main_picture': {'medium': 'https://cdn.myanimelist.net/images/anime/1000/110531.jpg', 'large': 'https://cdn.myanimelist.net/images/anime/1000/110531l.jpg'}}, 'ranking': {'rank': 40}}, {'node': {'id': 263, 'title': 'Hajime no Ippo', 'main_picture': {'medium': 'https://cdn.myanimelist.net/images/anime/4/86334.jpg', 'large': 'https://cdn.myanimelist.net/images/anime/4/86334l.jpg'}}, 'ranking': {'rank': 41}}, {'node': {'id': 31758, 'title': 'Kizumonogatari III: Reiketsu-hen', 'main_picture': {'medium': 'https://cdn.myanimelist.net/images/anime/1084/112813.jpg', 'large': 'https://cdn.myanimelist.net/images/anime/1084/112813l.jpg'}}, 'ranking': {'rank': 42}}, {'node': {'id': 37510, 'title': 'Mob Psycho 100 II', 'main_picture': {'medium': 'https://cdn.myanimelist.net/images/anime/1918/96303.webp', 'large': 'https://cdn.myanimelist.net/images/anime/1918/96303l.webp'}}, 'ranking': {'rank': 43}}, {'node': {'id': 48583, 'title': 'Shingeki no Kyojin: The Final Season Part 2', 'main_picture': {'medium': 'https://cdn.myanimelist.net/images/anime/1948/120625.jpg', 'large': 'https://cdn.myanimelist.net/images/anime/1948/120625l.jpg'}}, 'ranking': {'rank': 44}}, {'node': {'id': 37521, 'title': 'Vinland Saga', 'main_picture': {'medium': 'https://cdn.myanimelist.net/images/anime/1500/103005.jpg', 'large': 'https://cdn.myanimelist.net/images/anime/1500/103005l.jpg'}}, 'ranking': {'rank': 45}}, {'node': {'id': 32935, 'title': 'Haikyuu!! Karasuno Koukou vs. Shiratorizawa Gakuen Koukou', 'main_picture': {'medium': 'https://cdn.myanimelist.net/images/anime/7/81992.jpg', 'large': 'https://cdn.myanimelist.net/images/anime/7/81992l.jpg'}}, 'ranking': {'rank': 46}}, {'node': {'id': 199, 'title': 'Sen to Chihiro no Kamikakushi', 'main_picture': {'medium': 'https://cdn.myanimelist.net/images/anime/6/79597.webp', 'large': 'https://cdn.myanimelist.net/images/anime/6/79597l.webp'}}, 'ranking': {'rank': 47}}, {'node': {'id': 17074, 'title': 'Monogatari Series: Second Season', 'main_picture': {'medium': 'https://cdn.myanimelist.net/images/anime/1807/121534.webp', 'large': 'https://cdn.myanimelist.net/images/anime/1807/121534l.webp'}}, 'ranking': {'rank': 48}}, {'node': {'id': 1, 'title': 'Cowboy Bebop', 'main_picture': {'medium': 'https://cdn.myanimelist.net/images/anime/4/19644.webp', 'large': 'https://cdn.myanimelist.net/images/anime/4/19644l.webp'}}, 'ranking': {'rank': 49}}, {'node': {'id': 60489, 'title': 'Takopii no Genzai', 'main_picture': {'medium': 'https://cdn.myanimelist.net/images/anime/1182/149879.jpg', 'large': 'https://cdn.myanimelist.net/images/anime/1182/149879l.jpg'}}, 'ranking': {'rank': 50}}, {'node': {'id': 48569, 'title': '86 Part 2', 'main_picture': {'medium': 'https://cdn.myanimelist.net/images/anime/1321/117508.webp', 'large': 'https://cdn.myanimelist.net/images/anime/1321/117508l.webp'}}, 'ranking': {'rank': 51}}, {'node': {'id': 39894, 'title': 'Hibike! Euphonium 3', 'main_picture': {'medium': 'https://cdn.myanimelist.net/images/anime/1216/142086.webp', 'large': 'https://cdn.myanimelist.net/images/anime/1216/142086l.webp'}}, 'ranking': {'rank': 52}}, {'node': {'id': 50160, 'title': 'Kingdom 4th Season', 'main_picture': {'medium': 'https://cdn.myanimelist.net/images/anime/1566/122794.jpg', 'large': 'https://cdn.myanimelist.net/images/anime/1566/122794l.jpg'}}, 'ranking': {'rank': 53}}, {'node': {'id': 21, 'title': 'One Piece', 'main_picture': {'medium': 'https://cdn.myanimelist.net/images/anime/1244/138851.jpg', 'large': 'https://cdn.myanimelist.net/images/anime/1244/138851l.jpg'}}, 'ranking': {'rank': 54}}, {'node': {'id': 47917, 'title': 'Bocchi the Rock!', 'main_picture': {'medium': 'https://cdn.myanimelist.net/images/anime/1448/127956.jpg', 'large': 'https://cdn.myanimelist.net/images/anime/1448/127956l.jpg'}}, 'ranking': {'rank': 55}}, {'node': {'id': 52215, 'title': 'Chi. Chikyuu no Undou ni Tsuite', 'main_picture': {'medium': 'https://cdn.myanimelist.net/images/anime/1749/145922.jpg', 'large': 'https://cdn.myanimelist.net/images/anime/1749/145922l.jpg'}}, 'ranking': {'rank': 56}}, {'node': {'id': 58788, 'title': 'Ikoku Nikki', 'main_picture': {'medium': 'https://cdn.myanimelist.net/images/anime/1791/154233.webp', 'large': 'https://cdn.myanimelist.net/images/anime/1791/154233l.webp'}}, 'ranking': {'rank': 57}}, {'node': {'id': 53223, 'title': 'Kingdom 5th Season', 'main_picture': {'medium': 'https://cdn.myanimelist.net/images/anime/1050/139641.jpg', 'large': 'https://cdn.myanimelist.net/images/anime/1050/139641l.jpg'}}, 'ranking': {'rank': 58}}, {'node': {'id': 50172, 'title': 'Mob Psycho 100 III', 'main_picture': {'medium': 'https://cdn.myanimelist.net/images/anime/1228/125011.jpg', 'large': 'https://cdn.myanimelist.net/images/anime/1228/125011l.jpg'}}, 'ranking': {'rank': 59}}, {'node': {'id': 24701, 'title': 'Mushishi Zoku Shou 2nd Season', 'main_picture': {'medium': 'https://cdn.myanimelist.net/images/anime/9/68095.jpg', 'large': 'https://cdn.myanimelist.net/images/anime/9/68095l.jpg'}}, 'ranking': {'rank': 60}}, {'node': {'id': 60098, 'title': 'Boku no Hero Academia: Final Season', 'main_picture': {'medium': 'https://cdn.myanimelist.net/images/anime/1959/151055.webp', 'large': 'https://cdn.myanimelist.net/images/anime/1959/151055l.webp'}}, 'ranking': {'rank': 61}}, {'node': {'id': 1575, 'title': 'Code Geass: Hangyaku no Lelouch', 'main_picture': {'medium': 'https://cdn.myanimelist.net/images/anime/1032/135088.jpg', 'large': 'https://cdn.myanimelist.net/images/anime/1032/135088l.jpg'}}, 'ranking': {'rank': 62}}, {'node': {'id': 52198, 'title': 'Kaguya-sama wa Kokurasetai: First Kiss wa Owaranai', 'main_picture': {'medium': 'https://cdn.myanimelist.net/images/anime/1670/130060.jpg', 'large': 'https://cdn.myanimelist.net/images/anime/1670/130060l.jpg'}}, 'ranking': {'rank': 63}}, {'node': {'id': 53998, 'title': 'Bleach: Sennen Kessen-hen - Ketsubetsu-tan', 'main_picture': {'medium': 'https://cdn.myanimelist.net/images/anime/1164/138058.jpg', 'large': 'https://cdn.myanimelist.net/images/anime/1164/138058l.jpg'}}, 'ranking': {'rank': 64}}, {'node': {'id': 62276, 'title': 'Guimi Zhi Zhu Specials', 'main_picture': {'medium': 'https://cdn.myanimelist.net/images/anime/1211/157100.jpg', 'large': 'https://cdn.myanimelist.net/images/anime/1211/157100l.jpg'}}, 'ranking': {'rank': 65}}, {'node': {'id': 44074, 'title': 'Shiguang Dailiren', 'main_picture': {'medium': 'https://cdn.myanimelist.net/images/anime/1135/114867.jpg', 'large': 'https://cdn.myanimelist.net/images/anime/1135/114867l.jpg'}}, 'ranking': {'rank': 66}}, {'node': {'id': 45649, 'title': 'The First Slam Dunk', 'main_picture': {'medium': 'https://cdn.myanimelist.net/images/anime/1745/129284.jpg', 'large': 'https://cdn.myanimelist.net/images/anime/1745/129284l.jpg'}}, 'ranking': {'rank': 67}}, {'node': {'id': 51009, 'title': 'Jujutsu Kaisen 2nd Season', 'main_picture': {'medium': 'https://cdn.myanimelist.net/images/anime/1792/138022.jpg', 'large': 'https://cdn.myanimelist.net/images/anime/1792/138022l.jpg'}}, 'ranking': {'rank': 68}}, {'node': {'id': 47778, 'title': 'Kimetsu no Yaiba: Yuukaku-hen', 'main_picture': {'medium': 'https://cdn.myanimelist.net/images/anime/1908/120036.jpg', 'large': 'https://cdn.myanimelist.net/images/anime/1908/120036l.jpg'}}, 'ranking': {'rank': 69}}, {'node': {'id': 21939, 'title': 'Mushishi Zoku Shou', 'main_picture': {'medium': 'https://cdn.myanimelist.net/images/anime/13/58533.webp', 'large': 'https://cdn.myanimelist.net/images/anime/13/58533l.webp'}}, 'ranking': {'rank': 70}}, {'node': {'id': 44, 'title': 'Rurouni Kenshin: Meiji Kenkaku Romantan - Tsuioku-hen', 'main_picture': {'medium': 'https://cdn.myanimelist.net/images/anime/1656/137618.webp', 'large': 'https://cdn.myanimelist.net/images/anime/1656/137618l.webp'}}, 'ranking': {'rank': 71}}, {'node': {'id': 33095, 'title': 'Shouwa Genroku Rakugo Shinjuu: Sukeroku Futatabi-hen', 'main_picture': {'medium': 'https://cdn.myanimelist.net/images/anime/1493/124765.jpg', 'large': 'https://cdn.myanimelist.net/images/anime/1493/124765l.jpg'}}, 'ranking': {'rank': 72}}, {'node': {'id': 33352, 'title': 'Violet Evergarden', 'main_picture': {'medium': 'https://cdn.myanimelist.net/images/anime/1795/95088.jpg', 'large': 'https://cdn.myanimelist.net/images/anime/1795/95088l.jpg'}}, 'ranking': {'rank': 73}}, {'node': {'id': 55690, 'title': 'Boku no Kokoro no Yabai Yatsu 2nd Season', 'main_picture': {'medium': 'https://cdn.myanimelist.net/images/anime/1643/138581.jpg', 'large': 'https://cdn.myanimelist.net/images/anime/1643/138581l.jpg'}}, 'ranking': {'rank': 74}}, {'node': {'id': 245, 'title': 'Great Teacher Onizuka', 'main_picture': {'medium': 'https://cdn.myanimelist.net/images/anime/13/11460.webp', 'large': 'https://cdn.myanimelist.net/images/anime/13/11460l.webp'}}, 'ranking': {'rank': 75}}, {'node': {'id': 60058, 'title': '[Oshi no Ko] 3rd Season', 'main_picture': {'medium': 'https://cdn.myanimelist.net/images/anime/1979/153329.webp', 'large': 'https://cdn.myanimelist.net/images/anime/1979/153329l.webp'}}, 'ranking': {'rank': 76}}, {'node': {'id': 56784, 'title': 'Bleach: Sennen Kessen-hen - Soukoku-tan', 'main_picture': {'medium': 'https://cdn.myanimelist.net/images/anime/1595/144074.jpg', 'large': 'https://cdn.myanimelist.net/images/anime/1595/144074l.jpg'}}, 'ranking': {'rank': 77}}, {'node': {'id': 5258, 'title': 'Hajime no Ippo: New Challenger', 'main_picture': {'medium': 'https://cdn.myanimelist.net/images/anime/8/56617.webp', 'large': 'https://cdn.myanimelist.net/images/anime/8/56617l.webp'}}, 'ranking': {'rank': 78}}, {'node': {'id': 431, 'title': 'Howl no Ugoku Shiro', 'main_picture': {'medium': 'https://cdn.myanimelist.net/images/anime/1470/138723.webp', 'large': 'https://cdn.myanimelist.net/images/anime/1470/138723l.webp'}}, 'ranking': {'rank': 79}}, {'node': {'id': 164, 'title': 'Mononoke Hime', 'main_picture': {'medium': 'https://cdn.myanimelist.net/images/anime/1355/147277.webp', 'large': 'https://cdn.myanimelist.net/images/anime/1355/147277l.webp'}}, 'ranking': {'rank': 80}}, {'node': {'id': 53447, 'title': 'Tu Bian Yingxiong X', 'main_picture': {'medium': 'https://cdn.myanimelist.net/images/anime/1492/150628.jpg', 'large': 'https://cdn.myanimelist.net/images/anime/1492/150628l.jpg'}}, 'ranking': {'rank': 81}}, {'node': {'id': 61930, 'title': 'Uma Musume: Cinderella Gray Part 2', 'main_picture': {'medium': 'https://cdn.myanimelist.net/images/anime/1120/152280.webp', 'large': 'https://cdn.myanimelist.net/images/anime/1120/152280l.webp'}}, 'ranking': {'rank': 82}}, {'node': {'id': 61517, 'title': 'Kingdom 6th Season', 'main_picture': {'medium': 'https://cdn.myanimelist.net/images/anime/1282/151476.jpg', 'large': 'https://cdn.myanimelist.net/images/anime/1282/151476l.jpg'}}, 'ranking': {'rank': 83}}, {'node': {'id': 59192, 'title': 'Kimetsu no Yaiba Movie 1: Mugenjou-hen - Akaza Sairai', 'main_picture': {'medium': 'https://cdn.myanimelist.net/images/anime/1681/148216.jpg', 'large': 'https://cdn.myanimelist.net/images/anime/1681/148216l.jpg'}}, 'ranking': {'rank': 84}}, {'node': {'id': 61952, 'title': 'Luo Xiaohei Zhanji 2', 'main_picture': {'medium': 'https://cdn.myanimelist.net/images/anime/1288/151853.jpg', 'large': 'https://cdn.myanimelist.net/images/anime/1288/151853l.jpg'}}, 'ranking': {'rank': 85}}, {'node': {'id': 457, 'title': 'Mushishi', 'main_picture': {'medium': 'https://cdn.myanimelist.net/images/anime/2/73862.jpg', 'large': 'https://cdn.myanimelist.net/images/anime/2/73862l.jpg'}}, 'ranking': {'rank': 86}}, {'node': {'id': 35760, 'title': 'Shingeki no Kyojin Season 3', 'main_picture': {'medium': 'https://cdn.myanimelist.net/images/anime/1173/92110.jpg', 'large': 'https://cdn.myanimelist.net/images/anime/1173/92110l.jpg'}}, 'ranking': {'rank': 87}}, {'node': {'id': 2001, 'title': 'Tengen Toppa Gurren Lagann', 'main_picture': {'medium': 'https://cdn.myanimelist.net/images/anime/4/5123.webp', 'large': 'https://cdn.myanimelist.net/images/anime/4/5123l.webp'}}, 'ranking': {'rank': 88}}, {'node': {'id': 40434, 'title': 'Mo Dao Zu Shi: Wanjie Pian', 'main_picture': {'medium': 'https://cdn.myanimelist.net/images/anime/1634/116782.webp', 'large': 'https://cdn.myanimelist.net/images/anime/1634/116782l.webp'}}, 'ranking': {'rank': 89}}, {'node': {'id': 57864, 'title': 'Monogatari Series: Off & Monster Season', 'main_picture': {'medium': 'https://cdn.myanimelist.net/images/anime/1142/146776.jpg', 'large': 'https://cdn.myanimelist.net/images/anime/1142/146776l.jpg'}}, 'ranking': {'rank': 90}}, {'node': {'id': 23273, 'title': 'Shigatsu wa Kimi no Uso', 'main_picture': {'medium': 'https://cdn.myanimelist.net/images/anime/1405/143284.webp', 'large': 'https://cdn.myanimelist.net/images/anime/1405/143284l.webp'}}, 'ranking': {'rank': 91}}, {'node': {'id': 50399, 'title': 'Tian Guan Cifu Er', 'main_picture': {'medium': 'https://cdn.myanimelist.net/images/anime/1203/139210.jpg', 'large': 'https://cdn.myanimelist.net/images/anime/1203/139210l.jpg'}}, 'ranking': {'rank': 92}}, {'node': {'id': 57647, 'title': 'Uma Musume: Pretty Derby - Shin Jidai no Tobira', 'main_picture': {'medium': 'https://cdn.myanimelist.net/images/anime/1427/142210.jpg', 'large': 'https://cdn.myanimelist.net/images/anime/1427/142210l.jpg'}}, 'ranking': {'rank': 93}}, {'node': {'id': 33050, 'title': "Fate/stay night Movie: Heaven's Feel - III. Spring Song", 'main_picture': {'medium': 'https://cdn.myanimelist.net/images/anime/1142/112957.jpg', 'large': 'https://cdn.myanimelist.net/images/anime/1142/112957l.jpg'}}, 'ranking': {'rank': 94}}, {'node': {'id': 59193, 'title': 'Mushoku Tensei III: Isekai Ittara Honki Dasu', 'main_picture': {'medium': 'https://cdn.myanimelist.net/images/anime/1527/158340.jpg', 'large': 'https://cdn.myanimelist.net/images/anime/1527/158340l.jpg'}}, 'ranking': {'rank': 95}}, {'node': {'id': 11665, 'title': 'Natsume Yuujinchou Shi', 'main_picture': {'medium': 'https://cdn.myanimelist.net/images/anime/3/37449.jpg', 'large': 'https://cdn.myanimelist.net/images/anime/3/37449l.jpg'}}, 'ranking': {'rank': 96}}, {'node': {'id': 22135, 'title': 'Ping Pong the Animation', 'main_picture': {'medium': 'https://cdn.myanimelist.net/images/anime/1586/146565.jpg', 'large': 'https://cdn.myanimelist.net/images/anime/1586/146565l.jpg'}}, 'ranking': {'rank': 97}}, {'node': {'id': 42310, 'title': 'Cyberpunk: Edgerunners', 'main_picture': {'medium': 'https://cdn.myanimelist.net/images/anime/1818/126435.webp', 'large': 'https://cdn.myanimelist.net/images/anime/1818/126435l.webp'}}, 'ranking': {'rank': 98}}, {'node': {'id': 1535, 'title': 'Death Note', 'main_picture': {'medium': 'https://cdn.myanimelist.net/images/anime/1079/138100.jpg', 'large': 'https://cdn.myanimelist.net/images/anime/1079/138100l.jpg'}}, 'ranking': {'rank': 99}}, {'node': {'id': 52742, 'title': 'Haikyuu!! Movie: Gomisuteba no Kessen', 'main_picture': {'medium': 'https://cdn.myanimelist.net/images/anime/1665/140360.jpg', 'large': 'https://cdn.myanimelist.net/images/anime/1665/140360l.jpg'}}, 'ranking': {'rank': 100}}, {'node': {'id': 34599, 'title': 'Made in Abyss', 'main_picture': {'medium': 'https://cdn.myanimelist.net/images/anime/6/86733.jpg', 'large': 'https://cdn.myanimelist.net/images/anime/6/86733l.jpg'}}, 'ranking': {'rank': 101}}, {'node': {'id': 46102, 'title': 'Odd Taxi', 'main_picture': {'medium': 'https://cdn.myanimelist.net/images/anime/1981/113348.jpg', 'large': 'https://cdn.myanimelist.net/images/anime/1981/113348l.jpg'}}, 'ranking': {'rank': 102}}, {'node': {'id': 49413, 'title': 'Shiguang Dailiren II', 'main_picture': {'medium': 'https://cdn.myanimelist.net/images/anime/1897/137108.jpg', 'large': 'https://cdn.myanimelist.net/images/anime/1897/137108l.jpg'}}, 'ranking': {'rank': 103}}, {'node': {'id': 4565, 'title': 'Tengen Toppa Gurren Lagann Movie 2: Lagann-hen', 'main_picture': {'medium': 'https://cdn.myanimelist.net/images/anime/12/19698.webp', 'large': 'https://cdn.myanimelist.net/images/anime/12/19698l.webp'}}, 'ranking': {'rank': 104}}, {'node': {'id': 50250, 'title': 'Chiikawa', 'main_picture': {'medium': 'https://cdn.myanimelist.net/images/anime/1783/121944.jpg', 'large': 'https://cdn.myanimelist.net/images/anime/1783/121944l.jpg'}}, 'ranking': {'rank': 105}}, {'node': {'id': 49818, 'title': 'Guimi Zhi Zhu: Xiaochou Pian', 'main_picture': {'medium': 'https://cdn.myanimelist.net/images/anime/1952/149229.jpg', 'large': 'https://cdn.myanimelist.net/images/anime/1952/149229l.jpg'}}, 'ranking': {'rank': 106}}, {'node': {'id': 28891, 'title': 'Haikyuu!! Second Season', 'main_picture': {'medium': 'https://cdn.myanimelist.net/images/anime/9/76662.webp', 'large': 'https://cdn.myanimelist.net/images/anime/9/76662l.webp'}}, 'ranking': {'rank': 107}}, {'node': {'id': 19647, 'title': 'Hajime no Ippo: Rising', 'main_picture': {'medium': 'https://cdn.myanimelist.net/images/anime/6/56147.jpg', 'large': 'https://cdn.myanimelist.net/images/anime/6/56147l.jpg'}}, 'ranking': {'rank': 108}}, {'node': {'id': 40591, 'title': 'Kaguya-sama wa Kokurasetai? Tensai-tachi no Renai Zunousen', 'main_picture': {'medium': 'https://cdn.myanimelist.net/images/anime/1764/106659.webp', 'large': 'https://cdn.myanimelist.net/images/anime/1764/106659l.webp'}}, 'ranking': {'rank': 109}}, {'node': {'id': 33, 'title': 'Kenpuu Denki Berserk', 'main_picture': {'medium': 'https://cdn.myanimelist.net/images/anime/1384/119988.webp', 'large': 'https://cdn.myanimelist.net/images/anime/1384/119988l.webp'}}, 'ranking': {'rank': 110}}, {'node': {'id': 58125, 'title': 'Look Back', 'main_picture': {'medium': 'https://cdn.myanimelist.net/images/anime/1716/142633.jpg', 'large': 'https://cdn.myanimelist.net/images/anime/1716/142633l.jpg'}}, 'ranking': {'rank': 111}}, {'node': {'id': 34591, 'title': 'Natsume Yuujinchou Roku', 'main_picture': {'medium': 'https://cdn.myanimelist.net/images/anime/6/84416.webp', 'large': 'https://cdn.myanimelist.net/images/anime/6/84416l.webp'}}, 'ranking': {'rank': 112}}, {'node': {'id': 54898, 'title': 'Bungou Stray Dogs 5th Season', 'main_picture': {'medium': 'https://cdn.myanimelist.net/images/anime/1161/136691.jpg', 'large': 'https://cdn.myanimelist.net/images/anime/1161/136691l.jpg'}}, 'ranking': {'rank': 113}}, {'node': {'id': 57658, 'title': 'Jujutsu Kaisen: Shimetsu Kaiyuu - Zenpen', 'main_picture': {'medium': 'https://cdn.myanimelist.net/images/anime/1659/154920.jpg', 'large': 'https://cdn.myanimelist.net/images/anime/1659/154920l.jpg'}}, 'ranking': {'rank': 114}}, {'node': {'id': 36862, 'title': 'Made in Abyss Movie 3: Fukaki Tamashii no Reimei', 'main_picture': {'medium': 'https://cdn.myanimelist.net/images/anime/1803/117183.webp', 'large': 'https://cdn.myanimelist.net/images/anime/1803/117183l.webp'}}, 'ranking': {'rank': 115}}, {'node': {'id': 45576, 'title': 'Mushoku Tensei: Isekai Ittara Honki Dasu Part 2', 'main_picture': {'medium': 'https://cdn.myanimelist.net/images/anime/1028/117777.webp', 'large': 'https://cdn.myanimelist.net/images/anime/1028/117777l.webp'}}, 'ranking': {'rank': 116}}, {'node': {'id': 41084, 'title': 'Made in Abyss: Retsujitsu no Ougonkyou', 'main_picture': {'medium': 'https://cdn.myanimelist.net/images/anime/1864/122519.jpg', 'large': 'https://cdn.myanimelist.net/images/anime/1864/122519l.jpg'}}, 'ranking': {'rank': 117}}, {'node': {'id': 38329, 'title': 'Seishun Buta Yarou wa Yumemiru Shoujo no Yume wo Minai', 'main_picture': {'medium': 'https://cdn.myanimelist.net/images/anime/1613/102179.webp', 'large': 'https://cdn.myanimelist.net/images/anime/1613/102179l.webp'}}, 'ranking': {'rank': 118}}, {'node': {'id': 7311, 'title': 'Suzumiya Haruhi no Shoushitsu', 'main_picture': {'medium': 'https://cdn.myanimelist.net/images/anime/1248/112352.jpg', 'large': 'https://cdn.myanimelist.net/images/anime/1248/112352l.jpg'}}, 'ranking': {'rank': 119}}, {'node': {'id': 52701, 'title': 'Dungeon Meshi', 'main_picture': {'medium': 'https://cdn.myanimelist.net/images/anime/1711/142478.jpg', 'large': 'https://cdn.myanimelist.net/images/anime/1711/142478l.jpg'}}, 'ranking': {'rank': 120}}, {'node': {'id': 37991, 'title': 'JoJo no Kimyou na Bouken Part 5: Ougon no Kaze', 'main_picture': {'medium': 'https://cdn.myanimelist.net/images/anime/1882/94989.webp', 'large': 'https://cdn.myanimelist.net/images/anime/1882/94989l.webp'}}, 'ranking': {'rank': 121}}, {'node': {'id': 28957, 'title': 'Mushishi Zoku Shou: Suzu no Shizuku', 'main_picture': {'medium': 'https://cdn.myanimelist.net/images/anime/9/72689.jpg', 'large': 'https://cdn.myanimelist.net/images/anime/9/72689l.jpg'}}, 'ranking': {'rank': 122}}, {'node': {'id': 3786, 'title': 'Shin Evangelion Movie:||', 'main_picture': {'medium': 'https://cdn.myanimelist.net/images/anime/1422/113533.jpg', 'large': 'https://cdn.myanimelist.net/images/anime/1422/113533l.jpg'}}, 'ranking': {'rank': 123}}, {'node': {'id': 16498, 'title': 'Shingeki no Kyojin', 'main_picture': {'medium': 'https://cdn.myanimelist.net/images/anime/10/47347.jpg', 'large': 'https://cdn.myanimelist.net/images/anime/10/47347l.jpg'}}, 'ranking': {'rank': 124}}, {'node': {'id': 877, 'title': 'Nana', 'main_picture': {'medium': 'https://cdn.myanimelist.net/images/anime/2/11232.jpg', 'large': 'https://cdn.myanimelist.net/images/anime/2/11232l.jpg'}}, 'ranking': {'rank': 125}}, {'node': {'id': 55823, 'title': 'Natsume Yuujinchou Shichi', 'main_picture': {'medium': 'https://cdn.myanimelist.net/images/anime/1270/145168.webp', 'large': 'https://cdn.myanimelist.net/images/anime/1270/145168l.webp'}}, 'ranking': {'rank': 126}}, {'node': {'id': 32, 'title': 'Shinseiki Evangelion Movie: Air/Magokoro wo, Kimi ni', 'main_picture': {'medium': 'https://cdn.myanimelist.net/images/anime/1404/98182.webp', 'large': 'https://cdn.myanimelist.net/images/anime/1404/98182l.webp'}}, 'ranking': {'rank': 127}}, {'node': {'id': 59636, 'title': 'Uma Musume: Cinderella Gray', 'main_picture': {'medium': 'https://cdn.myanimelist.net/images/anime/1626/148097.jpg', 'large': 'https://cdn.myanimelist.net/images/anime/1626/148097l.jpg'}}, 'ranking': {'rank': 128}}, {'node': {'id': 40776, 'title': 'Haikyuu!! To the Top Part 2', 'main_picture': {'medium': 'https://cdn.myanimelist.net/images/anime/1453/106768.webp', 'large': 'https://cdn.myanimelist.net/images/anime/1453/106768l.webp'}}, 'ranking': {'rank': 129}}, {'node': {'id': 31757, 'title': 'Kizumonogatari II: Nekketsu-hen', 'main_picture': {'medium': 'https://cdn.myanimelist.net/images/anime/1981/112812.webp', 'large': 'https://cdn.myanimelist.net/images/anime/1981/112812l.webp'}}, 'ranking': {'rank': 130}}, {'node': {'id': 32983, 'title': 'Natsume Yuujinchou Go', 'main_picture': {'medium': 'https://cdn.myanimelist.net/images/anime/11/81755.jpg', 'large': 'https://cdn.myanimelist.net/images/anime/11/81755l.jpg'}}, 'ranking': {'rank': 131}}, {'node': {'id': 10379, 'title': 'Natsume Yuujinchou San', 'main_picture': {'medium': 'https://cdn.myanimelist.net/images/anime/8/82394.webp', 'large': 'https://cdn.myanimelist.net/images/anime/8/82394l.webp'}}, 'ranking': {'rank': 132}}, {'node': {'id': 12355, 'title': 'Ookami Kodomo no Ame to Yuki', 'main_picture': {'medium': 'https://cdn.myanimelist.net/images/anime/9/35721.webp', 'large': 'https://cdn.myanimelist.net/images/anime/9/35721l.webp'}}, 'ranking': {'rank': 133}}, {'node': {'id': 437, 'title': 'Perfect Blue', 'main_picture': {'medium': 'https://cdn.myanimelist.net/images/anime/1254/134212.jpg', 'large': 'https://cdn.myanimelist.net/images/anime/1254/134212l.jpg'}}, 'ranking': {'rank': 134}}, {'node': {'id': 170, 'title': 'Slam Dunk', 'main_picture': {'medium': 'https://cdn.myanimelist.net/images/anime/12/86890.jpg', 'large': 'https://cdn.myanimelist.net/images/anime/12/86890l.jpg'}}, 'ranking': {'rank': 135}}, {'node': {'id': 30484, 'title': 'Steins;Gate 0', 'main_picture': {'medium': 'https://cdn.myanimelist.net/images/anime/1375/93521.jpg', 'large': 'https://cdn.myanimelist.net/images/anime/1375/93521l.jpg'}}, 'ranking': {'rank': 136}}, {'node': {'id': 36098, 'title': 'Kimi no Suizou wo Tabetai', 'main_picture': {'medium': 'https://cdn.myanimelist.net/images/anime/1768/93291.webp', 'large': 'https://cdn.myanimelist.net/images/anime/1768/93291l.webp'}}, 'ranking': {'rank': 137}}, {'node': {'id': 7785, 'title': 'Yojouhan Shinwa Taikei', 'main_picture': {'medium': 'https://cdn.myanimelist.net/images/anime/1633/123689.jpg', 'large': 'https://cdn.myanimelist.net/images/anime/1633/123689l.jpg'}}, 'ranking': {'rank': 138}}, {'node': {'id': 49701, 'title': 'Doupo Cangqiong: San Nian Zhi Yue', 'main_picture': {'medium': 'https://cdn.myanimelist.net/images/anime/1029/118861.jpg', 'large': 'https://cdn.myanimelist.net/images/anime/1029/118861l.jpg'}}, 'ranking': {'rank': 139}}, {'node': {'id': 578, 'title': 'Hotaru no Haka', 'main_picture': {'medium': 'https://cdn.myanimelist.net/images/anime/1485/141208.jpg', 'large': 'https://cdn.myanimelist.net/images/anime/1485/141208l.jpg'}}, 'ranking': {'rank': 140}}, {'node': {'id': 63375, 'title': 'Nippon Sangoku', 'main_picture': {'medium': 'https://cdn.myanimelist.net/images/anime/1623/156387.jpg', 'large': 'https://cdn.myanimelist.net/images/anime/1623/156387l.jpg'}}, 'ranking': {'rank': 141}}, {'node': {'id': 25777, 'title': 'Shingeki no Kyojin Season 2', 'main_picture': {'medium': 'https://cdn.myanimelist.net/images/anime/4/84177.jpg', 'large': 'https://cdn.myanimelist.net/images/anime/4/84177l.jpg'}}, 'ranking': {'rank': 142}}, {'node': {'id': 28735, 'title': 'Shouwa Genroku Rakugo Shinjuu', 'main_picture': {'medium': 'https://cdn.myanimelist.net/images/anime/1354/124768.webp', 'large': 'https://cdn.myanimelist.net/images/anime/1354/124768l.webp'}}, 'ranking': {'rank': 143}}, {'node': {'id': 11741, 'title': 'Fate/Zero 2nd Season', 'main_picture': {'medium': 'https://cdn.myanimelist.net/images/anime/1522/117645.webp', 'large': 'https://cdn.myanimelist.net/images/anime/1522/117645l.webp'}}, 'ranking': {'rank': 144}}, {'node': {'id': 40456, 'title': 'Kimetsu no Yaiba Movie: Mugen Ressha-hen', 'main_picture': {'medium': 'https://cdn.myanimelist.net/images/anime/1704/106947.webp', 'large': 'https://cdn.myanimelist.net/images/anime/1704/106947l.webp'}}, 'ranking': {'rank': 145}}, {'node': {'id': 21329, 'title': 'Mushishi: Hihamukage', 'main_picture': {'medium': 'https://cdn.myanimelist.net/images/anime/1559/147521.jpg', 'large': 'https://cdn.myanimelist.net/images/anime/1559/147521l.jpg'}}, 'ranking': {'rank': 146}}, {'node': {'id': 5300, 'title': 'Zoku Natsume Yuujinchou', 'main_picture': {'medium': 'https://cdn.myanimelist.net/images/anime/4/79738.jpg', 'large': 'https://cdn.myanimelist.net/images/anime/4/79738l.jpg'}}, 'ranking': {'rank': 147}}, {'node': {'id': 52034, 'title': '[Oshi no Ko]', 'main_picture': {'medium': 'https://cdn.myanimelist.net/images/anime/1812/134736.jpg', 'large': 'https://cdn.myanimelist.net/images/anime/1812/134736l.jpg'}}, 'ranking': {'rank': 148}}, {'node': {'id': 40417, 'title': 'Fruits Basket 2nd Season', 'main_picture': {'medium': 'https://cdn.myanimelist.net/images/anime/1972/111635.jpg', 'large': 'https://cdn.myanimelist.net/images/anime/1972/111635l.jpg'}}, 'ranking': {'rank': 149}}, {'node': {'id': 7472, 'title': 'Gintama Movie 1: Shinyaku Benizakura-hen', 'main_picture': {'medium': 'https://cdn.myanimelist.net/images/anime/4/28803.jpg', 'large': 'https://cdn.myanimelist.net/images/anime/4/28803l.jpg'}}, 'ranking': {'rank': 150}}, {'node': {'id': 61903, 'title': 'Kaguya-sama wa Kokurasetai: Otona e no Kaidan', 'main_picture': {'medium': 'https://cdn.myanimelist.net/images/anime/1112/150697.jpg', 'large': 'https://cdn.myanimelist.net/images/anime/1112/150697l.jpg'}}, 'ranking': {'rank': 151}}, {'node': {'id': 205, 'title': 'Samurai Champloo', 'main_picture': {'medium': 'https://cdn.myanimelist.net/images/anime/1370/135212.webp', 'large': 'https://cdn.myanimelist.net/images/anime/1370/135212l.webp'}}, 'ranking': {'rank': 152}}, {'node': {'id': 40664, 'title': 'Shoujo☆Kageki Revue Starlight Movie', 'main_picture': {'medium': 'https://cdn.myanimelist.net/images/anime/1378/119190.jpg', 'large': 'https://cdn.myanimelist.net/images/anime/1378/119190l.jpg'}}, 'ranking': {'rank': 153}}, {'node': {'id': 12365, 'title': 'Bakuman. 3rd Season', 'main_picture': {'medium': 'https://cdn.myanimelist.net/images/anime/6/41845.webp', 'large': 'https://cdn.myanimelist.net/images/anime/6/41845l.webp'}}, 'ranking': {'rank': 154}}, {'node': {'id': 61322, 'title': 'Dr. Stone: Science Future Part 2', 'main_picture': {'medium': 'https://cdn.myanimelist.net/images/anime/1785/151710.webp', 'large': 'https://cdn.myanimelist.net/images/anime/1785/151710l.webp'}}, 'ranking': {'rank': 155}}, {'node': {'id': 60557, 'title': 'Fanren Xiu Xian Zhuan 4th Season', 'main_picture': {'medium': 'https://cdn.myanimelist.net/images/anime/1421/153427.jpg', 'large': 'https://cdn.myanimelist.net/images/anime/1421/153427l.jpg'}}, 'ranking': {'rank': 156}}, {'node': {'id': 35843, 'title': 'Gintama. Porori-hen', 'main_picture': {'medium': 'https://cdn.myanimelist.net/images/anime/11/88325.jpg', 'large': 'https://cdn.myanimelist.net/images/anime/11/88325l.jpg'}}, 'ranking': {'rank': 157}}, {'node': {'id': 31933, 'title': 'JoJo no Kimyou na Bouken Part 4: Diamond wa Kudakenai', 'main_picture': {'medium': 'https://cdn.myanimelist.net/images/anime/3/79156.webp', 'large': 'https://cdn.myanimelist.net/images/anime/3/79156l.webp'}}, 'ranking': {'rank': 158}}, {'node': {'id': 801, 'title': 'Koukaku Kidoutai: Stand Alone Complex 2nd GIG', 'main_picture': {'medium': 'https://cdn.myanimelist.net/images/anime/1646/135390.webp', 'large': 'https://cdn.myanimelist.net/images/anime/1646/135390l.webp'}}, 'ranking': {'rank': 159}}, {'node': {'id': 11981, 'title': 'Mahou Shoujo Madoka★Magica Movie 3: Hangyaku no Monogatari', 'main_picture': {'medium': 'https://cdn.myanimelist.net/images/anime/5/54231.webp', 'large': 'https://cdn.myanimelist.net/images/anime/5/54231l.webp'}}, 'ranking': {'rank': 160}}, {'node': {'id': 58567, 'title': 'Ore dake Level Up na Ken Season 2: Arise from the Shadow', 'main_picture': {'medium': 'https://cdn.myanimelist.net/images/anime/1448/147351.webp', 'large': 'https://cdn.myanimelist.net/images/anime/1448/147351l.webp'}}, 'ranking': {'rank': 161}}, {'node': {'id': 58222, 'title': 'Given Movie 3: Umi e', 'main_picture': {'medium': 'https://cdn.myanimelist.net/images/anime/1663/144261.webp', 'large': 'https://cdn.myanimelist.net/images/anime/1663/144261l.webp'}}, 'ranking': {'rank': 162}}, {'node': {'id': 59986, 'title': 'Grand Blue Season 2', 'main_picture': {'medium': 'https://cdn.myanimelist.net/images/anime/1108/150583.jpg', 'large': 'https://cdn.myanimelist.net/images/anime/1108/150583l.jpg'}}, 'ranking': {'rank': 163}}, {'node': {'id': 53273, 'title': 'JoJo no Kimyou na Bouken Part 6: Stone Ocean Part 3', 'main_picture': {'medium': 'https://cdn.myanimelist.net/images/anime/1233/128920.jpg', 'large': 'https://cdn.myanimelist.net/images/anime/1233/128920l.jpg'}}, 'ranking': {'rank': 164}}, {'node': {'id': 4282, 'title': 'Kara no Kyoukai Movie 5: Mujun Rasen', 'main_picture': {'medium': 'https://cdn.myanimelist.net/images/anime/4/75851.webp', 'large': 'https://cdn.myanimelist.net/images/anime/4/75851l.webp'}}, 'ranking': {'rank': 165}}, {'node': {'id': 35839, 'title': 'Sora yori mo Tooi Basho', 'main_picture': {'medium': 'https://cdn.myanimelist.net/images/anime/6/89879.webp', 'large': 'https://cdn.myanimelist.net/images/anime/6/89879l.webp'}}, 'ranking': {'rank': 166}}, {'node': {'id': 38474, 'title': 'Yuru Camp△ Season 2', 'main_picture': {'medium': 'https://cdn.myanimelist.net/images/anime/1255/110636.jpg', 'large': 'https://cdn.myanimelist.net/images/anime/1255/110636l.jpg'}}, 'ranking': {'rank': 167}}, {'node': {'id': 55791, 'title': '[Oshi no Ko] 2nd Season', 'main_picture': {'medium': 'https://cdn.myanimelist.net/images/anime/1006/143302.jpg', 'large': 'https://cdn.myanimelist.net/images/anime/1006/143302l.jpg'}}, 'ranking': {'rank': 168}}, {'node': {'id': 40748, 'title': 'Jujutsu Kaisen', 'main_picture': {'medium': 'https://cdn.myanimelist.net/images/anime/1171/109222.jpg', 'large': 'https://cdn.myanimelist.net/images/anime/1171/109222l.jpg'}}, 'ranking': {'rank': 169}}, {'node': {'id': 32182, 'title': 'Mob Psycho 100', 'main_picture': {'medium': 'https://cdn.myanimelist.net/images/anime/8/80356.jpg', 'large': 'https://cdn.myanimelist.net/images/anime/8/80356l.jpg'}}, 'ranking': {'rank': 170}}, {'node': {'id': 51553, 'title': 'Tongari Boushi no Atelier', 'main_picture': {'medium': 'https://cdn.myanimelist.net/images/anime/1726/155542.jpg', 'large': 'https://cdn.myanimelist.net/images/anime/1726/155542l.jpg'}}, 'ranking': {'rank': 171}}, {'node': {'id': 55809, 'title': 'Xian Ni', 'main_picture': {'medium': 'https://cdn.myanimelist.net/images/anime/1289/149708.jpg', 'large': 'https://cdn.myanimelist.net/images/anime/1289/149708l.jpg'}}, 'ranking': {'rank': 172}}, {'node': {'id': 3297, 'title': 'Aria the Origination', 'main_picture': {'medium': 'https://cdn.myanimelist.net/images/anime/1431/132867.webp', 'large': 'https://cdn.myanimelist.net/images/anime/1431/132867l.webp'}}, 'ranking': {'rank': 173}}, {'node': {'id': 59845, 'title': 'Kaoru Hana wa Rin to Saku', 'main_picture': {'medium': 'https://cdn.myanimelist.net/images/anime/1744/150433.jpg', 'large': 'https://cdn.myanimelist.net/images/anime/1744/150433l.jpg'}}, 'ranking': {'rank': 174}}, {'node': {'id': 40834, 'title': 'Ousama Ranking', 'main_picture': {'medium': 'https://cdn.myanimelist.net/images/anime/1347/117616.webp', 'large': 'https://cdn.myanimelist.net/images/anime/1347/117616l.webp'}}, 'ranking': {'rank': 175}}, {'node': {'id': 60988, 'title': 'Tian Guan Cifu Short Films', 'main_picture': {'medium': 'https://cdn.myanimelist.net/images/anime/1174/149943.jpg', 'large': 'https://cdn.myanimelist.net/images/anime/1174/149943l.jpg'}}, 'ranking': {'rank': 176}}, {'node': {'id': 12431, 'title': 'Uchuu Kyoudai', 'main_picture': {'medium': 'https://cdn.myanimelist.net/images/anime/1290/135694.webp', 'large': 'https://cdn.myanimelist.net/images/anime/1290/135694l.webp'}}, 'ranking': {'rank': 177}}, {'node': {'id': 30654, 'title': 'Ansatsu Kyoushitsu 2nd Season', 'main_picture': {'medium': 'https://cdn.myanimelist.net/images/anime/8/77966.webp', 'large': 'https://cdn.myanimelist.net/images/anime/8/77966l.webp'}}, 'ranking': {'rank': 178}}, {'node': {'id': 10165, 'title': 'Nichijou', 'main_picture': {'medium': 'https://cdn.myanimelist.net/images/anime/3/75617.webp', 'large': 'https://cdn.myanimelist.net/images/anime/3/75617l.webp'}}, 'ranking': {'rank': 179}}, {'node': {'id': 30276, 'title': 'One Punch Man', 'main_picture': {'medium': 'https://cdn.myanimelist.net/images/anime/12/76049.webp', 'large': 'https://cdn.myanimelist.net/images/anime/12/76049l.webp'}}, 'ranking': {'rank': 180}}, {'node': {'id': 44070, 'title': 'Tian Guan Cifu Special', 'main_picture': {'medium': 'https://cdn.myanimelist.net/images/anime/1043/110306.jpg', 'large': 'https://cdn.myanimelist.net/images/anime/1043/110306l.jpg'}}, 'ranking': {'rank': 181}}, {'node': {'id': 37779, 'title': 'Yakusoku no Neverland', 'main_picture': {'medium': 'https://cdn.myanimelist.net/images/anime/1830/118780.webp', 'large': 'https://cdn.myanimelist.net/images/anime/1830/118780l.webp'}}, 'ranking': {'rank': 182}}, {'node': {'id': 37379, 'title': 'Chihayafuru 3', 'main_picture': {'medium': 'https://cdn.myanimelist.net/images/anime/1898/110709.jpg', 'large': 'https://cdn.myanimelist.net/images/anime/1898/110709l.jpg'}}, 'ranking': {'rank': 183}}, {'node': {'id': 62896, 'title': 'Chou Kaguya-hime!', 'main_picture': {'medium': 'https://cdn.myanimelist.net/images/anime/1758/153953.jpg', 'large': 'https://cdn.myanimelist.net/images/anime/1758/153953l.jpg'}}, 'ranking': {'rank': 184}}, {'node': {'id': 57779, 'title': 'Dorohedoro Season 2', 'main_picture': {'medium': 'https://cdn.myanimelist.net/images/anime/1603/155354.jpg', 'large': 'https://cdn.myanimelist.net/images/anime/1603/155354l.jpg'}}, 'ranking': {'rank': 185}}, {'node': {'id': 33049, 'title': "Fate/stay night Movie: Heaven's Feel - II. Lost Butterfly", 'main_picture': {'medium': 'https://cdn.myanimelist.net/images/anime/1974/98158.jpg', 'large': 'https://cdn.myanimelist.net/images/anime/1974/98158l.jpg'}}, 'ranking': {'rank': 186}}, {'node': {'id': 63019, 'title': 'Prism Rondo', 'main_picture': {'medium': 'https://cdn.myanimelist.net/images/anime/1862/153881.jpg', 'large': 'https://cdn.myanimelist.net/images/anime/1862/153881l.jpg'}}, 'ranking': {'rank': 187}}, {'node': {'id': 6114, 'title': 'Rainbow: Nisha Rokubou no Shichinin', 'main_picture': {'medium': 'https://cdn.myanimelist.net/images/anime/9/72697.jpg', 'large': 'https://cdn.myanimelist.net/images/anime/9/72697l.jpg'}}, 'ranking': {'rank': 188}}, {'node': {'id': 47194, 'title': 'Summertime Render', 'main_picture': {'medium': 'https://cdn.myanimelist.net/images/anime/1120/120796.webp', 'large': 'https://cdn.myanimelist.net/images/anime/1120/120796l.webp'}}, 'ranking': {'rank': 189}}, {'node': {'id': 61483, 'title': 'Tenmaku no Jaadugar', 'main_picture': {'medium': 'https://cdn.myanimelist.net/images/anime/1098/158891.jpg', 'large': 'https://cdn.myanimelist.net/images/anime/1098/158891l.jpg'}}, 'ranking': {'rank': 190}}, {'node': {'id': 392, 'title': 'Yuu☆Yuu☆Hakusho', 'main_picture': {'medium': 'https://cdn.myanimelist.net/images/anime/1228/111372.jpg', 'large': 'https://cdn.myanimelist.net/images/anime/1228/111372l.jpg'}}, 'ranking': {'rank': 191}}, {'node': {'id': 36649, 'title': 'Banana Fish', 'main_picture': {'medium': 'https://cdn.myanimelist.net/images/anime/1190/93472.webp', 'large': 'https://cdn.myanimelist.net/images/anime/1190/93472l.webp'}}, 'ranking': {'rank': 192}}, {'node': {'id': 44087, 'title': 'Gintama: The Semi-Final', 'main_picture': {'medium': 'https://cdn.myanimelist.net/images/anime/1694/110521.jpg', 'large': 'https://cdn.myanimelist.net/images/anime/1694/110521l.jpg'}}, 'ranking': {'rank': 193}}, {'node': {'id': 37105, 'title': 'Grand Blue', 'main_picture': {'medium': 'https://cdn.myanimelist.net/images/anime/1302/94882.jpg', 'large': 'https://cdn.myanimelist.net/images/anime/1302/94882l.jpg'}}, 'ranking': {'rank': 194}}, {'node': {'id': 37208, 'title': 'Mo Dao Zu Shi', 'main_picture': {'medium': 'https://cdn.myanimelist.net/images/anime/1908/153734.jpg', 'large': 'https://cdn.myanimelist.net/images/anime/1908/153734l.jpg'}}, 'ranking': {'rank': 195}}, {'node': {'id': 38450, 'title': 'Mo Dao Zu Shi: Xian Yun Pian', 'main_picture': {'medium': 'https://cdn.myanimelist.net/images/anime/1404/106707.webp', 'large': 'https://cdn.myanimelist.net/images/anime/1404/106707l.webp'}}, 'ranking': {'rank': 196}}, {'node': {'id': 60544, 'title': 'Nezha Zhi Mo Tong Nao Hai', 'main_picture': {'medium': 'https://cdn.myanimelist.net/images/anime/1616/147002.webp', 'large': 'https://cdn.myanimelist.net/images/anime/1616/147002l.webp'}}, 'ranking': {'rank': 197}}, {'node': {'id': 31181, 'title': 'Owarimonogatari', 'main_picture': {'medium': 'https://cdn.myanimelist.net/images/anime/8/76479.jpg', 'large': 'https://cdn.myanimelist.net/images/anime/8/76479l.jpg'}}, 'ranking': {'rank': 198}}, {'node': {'id': 11577, 'title': 'Steins;Gate Movie: Fuka Ryouiki no Déjà vu', 'main_picture': {'medium': 'https://cdn.myanimelist.net/images/anime/1611/112806.webp', 'large': 'https://cdn.myanimelist.net/images/anime/1611/112806l.webp'}}, 'ranking': {'rank': 199}}, {'node': {'id': 136, 'title': 'Hunter x Hunter', 'main_picture': {'medium': 'https://cdn.myanimelist.net/images/anime/1305/132237.webp', 'large': 'https://cdn.myanimelist.net/images/anime/1305/132237l.webp'}}, 'ranking': {'rank': 200}}, {'node': {'id': 26055, 'title': 'JoJo no Kimyou na Bouken Part 3: Stardust Crusaders - Egypt-hen', 'main_picture': {'medium': 'https://cdn.myanimelist.net/images/anime/11/75045.webp', 'large': 'https://cdn.myanimelist.net/images/anime/11/75045l.webp'}}, 'ranking': {'rank': 201}}, {'node': {'id': 61335, 'title': 'Medalist 2nd Season', 'main_picture': {'medium': 'https://cdn.myanimelist.net/images/anime/1828/155038.jpg', 'large': 'https://cdn.myanimelist.net/images/anime/1828/155038l.jpg'}}, 'ranking': {'rank': 202}}, {'node': {'id': 35737, 'title': 'Pluto', 'main_picture': {'medium': 'https://cdn.myanimelist.net/images/anime/1021/138568.jpg', 'large': 'https://cdn.myanimelist.net/images/anime/1021/138568l.jpg'}}, 'ranking': {'rank': 203}}, {'node': {'id': 63832, 'title': 'Seihantai na Kimi to Boku 2nd Season', 'main_picture': {'medium': 'https://cdn.myanimelist.net/images/anime/1143/158409.webp', 'large': 'https://cdn.myanimelist.net/images/anime/1143/158409l.webp'}}, 'ranking': {'rank': 204}}, {'node': {'id': 36999, 'title': 'Zoku Owarimonogatari', 'main_picture': {'medium': 'https://cdn.myanimelist.net/images/anime/1022/96168.webp', 'large': 'https://cdn.myanimelist.net/images/anime/1022/96168l.webp'}}, 'ranking': {'rank': 205}}, {'node': {'id': 40059, 'title': 'Golden Kamuy 3rd Season', 'main_picture': {'medium': 'https://cdn.myanimelist.net/images/anime/1763/108108.jpg', 'large': 'https://cdn.myanimelist.net/images/anime/1763/108108l.jpg'}}, 'ranking': {'rank': 206}}, {'node': {'id': 20583, 'title': 'Haikyuu!!', 'main_picture': {'medium': 'https://cdn.myanimelist.net/images/anime/7/76014.webp', 'large': 'https://cdn.myanimelist.net/images/anime/7/76014l.webp'}}, 'ranking': {'rank': 207}}, {'node': {'id': 39741, 'title': 'Violet Evergarden Gaiden: Eien to Jidou Shuki Ningyou', 'main_picture': {'medium': 'https://cdn.myanimelist.net/images/anime/1667/112943.webp', 'large': 'https://cdn.myanimelist.net/images/anime/1667/112943l.webp'}}, 'ranking': {'rank': 208}}, {'node': {'id': 44511, 'title': 'Chainsaw Man', 'main_picture': {'medium': 'https://cdn.myanimelist.net/images/anime/1806/126216.webp', 'large': 'https://cdn.myanimelist.net/images/anime/1806/126216l.webp'}}, 'ranking': {'rank': 209}}, {'node': {'id': 62340, 'title': 'Guangyin Zhi Wai', 'main_picture': {'medium': 'https://cdn.myanimelist.net/images/anime/1628/153418.jpg', 'large': 'https://cdn.myanimelist.net/images/anime/1628/153418l.jpg'}}, 'ranking': {'rank': 210}}, {'node': {'id': 38889, 'title': 'Kono Oto Tomare! Part 2', 'main_picture': {'medium': 'https://cdn.myanimelist.net/images/anime/1422/111621.jpg', 'large': 'https://cdn.myanimelist.net/images/anime/1422/111621l.jpg'}}, 'ranking': {'rank': 211}}, {'node': {'id': 467, 'title': 'Koukaku Kidoutai: Stand Alone Complex', 'main_picture': {'medium': 'https://cdn.myanimelist.net/images/anime/11/50857.jpg', 'large': 'https://cdn.myanimelist.net/images/anime/11/50857l.jpg'}}, 'ranking': {'rank': 212}}, {'node': {'id': 24687, 'title': 'Mushishi Zoku Shou: Odoro no Michi', 'main_picture': {'medium': 'https://cdn.myanimelist.net/images/anime/8/63539.jpg', 'large': 'https://cdn.myanimelist.net/images/anime/8/63539l.jpg'}}, 'ranking': {'rank': 213}}, {'node': {'id': 36538, 'title': 'Natsume Yuujinchou Movie: Utsusemi ni Musubu', 'main_picture': {'medium': 'https://cdn.myanimelist.net/images/anime/1250/94846.webp', 'large': 'https://cdn.myanimelist.net/images/anime/1250/94846l.webp'}}, 'ranking': {'rank': 214}}, {'node': {'id': 42203, 'title': 'Re:Zero kara Hajimeru Isekai Seikatsu 2nd Season Part 2', 'main_picture': {'medium': 'https://cdn.myanimelist.net/images/anime/1724/117421.webp', 'large': 'https://cdn.myanimelist.net/images/anime/1724/117421l.webp'}}, 'ranking': {'rank': 215}}, {'node': {'id': 54857, 'title': 'Re:Zero kara Hajimeru Isekai Seikatsu 3rd Season', 'main_picture': {'medium': 'https://cdn.myanimelist.net/images/anime/1706/144725.jpg', 'large': 'https://cdn.myanimelist.net/images/anime/1706/144725l.jpg'}}, 'ranking': {'rank': 216}}, {'node': {'id': 36885, 'title': 'Saenai Heroine no Sodatekata Fine', 'main_picture': {'medium': 'https://cdn.myanimelist.net/images/anime/1671/111411.jpg', 'large': 'https://cdn.myanimelist.net/images/anime/1671/111411l.jpg'}}, 'ranking': {'rank': 217}}, {'node': {'id': 25781, 'title': 'Shingeki no Kyojin: Kuinaki Sentaku', 'main_picture': {'medium': 'https://cdn.myanimelist.net/images/anime/8/69497.jpg', 'large': 'https://cdn.myanimelist.net/images/anime/8/69497l.jpg'}}, 'ranking': {'rank': 218}}, {'node': {'id': 50330, 'title': 'Bungou Stray Dogs 4th Season', 'main_picture': {'medium': 'https://cdn.myanimelist.net/images/anime/1263/132759.webp', 'large': 'https://cdn.myanimelist.net/images/anime/1263/132759l.webp'}}, 'ranking': {'rank': 219}}, {'node': {'id': 21899, 'title': 'Gintama: Yorinuki Gintama-san on Theater 2D', 'main_picture': {'medium': 'https://cdn.myanimelist.net/images/anime/1172/90571.webp', 'large': 'https://cdn.myanimelist.net/images/anime/1172/90571l.webp'}}, 'ranking': {'rank': 220}}, {'node': {'id': 30709, 'title': 'Kamisama Hajimemashita: Kako-hen', 'main_picture': {'medium': 'https://cdn.myanimelist.net/images/anime/3/81250.jpg', 'large': 'https://cdn.myanimelist.net/images/anime/3/81250l.jpg'}}, 'ranking': {'rank': 221}}, {'node': {'id': 56538, 'title': 'Kimi ni Todoke 3rd Season', 'main_picture': {'medium': 'https://cdn.myanimelist.net/images/anime/1617/142448.jpg', 'large': 'https://cdn.myanimelist.net/images/anime/1617/142448l.jpg'}}, 'ranking': {'rank': 222}}, {'node': {'id': 2246, 'title': 'Mononoke', 'main_picture': {'medium': 'https://cdn.myanimelist.net/images/anime/3/20713.webp', 'large': 'https://cdn.myanimelist.net/images/anime/3/20713l.webp'}}, 'ranking': {'rank': 223}}, {'node': {'id': 33255, 'title': 'Saiki Kusuo no Ψ-nan', 'main_picture': {'medium': 'https://cdn.myanimelist.net/images/anime/1973/142750.jpg', 'large': 'https://cdn.myanimelist.net/images/anime/1973/142750l.jpg'}}, 'ranking': {'rank': 224}}, {'node': {'id': 34612, 'title': 'Saiki Kusuo no Ψ-nan 2', 'main_picture': {'medium': 'https://cdn.myanimelist.net/images/anime/1961/91383.jpg', 'large': 'https://cdn.myanimelist.net/images/anime/1961/91383l.jpg'}}, 'ranking': {'rank': 225}}, {'node': {'id': 50265, 'title': 'Spy x Family', 'main_picture': {'medium': 'https://cdn.myanimelist.net/images/anime/1441/122795.webp', 'large': 'https://cdn.myanimelist.net/images/anime/1441/122795l.webp'}}, 'ranking': {'rank': 226}}, {'node': {'id': 40730, 'title': 'Tian Guan Cifu', 'main_picture': {'medium': 'https://cdn.myanimelist.net/images/anime/1319/109301.jpg', 'large': 'https://cdn.myanimelist.net/images/anime/1319/109301l.jpg'}}, 'ranking': {'rank': 227}}, {'node': {'id': 53672, 'title': 'Violet Evergarden: Recollections', 'main_picture': {'medium': 'https://cdn.myanimelist.net/images/anime/1902/143097.jpg', 'large': 'https://cdn.myanimelist.net/images/anime/1902/143097l.jpg'}}, 'ranking': {'rank': 228}}, {'node': {'id': 51039, 'title': 'Doupo Cangqiong: Nian Fan', 'main_picture': {'medium': 'https://cdn.myanimelist.net/images/anime/1419/126374.jpg', 'large': 'https://cdn.myanimelist.net/images/anime/1419/126374l.jpg'}}, 'ranking': {'rank': 229}}, {'node': {'id': 55772, 'title': 'Golden Kamuy: Saishuushou', 'main_picture': {'medium': 'https://cdn.myanimelist.net/images/anime/1288/154763.jpg', 'large': 'https://cdn.myanimelist.net/images/anime/1288/154763l.jpg'}}, 'ranking': {'rank': 230}}, {'node': {'id': 62542, 'title': 'Grand Blue Season 3', 'main_picture': {'medium': 'https://cdn.myanimelist.net/images/anime/1615/158194.jpg', 'large': 'https://cdn.myanimelist.net/images/anime/1615/158194l.jpg'}}, 'ranking': {'rank': 231}}, {'node': {'id': 37999, 'title': 'Kaguya-sama wa Kokurasetai: Tensai-tachi no Renai Zunousen', 'main_picture': {'medium': 'https://cdn.myanimelist.net/images/anime/1295/106551.webp', 'large': 'https://cdn.myanimelist.net/images/anime/1295/106551l.webp'}}, 'ranking': {'rank': 232}}, {'node': {'id': 49722, 'title': 'Karakai Jouzu no Takagi-san Movie', 'main_picture': {'medium': 'https://cdn.myanimelist.net/images/anime/1376/123398.jpg', 'large': 'https://cdn.myanimelist.net/images/anime/1376/123398l.jpg'}}, 'ranking': {'rank': 233}}, {'node': {'id': 38000, 'title': 'Kimetsu no Yaiba', 'main_picture': {'medium': 'https://cdn.myanimelist.net/images/anime/1286/99889.jpg', 'large': 'https://cdn.myanimelist.net/images/anime/1286/99889l.jpg'}}, 'ranking': {'rank': 234}}, {'node': {'id': 38040, 'title': 'Kono Subarashii Sekai ni Shukufuku wo! Movie: Kurenai Densetsu', 'main_picture': {'medium': 'https://cdn.myanimelist.net/images/anime/1638/119321.jpg', 'large': 'https://cdn.myanimelist.net/images/anime/1638/119321l.jpg'}}, 'ranking': {'rank': 235}}, {'node': {'id': 36275, 'title': 'Natsume Yuujinchou Roku Specials', 'main_picture': {'medium': 'https://cdn.myanimelist.net/images/anime/10/87615.jpg', 'large': 'https://cdn.myanimelist.net/images/anime/10/87615l.jpg'}}, 'ranking': {'rank': 236}}, {'node': {'id': 35851, 'title': 'Sayonara no Asa ni Yakusoku no Hana wo Kazarou', 'main_picture': {'medium': 'https://cdn.myanimelist.net/images/anime/11/89556.webp', 'large': 'https://cdn.myanimelist.net/images/anime/11/89556l.webp'}}, 'ranking': {'rank': 237}}, {'node': {'id': 45556, 'title': 'Wu Liuqi: Xuanwu Guo Pian', 'main_picture': {'medium': 'https://cdn.myanimelist.net/images/anime/1884/111224.webp', 'large': 'https://cdn.myanimelist.net/images/anime/1884/111224l.webp'}}, 'ranking': {'rank': 238}}, {'node': {'id': 50183, 'title': 'Blue Giant', 'main_picture': {'medium': 'https://cdn.myanimelist.net/images/anime/1958/132159.webp', 'large': 'https://cdn.myanimelist.net/images/anime/1958/132159l.webp'}}, 'ranking': {'rank': 239}}, {'node': {'id': 57334, 'title': 'Dandadan', 'main_picture': {'medium': 'https://cdn.myanimelist.net/images/anime/1584/143719.jpg', 'large': 'https://cdn.myanimelist.net/images/anime/1584/143719l.jpg'}}, 'ranking': {'rank': 240}}, {'node': {'id': 39167, 'title': 'Girls & Panzer: Saishuushou Part 4', 'main_picture': {'medium': 'https://cdn.myanimelist.net/images/anime/1652/138188.jpg', 'large': 'https://cdn.myanimelist.net/images/anime/1652/138188l.jpg'}}, 'ranking': {'rank': 241}}, {'node': {'id': 35557, 'title': 'Houseki no Kuni', 'main_picture': {'medium': 'https://cdn.myanimelist.net/images/anime/3/88293.jpg', 'large': 'https://cdn.myanimelist.net/images/anime/3/88293l.jpg'}}, 'ranking': {'rank': 242}}, {'node': {'id': 37515, 'title': 'Made in Abyss Movie 2: Hourou Suru Tasogare', 'main_picture': {'medium': 'https://cdn.myanimelist.net/images/anime/1336/95168.jpg', 'large': 'https://cdn.myanimelist.net/images/anime/1336/95168l.jpg'}}, 'ranking': {'rank': 243}}, {'node': {'id': 9756, 'title': 'Mahou Shoujo Madoka★Magica', 'main_picture': {'medium': 'https://cdn.myanimelist.net/images/anime/11/55225.jpg', 'large': 'https://cdn.myanimelist.net/images/anime/11/55225l.jpg'}}, 'ranking': {'rank': 244}}, {'node': {'id': 5028, 'title': 'Major S5', 'main_picture': {'medium': 'https://cdn.myanimelist.net/images/anime/9/75218.jpg', 'large': 'https://cdn.myanimelist.net/images/anime/9/75218l.jpg'}}, 'ranking': {'rank': 245}}, {'node': {'id': 2402, 'title': 'Ashita no Joe', 'main_picture': {'medium': 'https://cdn.myanimelist.net/images/anime/5/64671.webp', 'large': 'https://cdn.myanimelist.net/images/anime/5/64671l.webp'}}, 'ranking': {'rank': 246}}, {'node': {'id': 5, 'title': 'Cowboy Bebop: Tengoku no Tobira', 'main_picture': {'medium': 'https://cdn.myanimelist.net/images/anime/1439/93480.webp', 'large': 'https://cdn.myanimelist.net/images/anime/1439/93480l.webp'}}, 'ranking': {'rank': 247}}, {'node': {'id': 60543, 'title': 'Dandadan 2nd Season', 'main_picture': {'medium': 'https://cdn.myanimelist.net/images/anime/1721/149001.jpg', 'large': 'https://cdn.myanimelist.net/images/anime/1721/149001l.jpg'}}, 'ranking': {'rank': 248}}, {'node': {'id': 40787, 'title': 'Josee to Tora to Sakana-tachi', 'main_picture': {'medium': 'https://cdn.myanimelist.net/images/anime/1714/108892.jpg', 'large': 'https://cdn.myanimelist.net/images/anime/1714/108892l.jpg'}}, 'ranking': {'rank': 249}}, {'node': {'id': 37965, 'title': 'Kaze ga Tsuyoku Fuiteiru', 'main_picture': {'medium': 'https://cdn.myanimelist.net/images/anime/1936/129119.jpg', 'large': 'https://cdn.myanimelist.net/images/anime/1936/129119l.jpg'}}, 'ranking': {'rank': 250}}], 'paging': {'next': 'https://api.myanimelist.net/v2/anime/ranking?offset=250&ranking_type=all&limit=250'}} |
[2026-08-13 00:15:22,853] [mal.py:339]                [DEBUG]    |                                                                                                    |
[2026-08-13 00:15:22,853] [mal.py:340]                [DEBUG]    | 250 MyAnimeList IDs Found                                                                          |
[2026-08-13 00:15:22,854] [mal.py:341]                [TRACE]    | IDs: [52991, 61316, 5114, 61469, 9253, 57555, 39486, 28977, 38524, 11061, 820, 9969, 15417, 60636, 60022, 41467, 34096, 43608, 4181, 42938, 918, 28851, 2904, 58514, 35180, 19, 15335, 37491, 35247, 51535, 40682, 59978, 54492, 59571, 49387, 37987, 32281, 2921, 36838, 40028, 263, 31758, 37510, 48583, 37521, 32935, 199, 17074, 1, 60489, 48569, 39894, 50160, 21, 47917, 52215, 58788, 53223, 50172, 24701, 60098, 1575, 52198, 53998, 62276, 44074, 45649, 51009, 47778, 21939, 44, 33095, 33352, 55690, 245, 60058, 56784, 5258, 431, 164, 53447, 61930, 61517, 59192, 61952, 457, 35760, 2001, 40434, 57864, 23273, 50399, 57647, 33050, 59193, 11665, 22135, 42310, 1535, 52742, 34599, 46102, 49413, 4565, 50250, 49818, 28891, 19647, 40591, 33, 58125, 34591, 54898, 57658, 36862, 45576, 41084, 38329, 7311, 52701, 37991, 28957, 3786, 16498, 877, 55823, 32, 59636, 40776, 31757, 32983, 10379, 12355, 437, 170, 30484, 36098, 7785, 49701, 578, 63375, 25777, 28735, 11741, 40456, 21329, 5300, 52034, 40417, 7472, 61903, 205, 40664, 12365, 61322, 60557, 35843, 31933, 801, 11981, 58567, 58222, 59986, 53273, 4282, 35839, 38474, 55791, 40748, 32182, 51553, 55809, 3297, 59845, 40834, 60988, 12431, 30654, 10165, 30276, 44070, 37779, 37379, 62896, 57779, 33049, 63019, 6114, 47194, 61483, 392, 36649, 44087, 37105, 37208, 38450, 60544, 31181, 11577, 136, 26055, 61335, 35737, 63832, 36999, 40059, 20583, 39741, 44511, 62340, 38889, 467, 24687, 36538, 42203, 54857, 36885, 25781, 50330, 21899, 30709, 56538, 2246, 33255, 34612, 50265, 40730, 53672, 51039, 55772, 62542, 37999, 49722, 38000, 38040, 36275, 35851, 45556, 50183, 57334, 39167, 35557, 37515, 9756, 5028, 2402, 5, 60543, 40787, 37965] |
[2026-08-13 00:15:22,854] [convert.py:148]            [WARNING]  | Convert Warning: No AniDB ID Found for MyAnimeList ID '60022'                                      |
[2026-08-13 00:15:22,854] [convert.py:126]            [WARNING]  | Convert Warning: No TVDb ID or IMDb ID found for AniDB ID '18820'                                  |
[2026-08-13 00:15:22,855] [convert.py:148]            [WARNING]  | Convert Warning: No AniDB ID Found for MyAnimeList ID '36838'                                      |
[2026-08-13 00:15:22,855] [convert.py:148]            [WARNING]  | Convert Warning: No AniDB ID Found for MyAnimeList ID '31758'                                      |
[2026-08-13 00:15:22,855] [convert.py:148]            [WARNING]  | Convert Warning: No AniDB ID Found for MyAnimeList ID '62276'                                      |
[2026-08-13 00:15:22,855] [convert.py:126]            [WARNING]  | Convert Warning: No TVDb ID or IMDb ID found for AniDB ID '15974'                                  |
[2026-08-13 00:15:22,856] [convert.py:126]            [WARNING]  | Convert Warning: No TVDb ID or IMDb ID found for AniDB ID '19721'                                  |
[2026-08-13 00:15:22,856] [convert.py:148]            [WARNING]  | Convert Warning: No AniDB ID Found for MyAnimeList ID '33050'                                      |
[2026-08-13 00:15:22,856] [convert.py:126]            [WARNING]  | Convert Warning: No TVDb ID or IMDb ID found for AniDB ID '18493'                                  |
[2026-08-13 00:15:22,882] [convert.py:148]            [WARNING]  | Convert Warning: No AniDB ID Found for MyAnimeList ID '31757'                                      |
[2026-08-13 00:15:22,883] [convert.py:126]            [WARNING]  | Convert Warning: No TVDb ID or IMDb ID found for AniDB ID '16566'                                  |
[2026-08-13 00:15:22,883] [convert.py:126]            [WARNING]  | Convert Warning: No TVDb ID or IMDb ID found for AniDB ID '19121'                                  |
[2026-08-13 00:15:22,883] [convert.py:148]            [WARNING]  | Convert Warning: No AniDB ID Found for MyAnimeList ID '35843'                                      |
[2026-08-13 00:15:22,884] [convert.py:148]            [WARNING]  | Convert Warning: No AniDB ID Found for MyAnimeList ID '11981'                                      |
[2026-08-13 00:15:22,884] [convert.py:148]            [WARNING]  | Convert Warning: No AniDB ID Found for MyAnimeList ID '58222'                                      |
[2026-08-13 00:15:22,884] [convert.py:148]            [WARNING]  | Convert Warning: No AniDB ID Found for MyAnimeList ID '4282'                                       |
[2026-08-13 00:15:22,885] [convert.py:126]            [WARNING]  | Convert Warning: No TVDb ID or IMDb ID found for AniDB ID '18237'                                  |
[2026-08-13 00:15:22,885] [convert.py:148]            [WARNING]  | Convert Warning: No AniDB ID Found for MyAnimeList ID '60988'                                      |
[2026-08-13 00:15:22,885] [convert.py:148]            [WARNING]  | Convert Warning: No AniDB ID Found for MyAnimeList ID '44070'                                      |
[2026-08-13 00:15:22,885] [convert.py:126]            [WARNING]  | Convert Warning: No TVDb ID or IMDb ID found for AniDB ID '19701'                                  |
[2026-08-13 00:15:22,886] [convert.py:148]            [WARNING]  | Convert Warning: No AniDB ID Found for MyAnimeList ID '33049'                                      |
[2026-08-13 00:15:22,886] [convert.py:126]            [WARNING]  | Convert Warning: No TVDb ID or IMDb ID found for AniDB ID '19537'                                  |
[2026-08-13 00:15:22,886] [convert.py:148]            [WARNING]  | Convert Warning: No AniDB ID Found for MyAnimeList ID '63832'                                      |
[2026-08-13 00:15:22,886] [convert.py:148]            [WARNING]  | Convert Warning: No AniDB ID Found for MyAnimeList ID '36999'                                      |
[2026-08-13 00:15:22,886] [convert.py:126]            [WARNING]  | Convert Warning: No TVDb ID or IMDb ID found for AniDB ID '19835'                                  |
[2026-08-13 00:15:22,887] [convert.py:148]            [WARNING]  | Convert Warning: No AniDB ID Found for MyAnimeList ID '24687'                                      |
[2026-08-13 00:15:22,887] [convert.py:148]            [WARNING]  | Convert Warning: No AniDB ID Found for MyAnimeList ID '30709'                                      |
[2026-08-13 00:15:22,887] [convert.py:148]            [WARNING]  | Convert Warning: No AniDB ID Found for MyAnimeList ID '53672'                                      |
[2026-08-13 00:15:22,887] [convert.py:126]            [WARNING]  | Convert Warning: No TVDb ID or IMDb ID found for AniDB ID '17052'                                  |
[2026-08-13 00:15:22,887] [convert.py:148]            [WARNING]  | Convert Warning: No AniDB ID Found for MyAnimeList ID '36275'                                      |
[2026-08-13 00:15:22,888] [convert.py:126]            [WARNING]  | Convert Warning: No TVDb ID or IMDb ID found for AniDB ID '16919'                                  |
[2026-08-13 00:15:22,888] [convert.py:148]            [WARNING]  | Convert Warning: No AniDB ID Found for MyAnimeList ID '39167'                                      |
[2026-08-13 00:15:22,888] [convert.py:148]            [WARNING]  | Convert Warning: No AniDB ID Found for MyAnimeList ID '37515'                                      |
[2026-08-13 00:15:22,888] [builder.py:3791]           [DEBUG]    |                                                                                                    |
[2026-08-13 00:15:22,888] [builder.py:3792]           [DEBUG]    | 217 IDs Found                                                                                      |
[2026-08-13 00:15:22,889] [builder.py:3793]           [TRACE]    | IDs: [(424536, 'tvdb'), (305089, 'tvdb'), (85249, 'tvdb'), (262954, 'tvdb'), (244061, 'tvdb'), (1218925, 'tmdb'), (732203, 'tmdb'), (79895, 'tvdb'), (267440, 'tvdb'), (252322, 'tvdb'), (81618, 'tvdb'), (79895, 'tvdb'), (79895, 'tvdb'), (74796, 'tvdb'), (74796, 'tvdb'), (79895, 'tvdb'), (354198, 'tvdb'), (80644, 'tvdb'), (357488, 'tvdb'), (79895, 'tvdb'), (378064, 'tmdb'), (79525, 'tvdb'), (431162, 'tvdb'), (306269, 'tvdb'), (74599, 'tvdb'), (245917, 'tmdb'), (79895, 'tvdb'), (102261, 'tvdb'), (267440, 'tvdb'), (259635, 'tvdb'), (424536, 'tvdb'), (431162, 'tvdb'), (359274, 'tvdb'), (533514, 'tmdb'), (372058, 'tmdb'), (81232, 'tvdb'), (267440, 'tvdb'), (79685, 'tvdb'), (307375, 'tvdb'), (267440, 'tvdb'), (359274, 'tvdb'), (278157, 'tvdb'), (129, 'tmdb'), (102261, 'tvdb'), (76885, 'tvdb'), (457645, 'tvdb'), (378609, 'tvdb'), (289884, 'tvdb'), (259635, 'tvdb'), (81797, 'tvdb'), (413522, 'tvdb'), (421583, 'tvdb'), (449723, 'tvdb'), (259635, 'tvdb'), (307375, 'tvdb'), (79214, 'tvdb'), (305074, 'tvdb'), (79525, 'tvdb'), (997317, 'tmdb'), (74796, 'tvdb'), (402033, 'tvdb'), (377543, 'tvdb'), (348545, 'tvdb'), (79214, 'tvdb'), (70863, 'tvdb'), (304316, 'tvdb'), (330139, 'tvdb'), (422981, 'tvdb'), (79071, 'tvdb'), (421069, 'tvdb'), (74796, 'tvdb'), (79685, 'tvdb'), (4935, 'tmdb'), (128, 'tmdb'), (459453, 'tvdb'), (453673, 'tvdb'), (259635, 'tvdb'), (1311031, 'tmdb'), (79214, 'tvdb'), (267440, 'tvdb'), (80096, 'tvdb'), (341295, 'tvdb'), (102261, 'tvdb'), (279830, 'tvdb'), (388672, 'tvdb'), (1223178, 'tmdb'), (371310, 'tvdb'), (82788, 'tvdb'), (277464, 'tvdb'), (384541, 'tvdb'), (79481, 'tvdb'), (278157, 'tvdb'), (326109, 'tvdb'), (397208, 'tvdb'), (402033, 'tvdb'), (23452, 'tmdb'), (415509, 'tvdb'), (464419, 'tvdb'), (278157, 'tvdb'), (79685, 'tvdb'), (354198, 'tvdb'), (73752, 'tvdb'), (82788, 'tvdb'), (305075, 'tvdb'), (377543, 'tvdb'), (573730, 'tmdb'), (371310, 'tvdb'), (326109, 'tvdb'), (345596, 'tvdb'), (36865, 'tmdb'), (423257, 'tvdb'), (262954, 'tvdb'), (312966, 'tmdb'), (283566, 'tmdb'), (267440, 'tvdb'), (80742, 'tvdb'), (82788, 'tvdb'), (18491, 'tmdb'), (453673, 'tvdb'), (278157, 'tvdb'), (82788, 'tvdb'), (82788, 'tvdb'), (110420, 'tmdb'), (10494, 'tmdb'), (72491, 'tvdb'), (339268, 'tvdb'), (504253, 'tmdb'), (140751, 'tvdb'), (12477, 'tmdb'), (473228, 'tvdb'), (267440, 'tvdb'), (304316, 'tvdb'), (275798, 'tvdb'), (635302, 'tmdb'), (79214, 'tvdb'), (82788, 'tvdb'), (421069, 'tvdb'), (357488, 'tvdb'), (71172, 'tmdb'), (354198, 'tvdb'), (79089, 'tvdb'), (645440, 'tmdb'), (193811, 'tvdb'), (355774, 'tvdb'), (262954, 'tvdb'), (73749, 'tvdb'), (389597, 'tvdb'), (343913, 'tvdb'), (262954, 'tvdb'), (337623, 'tvdb'), (330692, 'tvdb'), (421069, 'tvdb'), (377543, 'tvdb'), (307375, 'tvdb'), (418666, 'tvdb'), (79839, 'tvdb'), (454524, 'tvdb'), (391625, 'tvdb'), (256705, 'tvdb'), (283947, 'tvdb'), (240291, 'tvdb'), (293088, 'tvdb'), (348002, 'tvdb'), (251982, 'tvdb'), (370761, 'tvdb'), (470980, 'tvdb'), (141121, 'tvdb'), (407306, 'tvdb'), (462561, 'tvdb'), (76665, 'tvdb'), (343384, 'tvdb'), (79895, 'tvdb'), (343913, 'tvdb'), (341295, 'tvdb'), (341295, 'tvdb'), (102261, 'tvdb'), (225745, 'tmdb'), (79076, 'tvdb'), (262954, 'tvdb'), (433953, 'tvdb'), (431093, 'tvdb'), (338455, 'tvdb'), (278157, 'tvdb'), (610892, 'tmdb'), (397934, 'tvdb'), (358181, 'tvdb'), (73749, 'tvdb'), (507411, 'tmdb'), (305089, 'tvdb'), (305089, 'tvdb'), (281275, 'tvdb'), (267440, 'tvdb'), (305075, 'tvdb'), (79895, 'tvdb'), (117801, 'tvdb'), (80470, 'tvdb'), (313435, 'tvdb'), (313435, 'tvdb'), (405920, 'tvdb'), (388672, 'tvdb'), (338455, 'tvdb'), (343913, 'tvdb'), (354198, 'tvdb'), (938567, 'tmdb'), (348545, 'tvdb'), (532067, 'tmdb'), (476292, 'tmdb'), (358612, 'tvdb'), (432832, 'tvdb'), (331787, 'tvdb'), (219181, 'tvdb'), (76013, 'tvdb'), (81232, 'tvdb'), (11299, 'tmdb'), (432832, 'tvdb'), (652837, 'tmdb'), (352853, 'tvdb')] |
[2026-08-13 00:15:22,889] [builder.py:3794]           [DEBUG]    |                                                                                                    |
[2026-08-13 00:15:23,385] [overlays.py:521]           [INFO]     | 89 Items found for Overlay File (0) MAL Top 250                                                    |
[2026-08-13 00:15:23,386] [overlays.py:522]           [TRACE]    | Titles Found: ["Frieren: Beyond Journey's End", 'Re:ZERO -Starting Life in Another World-', 'Fullmetal Alchemist: Brotherhood', "JoJo's Bizarre Adventure", 'Steins;Gate', 'Gintama', 'Attack on Titan', 'Hunter x Hunter', 'Legend of the Galactic Heroes', 'Bleach', 'Kaguya-sama: Love Is War', 'Clannad', 'Fruits Basket', 'Code Geass: Lelouch of the Rebellion', 'The Apothecary Diaries', 'March Comes In Like a Lion', 'Monster', 'Monogatari', 'Kingdom', 'Vinland Saga', 'Fighting Spirit (Hajime no Ippo)', 'Mob Psycho 100', 'Haikyu!!', 'Cowboy Bebop', "Takopi's Original Sin", '86 EIGHTY-SIX', 'One Piece', 'BOCCHI THE ROCK!', 'Orb: On the Movements of the Earth', 'Journal with Witch', 'Mushi-Shi', 'My Hero Academia', 'LINK CLICK', 'JUJUTSU KAISEN', 'Demon Slayer: Kimetsu no Yaiba', 'Rurouni Kenshin', 'Showa Genroku Rakugo Shinju', 'Violet Evergarden', 'The Dangers in My Heart', '【OSHI NO KO】', 'TO BE HERO X', 'Umamusume: Cinderella Gray', 'Gurren Lagann', 'The Founder of Diabolism', "Heaven Official's Blessing", 'Mushoku Tensei: Jobless Reincarnation', "Natsume's Book of Friends", 'Ping Pong the Animation', 'Cyberpunk: Edgerunners', 'Death Note', 'Made in Abyss', 'ODDTAXI', 'Lord of Mysteries', 'Berserk', 'Bungo Stray Dogs', 'Rascal Does Not Dream of Bunny Girl Senpai', 'Delicious in Dungeon', 'Slam Dunk', 'Steins;Gate 0', 'The Tatami Galaxy', 'NIPPON SANGOKU: The Three Nations of the Crimson Sun', 'Fate/Zero', 'Samurai Champloo', 'Dr. STONE', 'Ghost in the Shell: Stand Alone Complex', 'Solo Leveling', 'Grand Blue Dreaming', 'Witch Hat Atelier', 'The Fragrant Flower Blooms with Dignity', 'Ranking of Kings', 'Space Brothers', 'Assassination Classroom', 'Nichijou: My Ordinary Life', 'One-Punch Man', 'The Promised Neverland', 'Dorohedoro', 'Summer Time Rendering', 'Jaadugar: A Witch in Mongolia', 'Banana Fish', 'Medalist', 'Golden Kamuy', 'Chainsaw Man', 'Mononoke', 'The Disastrous Life of Saiki K.', 'SPY x FAMILY', 'Scissor Seven', 'Dan Da Dan', 'Land of the Lustrous', 'Puella Magi Madoka Magica'] |
[2026-08-13 00:15:23,386] [overlays.py:525]           [INFO]     |                                                                                                    |
[2026-08-13 00:15:23,387] [builder.py:736]            [INFO]     |====================================================================================================|
[2026-08-13 00:15:23,387] [builder.py:736]            [INFO]     |                               MAL Top 10 Airing Overlay in TV Shows                                |
[2026-08-13 00:15:23,387] [builder.py:736]            [INFO]     |====================================================================================================|
[2026-08-13 00:15:23,388] [builder.py:737]            [INFO]     |                                                                                                    |
[2026-08-13 00:15:23,388] [builder.py:776]            [INFO]     |============================= Validating MAL Top 10 Airing Attributes ==============================|
[2026-08-13 00:15:23,424] [plex.py:1772]              [DEBUG]    |                                                                                                    |
[2026-08-13 00:15:23,425] [plex.py:1775]              [DEBUG]    | Looking for: MAL Top 10 Airing                                                                     |
[2026-08-13 00:15:23,425] [overlay.py:155]            [DEBUG]    |                                                                                                    |
[2026-08-13 00:15:23,426] [overlay.py:156]            [DEBUG]    | Validating Method: overlay                                                                         |
[2026-08-13 00:15:23,426] [overlay.py:157]            [DEBUG]    | Value: {'name': 'MALTopAir10', 'group': 'mal_top', 'weight': 45, 'horizontal_offset': 0, 'horizontal_align': 'right', 'vertical_offset': 0, 'vertical_align': 'bottom'} |
[2026-08-13 00:15:23,428] [builder.py:1551]           [DEBUG]    |                                                                                                    |
[2026-08-13 00:15:23,428] [builder.py:1555]           [DEBUG]    | Validating Method: mal_airing                                                                      |
[2026-08-13 00:15:23,428] [builder.py:1556]           [DEBUG]    | Value: 10                                                                                          |
[2026-08-13 00:15:23,429] [builder.py:1787]           [INFO]     |                                                                                                    |
[2026-08-13 00:15:23,429] [builder.py:1788]           [INFO]     | Validation Successful                                                                              |
[2026-08-13 00:15:23,429] [overlays.py:489]           [INFO]     |                                                                                                    |
[2026-08-13 00:15:23,429] [overlays.py:491]           [INFO]     |========================== Gathering Items for MAL Top 10 Airing Overlay ===========================|
[2026-08-13 00:15:23,430] [overlays.py:499]           [DEBUG]    |                                                                                                    |
[2026-08-13 00:15:23,430] [overlays.py:500]           [DEBUG]    | Builder: mal_airing: 10                                                                            |
[2026-08-13 00:15:23,430] [overlays.py:501]           [INFO]     |                                                                                                    |
[2026-08-13 00:15:23,431] [mal.py:323]                [INFO]     | Processing MyAnimeList Airing: 10 Anime                                                            |
[2026-08-13 00:15:23,431] [mal.py:210]                [TRACE]    | URL: https://api.myanimelist.net/v2/anime/ranking?ranking_type=airing&limit=10                     |
[2026-08-13 00:15:23,576] [mal.py:213]                [TRACE]    | Response: {'data': [{'node': {'id': 61316, 'title': 'Re:Zero kara Hajimeru Isekai Seikatsu 4th Season', 'main_picture': {'medium': 'https://cdn.myanimelist.net/images/anime/1540/155824.jpg', 'large': 'https://cdn.myanimelist.net/images/anime/1540/155824l.jpg'}}, 'ranking': {'rank': 1}}, {'node': {'id': 61469, 'title': 'Steel Ball Run: JoJo no Kimyou na Bouken', 'main_picture': {'medium': 'https://cdn.myanimelist.net/images/anime/1448/154111.jpg', 'large': 'https://cdn.myanimelist.net/images/anime/1448/154111l.jpg'}}, 'ranking': {'rank': 2}}, {'node': {'id': 60636, 'title': 'Bleach: Sennen Kessen-hen - Kashin-tan', 'main_picture': {'medium': 'https://cdn.myanimelist.net/images/anime/1275/158595.jpg', 'large': 'https://cdn.myanimelist.net/images/anime/1275/158595l.jpg'}}, 'ranking': {'rank': 3}}, {'node': {'id': 21, 'title': 'One Piece', 'main_picture': {'medium': 'https://cdn.myanimelist.net/images/anime/1244/138851.jpg', 'large': 'https://cdn.myanimelist.net/images/anime/1244/138851l.jpg'}}, 'ranking': {'rank': 4}}, {'node': {'id': 59193, 'title': 'Mushoku Tensei III: Isekai Ittara Honki Dasu', 'main_picture': {'medium': 'https://cdn.myanimelist.net/images/anime/1527/158340.jpg', 'large': 'https://cdn.myanimelist.net/images/anime/1527/158340l.jpg'}}, 'ranking': {'rank': 5}}, {'node': {'id': 50250, 'title': 'Chiikawa', 'main_picture': {'medium': 'https://cdn.myanimelist.net/images/anime/1783/121944.jpg', 'large': 'https://cdn.myanimelist.net/images/anime/1783/121944l.jpg'}}, 'ranking': {'rank': 6}}, {'node': {'id': 55809, 'title': 'Xian Ni', 'main_picture': {'medium': 'https://cdn.myanimelist.net/images/anime/1289/149708.jpg', 'large': 'https://cdn.myanimelist.net/images/anime/1289/149708l.jpg'}}, 'ranking': {'rank': 7}}, {'node': {'id': 60988, 'title': 'Tian Guan Cifu Short Films', 'main_picture': {'medium': 'https://cdn.myanimelist.net/images/anime/1174/149943.jpg', 'large': 'https://cdn.myanimelist.net/images/anime/1174/149943l.jpg'}}, 'ranking': {'rank': 8}}, {'node': {'id': 61483, 'title': 'Tenmaku no Jaadugar', 'main_picture': {'medium': 'https://cdn.myanimelist.net/images/anime/1098/158891.jpg', 'large': 'https://cdn.myanimelist.net/images/anime/1098/158891l.jpg'}}, 'ranking': {'rank': 9}}, {'node': {'id': 63832, 'title': 'Seihantai na Kimi to Boku 2nd Season', 'main_picture': {'medium': 'https://cdn.myanimelist.net/images/anime/1143/158409.webp', 'large': 'https://cdn.myanimelist.net/images/anime/1143/158409l.webp'}}, 'ranking': {'rank': 10}}], 'paging': {'next': 'https://api.myanimelist.net/v2/anime/ranking?offset=10&ranking_type=airing&limit=10'}} |
[2026-08-13 00:15:23,576] [mal.py:339]                [DEBUG]    |                                                                                                    |
[2026-08-13 00:15:23,577] [mal.py:340]                [DEBUG]    | 10 MyAnimeList IDs Found                                                                           |
[2026-08-13 00:15:23,578] [mal.py:341]                [TRACE]    | IDs: [61316, 61469, 60636, 21, 59193, 50250, 55809, 60988, 61483, 63832]                           |
[2026-08-13 00:15:23,578] [convert.py:126]            [WARNING]  | Convert Warning: No TVDb ID or IMDb ID found for AniDB ID '18237'                                  |
[2026-08-13 00:15:23,578] [convert.py:148]            [WARNING]  | Convert Warning: No AniDB ID Found for MyAnimeList ID '60988'                                      |
[2026-08-13 00:15:23,579] [convert.py:148]            [WARNING]  | Convert Warning: No AniDB ID Found for MyAnimeList ID '63832'                                      |
[2026-08-13 00:15:23,579] [builder.py:3791]           [DEBUG]    |                                                                                                    |
[2026-08-13 00:15:23,579] [builder.py:3792]           [DEBUG]    | 7 IDs Found                                                                                        |
[2026-08-13 00:15:23,579] [builder.py:3793]           [TRACE]    | IDs: [(305089, 'tvdb'), (262954, 'tvdb'), (74796, 'tvdb'), (81797, 'tvdb'), (371310, 'tvdb'), (415509, 'tvdb'), (462561, 'tvdb')] |
[2026-08-13 00:15:23,580] [builder.py:3794]           [DEBUG]    |                                                                                                    |
[2026-08-13 00:15:23,581] [overlays.py:521]           [INFO]     | 6 Items found for Overlay File (0) MAL Top 10 Airing                                               |
[2026-08-13 00:15:23,581] [overlays.py:522]           [TRACE]    | Titles Found: ['Re:ZERO -Starting Life in Another World-', "JoJo's Bizarre Adventure", 'Bleach', 'One Piece', 'Mushoku Tensei: Jobless Reincarnation', 'Jaadugar: A Witch in Mongolia'] |
[2026-08-13 00:15:23,581] [overlays.py:525]           [INFO]     |                                                                                                    |
[2026-08-13 00:15:23,581] [overlays.py:538]           [INFO]     |====================================================================================================|
[2026-08-13 00:15:23,582] [overlays.py:538]           [INFO]     |                             Overlay Operation for the TV Shows Library                             |
[2026-08-13 00:15:23,582] [overlays.py:538]           [INFO]     |====================================================================================================|
[2026-08-13 00:15:23,582] [overlays.py:539]           [DEBUG]    |                                                                                                    |
[2026-08-13 00:15:23,582] [overlays.py:540]           [DEBUG]    | Remove Overlays: False                                                                             |
[2026-08-13 00:15:23,583] [overlays.py:541]           [DEBUG]    | Reapply Overlays: False                                                                            |
[2026-08-13 00:15:23,583] [overlays.py:542]           [DEBUG]    | Reset Overlays: None                                                                               |
[2026-08-13 00:15:23,583] [overlays.py:543]           [DEBUG]    |                                                                                                    |
[2026-08-13 00:15:23,583] [overlays.py:544]           [INFO]     |=================================== Number of Items Per Overlay ====================================|
[2026-08-13 00:15:23,584] [overlays.py:545]           [DEBUG]    |                                                                                                    |
[2026-08-13 00:15:23,584] [overlays.py:552]           [DEBUG]    |              Overlay               | Number |                                                      |
[2026-08-13 00:15:23,584] [overlays.py:553]           [DEBUG]    | ================================== | ====== |                                                      |
[2026-08-13 00:15:23,584] [overlays.py:555]           [DEBUG]    | Overlay File (0) Multi             |   2    |                                                      |
[2026-08-13 00:15:23,585] [overlays.py:555]           [DEBUG]    | Overlay File (0) Dubbed            |   0    |                                                      |
[2026-08-13 00:15:23,585] [overlays.py:555]           [DEBUG]    | Overlay File (0) Subbed            |   0    |                                                      |
[2026-08-13 00:15:23,585] [overlays.py:555]           [DEBUG]    | Overlay File (0) Dual              |   0    |                                                      |
[2026-08-13 00:15:23,585] [overlays.py:555]           [DEBUG]    | Overlay File (0) DualChinese       |   0    |                                                      |
[2026-08-13 00:15:23,586] [overlays.py:555]           [DEBUG]    | Overlay File (0) MAL Top 10        |   8    |                                                      |
[2026-08-13 00:15:23,586] [overlays.py:555]           [DEBUG]    | Overlay File (0) MAL Top 25        |   16   |                                                      |
[2026-08-13 00:15:23,586] [overlays.py:555]           [DEBUG]    | Overlay File (0) MAL Top 50        |   25   |                                                      |
[2026-08-13 00:15:23,587] [overlays.py:555]           [DEBUG]    | Overlay File (0) MAL Top 250       |   89   |                                                      |
[2026-08-13 00:15:23,587] [overlays.py:555]           [DEBUG]    | Overlay File (0) MAL Top 10 Airing |   6    |                                                      |
[2026-08-13 00:15:23,587] [overlays.py:556]           [DEBUG]    |                                                                                                    |
[2026-08-13 00:15:24,646] [overlays.py:71]            [INFO]     |====================================================================================================|
[2026-08-13 00:15:24,646] [overlays.py:71]            [INFO]     |                             Removing Overlays for the TV Shows Library                             |
[2026-08-13 00:15:24,647] [overlays.py:71]            [INFO]     |====================================================================================================|
