[2026-08-12 23:45:51,000] [kometa.py:462]             [INFO]     |====================================================================================================|
[2026-08-12 23:45:51,001] [kometa.py:463]             [INFO]     |                                                                                                    |
[2026-08-12 23:45:51,001] [kometa.py:464]             [INFO]     |                   __  ___  ______    ___  ___   _______  __________    ___                         |
[2026-08-12 23:45:51,001] [kometa.py:465]             [INFO]     |                  |  |/  / /  __  \  |   \/   | |   ____||          |  /   \                        |
[2026-08-12 23:45:51,001] [kometa.py:466]             [INFO]     |                  |  '  / |  |  |  | |  \  /  | |  |__   `---|  |---` /  ^  \                       |
[2026-08-12 23:45:51,001] [kometa.py:467]             [INFO]     |                  |    <  |  |  |  | |  |\/|  | |   __|      |  |    /  /_\  \                      |
[2026-08-12 23:45:51,001] [kometa.py:468]             [INFO]     |                  |  .  \ |  `--`  | |  |  |  | |  |____     |  |   /  _____  \                     |
[2026-08-12 23:45:51,001] [kometa.py:469]             [INFO]     |                  |__|\__\ \______/  |__|  |__| |_______|    |__|  /__/     \__\                    |
[2026-08-12 23:45:51,002] [kometa.py:470]             [INFO]     |                                                                                                    |
[2026-08-12 23:45:51,119] [kometa.py:485]             [INFO]     |     Version: 2.4.7 (Python 3.14.4) (Git: master)                                                   |
[2026-08-12 23:45:51,487] [kometa.py:488]             [INFO]     |     Platform: Windows-10-10.0.19045-SP0                                                            |
[2026-08-12 23:45:51,491] [kometa.py:489]             [INFO]     |     Total Memory: 128 GB                                                                           |
[2026-08-12 23:45:51,493] [kometa.py:490]             [INFO]     |     Available Memory: 35 GB                                                                        |
[2026-08-12 23:45:51,494] [kometa.py:491]             [INFO]     |     Process Priority: normal                                                                       |
[2026-08-12 23:45:51,500] [kometa.py:554]             [DEBUG]    |====================================================================================================|
[2026-08-12 23:45:51,501] [kometa.py:556]             [DEBUG]    | Run Command: C:\Utilities\Kometa\Kometa\kometa.py --run                                            |
[2026-08-12 23:45:51,501] [kometa.py:560]             [DEBUG]    | --config (KOMETA_CONFIG): None                                                                     |
[2026-08-12 23:45:51,501] [kometa.py:560]             [DEBUG]    | --times (KOMETA_TIMES): "05:00"                                                                    |
[2026-08-12 23:45:51,501] [kometa.py:560]             [DEBUG]    | --run (KOMETA_RUN): True                                                                           |
[2026-08-12 23:45:51,501] [kometa.py:560]             [DEBUG]    | --tests (KOMETA_TESTS): False                                                                      |
[2026-08-12 23:45:51,502] [kometa.py:560]             [DEBUG]    | --debug (KOMETA_DEBUG): False                                                                      |
[2026-08-12 23:45:51,502] [kometa.py:560]             [DEBUG]    | --trace (KOMETA_TRACE): False                                                                      |
[2026-08-12 23:45:51,502] [kometa.py:560]             [DEBUG]    | --log-requests (KOMETA_LOG_REQUESTS): False                                                        |
[2026-08-12 23:45:51,502] [kometa.py:560]             [DEBUG]    | --timings (KOMETA_TIMINGS): False                                                                  |
[2026-08-12 23:45:51,502] [kometa.py:560]             [DEBUG]    | --timeout (KOMETA_TIMEOUT): 180                                                                    |
[2026-08-12 23:45:51,503] [kometa.py:560]             [DEBUG]    | --no-verify-ssl (KOMETA_NO_VERIFY_SSL): False                                                      |
[2026-08-12 23:45:51,503] [kometa.py:560]             [DEBUG]    | --collections-only (KOMETA_COLLECTIONS_ONLY): False                                                |
[2026-08-12 23:45:51,503] [kometa.py:560]             [DEBUG]    | --metadata-only (KOMETA_METADATA_ONLY): False                                                      |
[2026-08-12 23:45:51,503] [kometa.py:560]             [DEBUG]    | --playlists-only (KOMETA_PLAYLISTS_ONLY): False                                                    |
[2026-08-12 23:45:51,503] [kometa.py:560]             [DEBUG]    | --operations-only (KOMETA_OPERATIONS_ONLY): False                                                  |
[2026-08-12 23:45:51,504] [kometa.py:560]             [DEBUG]    | --overlays-only (KOMETA_OVERLAYS_ONLY): False                                                      |
[2026-08-12 23:45:51,504] [kometa.py:560]             [DEBUG]    | --run-collections (KOMETA_RUN_COLLECTIONS): None                                                   |
[2026-08-12 23:45:51,504] [kometa.py:560]             [DEBUG]    | --run-libraries (KOMETA_RUN_LIBRARIES): None                                                       |
[2026-08-12 23:45:51,504] [kometa.py:560]             [DEBUG]    | --run-files (KOMETA_RUN_FILES): None                                                               |
[2026-08-12 23:45:51,505] [kometa.py:560]             [DEBUG]    | --ignore-schedules (KOMETA_IGNORE_SCHEDULES): False                                                |
[2026-08-12 23:45:51,505] [kometa.py:560]             [DEBUG]    | --ignore-ghost (KOMETA_IGNORE_GHOST): False                                                        |
[2026-08-12 23:45:51,505] [kometa.py:560]             [DEBUG]    | --delete-collections (KOMETA_DELETE_COLLECTIONS): False                                            |
[2026-08-12 23:45:51,505] [kometa.py:560]             [DEBUG]    | --delete-labels (KOMETA_DELETE_LABELS): False                                                      |
[2026-08-12 23:45:51,505] [kometa.py:560]             [DEBUG]    | --resume (KOMETA_RESUME): None                                                                     |
[2026-08-12 23:45:51,506] [kometa.py:560]             [DEBUG]    | --no-countdown (KOMETA_NO_COUNTDOWN): False                                                        |
[2026-08-12 23:45:51,506] [kometa.py:560]             [DEBUG]    | --no-missing (KOMETA_NO_MISSING): False                                                            |
[2026-08-12 23:45:51,506] [kometa.py:560]             [DEBUG]    | --no-report (KOMETA_NO_REPORT): False                                                              |
[2026-08-12 23:45:51,506] [kometa.py:560]             [DEBUG]    | --read-only-config (KOMETA_READ_ONLY_CONFIG): False                                                |
[2026-08-12 23:45:51,506] [kometa.py:560]             [DEBUG]    | --divider (KOMETA_DIVIDER): "="                                                                    |
[2026-08-12 23:45:51,507] [kometa.py:560]             [DEBUG]    | --width (KOMETA_WIDTH): 100                                                                        |
[2026-08-12 23:45:51,507] [kometa.py:560]             [DEBUG]    | --low-priority (KOMETA_LOW_PRIORITY): False                                                        |
[2026-08-12 23:45:51,507] [kometa.py:560]             [DEBUG]    | --validate (KOMETA_VALIDATE): False                                                                |
[2026-08-12 23:45:51,507] [kometa.py:560]             [DEBUG]    | --validate-level (KOMETA_VALIDATE_LEVEL): "structure"                                              |
[2026-08-12 23:45:51,508] [kometa.py:560]             [DEBUG]    | --validate-schema (KOMETA_VALIDATE_SCHEMA): False                                                  |
[2026-08-12 23:45:51,508] [kometa.py:560]             [DEBUG]    | --schema-path (KOMETA_SCHEMA_PATH): None                                                           |
[2026-08-12 23:45:51,508] [kometa.py:560]             [DEBUG]    | --validate-file (KOMETA_VALIDATE_FILE): None                                                       |
[2026-08-12 23:45:51,508] [kometa.py:560]             [DEBUG]    | --validate-dir (KOMETA_VALIDATE_DIR): None                                                         |
[2026-08-12 23:45:51,508] [kometa.py:561]             [DEBUG]    |                                                                                                    |
[2026-08-12 23:45:51,509] [kometa.py:568]             [DEBUG]    |====================================================================================================|
[2026-08-12 23:45:51,509] [kometa.py:605]             [INFO]     |====================================================================================================|
[2026-08-12 23:45:51,509] [kometa.py:605]             [INFO]     |                                            Starting Run                                            |
[2026-08-12 23:45:51,509] [kometa.py:605]             [INFO]     |====================================================================================================|
[2026-08-12 23:45:51,509] [config.py:260]             [INFO]     | Locating config...                                                                                 |
[2026-08-12 23:45:51,510] [config.py:270]             [INFO]     | Using C:\Utilities\Kometa\Kometa\config\config.yml as config                                       |
[2026-08-12 23:45:51,520] [config.py:311]             [DEBUG]    |========================================= Redacted Config ==========================================|
[2026-08-12 23:45:51,520] [config.py:313]             [DEBUG]    | libraries:                                                                                         |
[2026-08-12 23:45:51,520] [config.py:313]             [DEBUG]    |   TV Shows:                                                                                        |
[2026-08-12 23:45:51,520] [config.py:313]             [DEBUG]    |     reapply_overlays: false                                                                        |
[2026-08-12 23:45:51,521] [config.py:313]             [DEBUG]    |     remove_overlays: false                                                                         |
[2026-08-12 23:45:51,521] [config.py:313]             [DEBUG]    |     overlay_files:                                                                                 |
[2026-08-12 23:45:51,521] [config.py:313]             [DEBUG]    |     - file: config/MyOverlaysTV.yml                                                                |
[2026-08-12 23:45:51,521] [config.py:313]             [DEBUG]    |   Movies:                                                                                          |
[2026-08-12 23:45:51,522] [config.py:313]             [DEBUG]    |     reapply_overlays: false                                                                        |
[2026-08-12 23:45:51,522] [config.py:313]             [DEBUG]    |     remove_overlays: false                                                                         |
[2026-08-12 23:45:51,522] [config.py:313]             [DEBUG]    |     overlay_files:                                                                                 |
[2026-08-12 23:45:51,522] [config.py:313]             [DEBUG]    |     - default: ribbon                                                                              |
[2026-08-12 23:45:51,522] [config.py:313]             [DEBUG]    |     - default: ratings                                                                             |
[2026-08-12 23:45:51,523] [config.py:313]             [DEBUG]    |       template_variables:                                                                          |
[2026-08-12 23:45:51,523] [config.py:313]             [DEBUG]    |         rating1: critic                                                                            |
[2026-08-12 23:45:51,523] [config.py:313]             [DEBUG]    |         rating1_image: rt_tomato                                                                   |
[2026-08-12 23:45:51,523] [config.py:313]             [DEBUG]    |         rating2: audience                                                                          |
[2026-08-12 23:45:51,523] [config.py:313]             [DEBUG]    |         rating2_image: rt_popcorn                                                                  |
[2026-08-12 23:45:51,524] [config.py:313]             [DEBUG]    |         rating3: user                                                                              |
[2026-08-12 23:45:51,524] [config.py:313]             [DEBUG]    |         rating3_image: imdb                                                                        |
[2026-08-12 23:45:51,524] [config.py:313]             [DEBUG]    |     operations:                                                                                    |
[2026-08-12 23:45:51,524] [config.py:313]             [DEBUG]    |       mass_user_rating_update: imdb                                                                |
[2026-08-12 23:45:51,524] [config.py:313]             [DEBUG]    | settings:                                                                                          |
[2026-08-12 23:45:51,525] [config.py:313]             [DEBUG]    |   run_order:                                                                                       |
[2026-08-12 23:45:51,525] [config.py:313]             [DEBUG]    |   - operations                                                                                     |
[2026-08-12 23:45:51,525] [config.py:313]             [DEBUG]    |   - metadata                                                                                       |
[2026-08-12 23:45:51,525] [config.py:313]             [DEBUG]    |   - collections                                                                                    |
[2026-08-12 23:45:51,525] [config.py:313]             [DEBUG]    |   - overlays                                                                                       |
[2026-08-12 23:45:51,526] [config.py:313]             [DEBUG]    |   cache: true                                                                                      |
[2026-08-12 23:45:51,526] [config.py:313]             [DEBUG]    |   cache_expiration: 60                                                                             |
[2026-08-12 23:45:51,526] [config.py:313]             [DEBUG]    |   asset_directory: config/assets                                                                   |
[2026-08-12 23:45:51,526] [config.py:313]             [DEBUG]    |   asset_folders: true                                                                              |
[2026-08-12 23:45:51,527] [config.py:313]             [DEBUG]    |   asset_depth: 2                                                                                   |
[2026-08-12 23:45:51,527] [config.py:313]             [DEBUG]    |   create_asset_folders: false                                                                      |
[2026-08-12 23:45:51,527] [config.py:313]             [DEBUG]    |   prioritize_assets: false                                                                         |
[2026-08-12 23:45:51,527] [config.py:313]             [DEBUG]    |   dimensional_asset_rename: false                                                                  |
[2026-08-12 23:45:51,527] [config.py:313]             [DEBUG]    |   download_url_assets: true                                                                        |
[2026-08-12 23:45:51,528] [config.py:313]             [DEBUG]    |   show_missing_season_assets: false                                                                |
[2026-08-12 23:45:51,528] [config.py:313]             [DEBUG]    |   show_missing_episode_assets: false                                                               |
[2026-08-12 23:45:51,528] [config.py:313]             [DEBUG]    |   show_asset_not_needed: true                                                                      |
[2026-08-12 23:45:51,528] [config.py:313]             [DEBUG]    |   sync_mode: append                                                                                |
[2026-08-12 23:45:51,529] [config.py:313]             [DEBUG]    |   minimum_items: 2                                                                                 |
[2026-08-12 23:45:51,529] [config.py:313]             [DEBUG]    |   default_collection_order:                                                                        |
[2026-08-12 23:45:51,529] [config.py:313]             [DEBUG]    |   delete_below_minimum: true                                                                       |
[2026-08-12 23:45:51,529] [config.py:313]             [DEBUG]    |   delete_not_scheduled: false                                                                      |
[2026-08-12 23:45:51,529] [config.py:313]             [DEBUG]    |   run_again_delay: 2                                                                               |
[2026-08-12 23:45:51,531] [config.py:313]             [DEBUG]    |   missing_only_released: false                                                                     |
[2026-08-12 23:45:51,531] [config.py:313]             [DEBUG]    |   only_filter_missing: false                                                                       |
[2026-08-12 23:45:51,531] [config.py:313]             [DEBUG]    |   show_unmanaged: true                                                                             |
[2026-08-12 23:45:51,531] [config.py:313]             [DEBUG]    |   show_unconfigured: true                                                                          |
[2026-08-12 23:45:51,532] [config.py:313]             [DEBUG]    |   show_filtered: false                                                                             |
[2026-08-12 23:45:51,532] [config.py:313]             [DEBUG]    |   show_options: true                                                                               |
[2026-08-12 23:45:51,532] [config.py:313]             [DEBUG]    |   show_missing: true                                                                               |
[2026-08-12 23:45:51,532] [config.py:313]             [DEBUG]    |   show_missing_assets: true                                                                        |
[2026-08-12 23:45:51,533] [config.py:313]             [DEBUG]    |   save_report: false                                                                               |
[2026-08-12 23:45:51,533] [config.py:313]             [DEBUG]    |   tvdb_language: eng                                                                               |
[2026-08-12 23:45:51,533] [config.py:313]             [DEBUG]    |   ignore_ids:                                                                                      |
[2026-08-12 23:45:51,533] [config.py:313]             [DEBUG]    |   ignore_imdb_ids:                                                                                 |
[2026-08-12 23:45:51,533] [config.py:313]             [DEBUG]    |   item_refresh_delay: 0                                                                            |
[2026-08-12 23:45:51,534] [config.py:313]             [DEBUG]    |   playlist_sync_to_users:                                                                          |
[2026-08-12 23:45:51,534] [config.py:313]             [DEBUG]    |   playlist_exclude_users:                                                                          |
[2026-08-12 23:45:51,534] [config.py:313]             [DEBUG]    |   playlist_report: false                                                                           |
[2026-08-12 23:45:51,534] [config.py:313]             [DEBUG]    |   verify_ssl: false                                                                                |
[2026-08-12 23:45:51,534] [config.py:313]             [DEBUG]    |   custom_repo:                                                                                     |
[2026-08-12 23:45:51,535] [config.py:313]             [DEBUG]    |   overlay_artwork_filetype: jpg                                                                    |
[2026-08-12 23:45:51,535] [config.py:313]             [DEBUG]    |   overlay_artwork_quality: 75                                                                      |
[2026-08-12 23:45:51,535] [config.py:313]             [DEBUG]    |   show_unfiltered: false                                                                           |
[2026-08-12 23:45:51,535] [config.py:313]             [DEBUG]    | webhooks:                            # Can be individually specified per library as well           |
[2026-08-12 23:45:51,536] [config.py:313]             [DEBUG]    |   error: (redacted)                                                                                |
[2026-08-12 23:45:51,536] [config.py:313]             [DEBUG]    |   version:                                                                                         |
[2026-08-12 23:45:51,536] [config.py:313]             [DEBUG]    |   run_start:                                                                                       |
[2026-08-12 23:45:51,536] [config.py:313]             [DEBUG]    |   run_end:                                                                                         |
[2026-08-12 23:45:51,537] [config.py:313]             [DEBUG]    |   changes:                                                                                         |
[2026-08-12 23:45:51,537] [config.py:313]             [DEBUG]    |   delete:                                                                                          |
[2026-08-12 23:45:51,537] [config.py:313]             [DEBUG]    | plex:                                # Can be individually specified per library as well; REQUIRED for the script to run |
[2026-08-12 23:45:51,537] [config.py:313]             [DEBUG]    |   url: (redacted)                                                                                  |
[2026-08-12 23:45:51,537] [config.py:313]             [DEBUG]    |   token: (redacted)                                                                                |
[2026-08-12 23:45:51,538] [config.py:313]             [DEBUG]    |   timeout: 60                                                                                      |
[2026-08-12 23:45:51,538] [config.py:313]             [DEBUG]    |   db_cache:                                                                                        |
[2026-08-12 23:45:51,538] [config.py:313]             [DEBUG]    |   clean_bundles: false                                                                             |
[2026-08-12 23:45:51,538] [config.py:313]             [DEBUG]    |   empty_trash: false                                                                               |
[2026-08-12 23:45:51,538] [config.py:313]             [DEBUG]    |   optimize: false                                                                                  |
[2026-08-12 23:45:51,539] [config.py:313]             [DEBUG]    |   verify_ssl:                                                                                      |
[2026-08-12 23:45:51,539] [config.py:313]             [DEBUG]    | tmdb:                                # REQUIRED for the script to run                              |
[2026-08-12 23:45:51,539] [config.py:313]             [DEBUG]    |   apikey: (redacted)                                                                               |
[2026-08-12 23:45:51,539] [config.py:313]             [DEBUG]    |   language: en                                                                                     |
[2026-08-12 23:45:51,539] [config.py:313]             [DEBUG]    |   cache_expiration: 60                                                                             |
[2026-08-12 23:45:51,540] [config.py:313]             [DEBUG]    |   region:                                                                                          |
[2026-08-12 23:45:51,540] [config.py:313]             [DEBUG]    | tautulli:                            # Can be individually specified per library as well           |
[2026-08-12 23:45:51,540] [config.py:313]             [DEBUG]    |   url: (redacted)                                                                                  |
[2026-08-12 23:45:51,540] [config.py:313]             [DEBUG]    |   apikey: (redacted)                                                                               |
[2026-08-12 23:45:51,541] [config.py:313]             [DEBUG]    | github:                                                                                            |
[2026-08-12 23:45:51,541] [config.py:313]             [DEBUG]    |   token: (redacted)                                                                                |
[2026-08-12 23:45:51,541] [config.py:313]             [DEBUG]    | omdb:                                                                                              |
[2026-08-12 23:45:51,541] [config.py:313]             [DEBUG]    |   apikey: (redacted)                                                                               |
[2026-08-12 23:45:51,541] [config.py:313]             [DEBUG]    |   cache_expiration: 60                                                                             |
[2026-08-12 23:45:51,542] [config.py:313]             [DEBUG]    | mdblist:                                                                                           |
[2026-08-12 23:45:51,542] [config.py:313]             [DEBUG]    |   apikey: (redacted)                                                                               |
[2026-08-12 23:45:51,542] [config.py:313]             [DEBUG]    |   cache_expiration: 60                                                                             |
[2026-08-12 23:45:51,542] [config.py:313]             [DEBUG]    | notifiarr:                                                                                         |
[2026-08-12 23:45:51,542] [config.py:313]             [DEBUG]    |   apikey: (redacted)                                                                               |
[2026-08-12 23:45:51,543] [config.py:313]             [DEBUG]    | gotify:                                                                                            |
[2026-08-12 23:45:51,543] [config.py:313]             [DEBUG]    |   url: (redacted)                                                                                  |
[2026-08-12 23:45:51,543] [config.py:313]             [DEBUG]    |   token: (redacted)                                                                                |
[2026-08-12 23:45:51,543] [config.py:313]             [DEBUG]    | anidb:                               # Not required for AniDB builders unless you want mature content |
[2026-08-12 23:45:51,544] [config.py:313]             [DEBUG]    | #  username: (redacted)                                                                            |
[2026-08-12 23:45:51,544] [config.py:313]             [DEBUG]    | #  password: (redacted)                                                                            |
[2026-08-12 23:45:51,544] [config.py:313]             [DEBUG]    | #  client: (redacted)                                                                              |
[2026-08-12 23:45:51,544] [config.py:313]             [DEBUG]    | #  version: (redacted)                                                                             |
[2026-08-12 23:45:51,544] [config.py:313]             [DEBUG]    |   language: en                                                                                     |
[2026-08-12 23:45:51,545] [config.py:313]             [DEBUG]    |   cache_expiration: 60                                                                             |
[2026-08-12 23:45:51,545] [config.py:313]             [DEBUG]    |   enable_mature: true                                                                              |
[2026-08-12 23:45:51,545] [config.py:313]             [DEBUG]    | #radarr:                              # Can be individually specified per library as well          |
[2026-08-12 23:45:51,547] [config.py:313]             [DEBUG]    | #  url: (redacted)                                                                                 |
[2026-08-12 23:45:51,547] [config.py:313]             [DEBUG]    | #  token: (redacted)                                                                               |
[2026-08-12 23:45:51,547] [config.py:313]             [DEBUG]    | #  add_missing: false                                                                              |
[2026-08-12 23:45:51,547] [config.py:313]             [DEBUG]    | #  add_existing: false                                                                             |
[2026-08-12 23:45:51,548] [config.py:313]             [DEBUG]    | #  upgrade_existing: false                                                                         |
[2026-08-12 23:45:51,548] [config.py:313]             [DEBUG]    | #  monitor_existing: false                                                                         |
[2026-08-12 23:45:51,548] [config.py:313]             [DEBUG]    | #  root_folder_path: S:/Movies                                                                     |
[2026-08-12 23:45:51,548] [config.py:313]             [DEBUG]    | #  monitor: true                                                                                   |
[2026-08-12 23:45:51,548] [config.py:313]             [DEBUG]    | #  availability: announced                                                                         |
[2026-08-12 23:45:51,549] [config.py:313]             [DEBUG]    | #  quality_profile: HD-1080p                                                                       |
[2026-08-12 23:45:51,549] [config.py:313]             [DEBUG]    | #  tag:                                                                                            |
[2026-08-12 23:45:51,549] [config.py:313]             [DEBUG]    | #  search: false                                                                                   |
[2026-08-12 23:45:51,549] [config.py:313]             [DEBUG]    | #  radarr_path:                                                                                    |
[2026-08-12 23:45:51,549] [config.py:313]             [DEBUG]    | #  plex_path:                                                                                      |
[2026-08-12 23:45:51,550] [config.py:313]             [DEBUG]    | #  ignore_cache: false                                                                             |
[2026-08-12 23:45:51,550] [config.py:313]             [DEBUG]    | #sonarr:                              # Can be individually specified per library as well          |
[2026-08-12 23:45:51,550] [config.py:313]             [DEBUG]    | #  url: (redacted)                                                                                 |
[2026-08-12 23:45:51,550] [config.py:313]             [DEBUG]    | #  token: (redacted)                                                                               |
[2026-08-12 23:45:51,551] [config.py:313]             [DEBUG]    | #  add_missing: false                                                                              |
[2026-08-12 23:45:51,551] [config.py:313]             [DEBUG]    | #  add_existing: false                                                                             |
[2026-08-12 23:45:51,551] [config.py:313]             [DEBUG]    | #  upgrade_existing: false                                                                         |
[2026-08-12 23:45:51,551] [config.py:313]             [DEBUG]    | #  monitor_existing: false                                                                         |
[2026-08-12 23:45:51,551] [config.py:313]             [DEBUG]    | #  root_folder_path:                                                                               |
[2026-08-12 23:45:51,552] [config.py:313]             [DEBUG]    | #  monitor: all                                                                                    |
[2026-08-12 23:45:51,552] [config.py:313]             [DEBUG]    | #  quality_profile: HD - 720p/1090p                                                                |
[2026-08-12 23:45:51,552] [config.py:313]             [DEBUG]    | #  language_profile: English                                                                       |
[2026-08-12 23:45:51,552] [config.py:313]             [DEBUG]    | #  series_type: standard                                                                           |
[2026-08-12 23:45:51,553] [config.py:313]             [DEBUG]    | #  season_folder: true                                                                             |
[2026-08-12 23:45:51,553] [config.py:313]             [DEBUG]    | #  tag: kometa                                                                                     |
[2026-08-12 23:45:51,553] [config.py:313]             [DEBUG]    | #  search: false                                                                                   |
[2026-08-12 23:45:51,553] [config.py:313]             [DEBUG]    | #  cutoff_search: false                                                                            |
[2026-08-12 23:45:51,554] [config.py:313]             [DEBUG]    | #  sonarr_path:                                                                                    |
[2026-08-12 23:45:51,554] [config.py:313]             [DEBUG]    | #  plex_path:                                                                                      |
[2026-08-12 23:45:51,554] [config.py:313]             [DEBUG]    | #  ignore_cache: false                                                                             |
[2026-08-12 23:45:51,554] [config.py:313]             [DEBUG]    | #trakt:                                                                                            |
[2026-08-12 23:45:51,554] [config.py:313]             [DEBUG]    | #  client_id: (redacted)                                                                           |
[2026-08-12 23:45:51,555] [config.py:313]             [DEBUG]    | #  client_secret: (redacted)                                                                       |
[2026-08-12 23:45:51,555] [config.py:313]             [DEBUG]    | #  pin:                                                                                            |
[2026-08-12 23:45:51,555] [config.py:313]             [DEBUG]    | #  authorization:                                                                                  |
[2026-08-12 23:45:51,555] [config.py:313]             [DEBUG]    | #    # everything below is autofilled by the script                                                |
[2026-08-12 23:45:51,555] [config.py:313]             [DEBUG]    | #    access_token: (redacted)                                                                      |
[2026-08-12 23:45:51,556] [config.py:313]             [DEBUG]    | #    token_type: Bearer                                                                            |
[2026-08-12 23:45:51,556] [config.py:313]             [DEBUG]    | #    expires_in: 7889237                                                                           |
[2026-08-12 23:45:51,556] [config.py:313]             [DEBUG]    | #    refresh_token: (redacted)                                                                     |
[2026-08-12 23:45:51,556] [config.py:313]             [DEBUG]    | #    scope: public                                                                                 |
[2026-08-12 23:45:51,556] [config.py:313]             [DEBUG]    | #    created_at: 1780214406                                                                        |
[2026-08-12 23:45:51,557] [config.py:313]             [DEBUG]    | #  force_refresh:                                                                                  |
[2026-08-12 23:45:51,557] [config.py:313]             [DEBUG]    | mal:                                                                                               |
[2026-08-12 23:45:51,557] [config.py:313]             [DEBUG]    |   client_id: (redacted)                                                                            |
[2026-08-12 23:45:51,557] [config.py:313]             [DEBUG]    |   client_secret: (redacted)                                                                        |
[2026-08-12 23:45:51,557] [config.py:313]             [DEBUG]    |   authorization:                                                                                   |
[2026-08-12 23:45:51,558] [config.py:313]             [DEBUG]    |     # everything below is autofilled by the script                                                 |
[2026-08-12 23:45:51,558] [config.py:313]             [DEBUG]    |     access_token: (redacted)                                                                       |
[2026-08-12 23:45:51,558] [config.py:313]             [DEBUG]    |     token_type: Bearer                                                                             |
[2026-08-12 23:45:51,558] [config.py:313]             [DEBUG]    |     expires_in: 2678400                                                                            |
[2026-08-12 23:45:51,559] [config.py:313]             [DEBUG]    |     refresh_token: (redacted)                                                                      |
[2026-08-12 23:45:51,559] [config.py:313]             [DEBUG]    |   localhost_url:                                                                                   |
[2026-08-12 23:45:51,559] [config.py:313]             [DEBUG]    |   cache_expiration: 60                                                                             |
[2026-08-12 23:45:51,559] [config.py:320]             [DEBUG]    |                                                                                                    |
[2026-08-12 23:45:51,598] [config.py:644]             [WARNING]  | Config Warning: settings sub-attribute auto_sort_hubs not found using None as default              |
                                                                 | settings sub-attribute auto_sort_hubs added to config                                              |
[2026-08-12 23:45:51,599] [config.py:938]             [INFO]     |====================================================================================================|
[2026-08-12 23:45:51,613] [cache.py:37]               [INFO]     | Initializing cache database at C:\Utilities\Kometa\Kometa\config\config.cache                      |
[2026-08-12 23:45:51,694] [cache.py:428]              [INFO]     |====================================================================================================|
[2026-08-12 23:45:51,694] [cache.py:428]              [INFO]     |                                       Overlay Cache Upgraded                                       |
[2026-08-12 23:45:51,694] [cache.py:428]              [INFO]     |                             The overlay cache format has been updated.                             |
[2026-08-12 23:45:51,695] [cache.py:428]              [INFO]     |                                All overlay states have been reset.                                 |
[2026-08-12 23:45:51,696] [cache.py:428]              [INFO]     |                 This run will reapply all overlays and may take longer than usual.                 |
[2026-08-12 23:45:51,696] [cache.py:428]              [INFO]     |                                    This will only happen once.                                     |
[2026-08-12 23:45:51,696] [cache.py:428]              [INFO]     |====================================================================================================|
[2026-08-12 23:45:51,696] [github.py:20]              [INFO]     |====================================================================================================|
[2026-08-12 23:45:51,697] [github.py:21]              [INFO]     | Connecting to GitHub...                                                                            |
[2026-08-12 23:45:51,966] [github.py:26]              [INFO]     | GitHub token validated successfully. Authenticated as Extremity                                    |
[2026-08-12 23:45:51,967] [config.py:945]             [INFO]     |====================================================================================================|
[2026-08-12 23:45:51,967] [config.py:949]             [INFO]     | Connecting to Notifiarr...                                                                         |
[2026-08-12 23:45:51,968] [config.py:954]             [WARNING]  | Config Error: notifiarr sub-attribute apikey is blank                                              |
[2026-08-12 23:45:51,968] [config.py:958]             [INFO]     | Notifiarr Connection Failed                                                                        |
[2026-08-12 23:45:51,968] [config.py:964]             [INFO]     | Connecting to Gotify...                                                                            |
[2026-08-12 23:45:51,971] [gotify.py:17]              [INFO]     | Gotify Version: 2.9.1                                                                              |
[2026-08-12 23:45:51,971] [config.py:979]             [INFO]     | Gotify Connection Successful                                                                       |
[2026-08-12 23:45:51,971] [config.py:1003]            [INFO]     | ntfy attribute not found                                                                           |
[2026-08-12 23:45:51,971] [config.py:1021]            [INFO]     | apprise attribute not found                                                                        |
[2026-08-12 23:45:51,972] [config.py:1041]            [INFO]     |====================================================================================================|
[2026-08-12 23:45:51,972] [config.py:1046]            [INFO]     | Connecting to TMDb...                                                                              |
[2026-08-12 23:45:52,155] [config.py:1058]            [INFO]     | TMDb Connection Successful                                                                         |
[2026-08-12 23:45:52,155] [config.py:1062]            [INFO]     |====================================================================================================|
[2026-08-12 23:45:52,156] [config.py:1066]            [INFO]     | Connecting to OMDb...                                                                              |
[2026-08-12 23:45:52,265] [config.py:1081]            [INFO]     | OMDb Connection Successful                                                                         |
[2026-08-12 23:45:52,265] [config.py:1085]            [INFO]     |====================================================================================================|
[2026-08-12 23:45:52,266] [config.py:1089]            [INFO]     | Connecting to MDBList...                                                                           |
[2026-08-12 23:45:53,524] [mdblist.py:126]            [INFO]     | Supporter Key: False                                                                               |
[2026-08-12 23:45:53,525] [mdblist.py:132]            [INFO]     | MDBList Connection Verified (Supporter: False)                                                     |
[2026-08-12 23:45:53,525] [mdblist.py:133]            [INFO]     | Patron Status: None                                                                                |
[2026-08-12 23:45:53,526] [mdblist.py:134]            [INFO]     | Daily API Requests: 1000                                                                           |
[2026-08-12 23:45:53,526] [mdblist.py:135]            [INFO]     | API Requests Used Today: 0                                                                         |
[2026-08-12 23:45:54,681] [config.py:1095]            [INFO]     | MDBList Connection Successful                                                                      |
[2026-08-12 23:45:54,681] [config.py:1105]            [INFO]     |====================================================================================================|
[2026-08-12 23:45:54,682] [config.py:1107]            [INFO]     | Connecting to Trakt in public mode...                                                              |
[2026-08-12 23:45:54,775] [config.py:1126]            [INFO]     | Trakt Connection Successful                                                                        |
[2026-08-12 23:45:54,775] [config.py:1128]            [INFO]     |====================================================================================================|
[2026-08-12 23:45:54,776] [config.py:1132]            [INFO]     | Connecting to My Anime List...                                                                     |
[2026-08-12 23:45:55,261] [config.py:1152]            [INFO]     | My Anime List Connection Successful                                                                |
[2026-08-12 23:45:55,261] [config.py:1157]            [INFO]     |====================================================================================================|
[2026-08-12 23:45:55,261] [config.py:1158]            [INFO]     | Connecting to AniDB...                                                                             |
[2026-08-12 23:45:55,262] [anidb.py:45]               [INFO]     | Downloading Master Title List from AniDB...                                                        |
[2026-08-12 23:45:56,209] [config.py:1176]            [INFO]     | AniDB API Connection Successful                                                                    |
[2026-08-12 23:45:56,210] [config.py:1178]            [INFO]     |====================================================================================================|
[2026-08-12 23:45:56,211] [config.py:1183]            [INFO]     | playlist_files attribute not found                                                                 |
[2026-08-12 23:45:56,347] [config.py:1233]            [INFO]     | serializd attribute not found                                                                      |
[2026-08-12 23:45:56,347] [config.py:1256]            [INFO]     | floppy attribute not found                                                                         |
[2026-08-12 23:45:56,348] [config.py:1258]            [INFO]     |====================================================================================================|
[2026-08-12 23:45:56,348] [config.py:1280]            [INFO]     | yamtrack attribute not found                                                                       |
[2026-08-12 23:45:56,348] [config.py:1282]            [INFO]     |====================================================================================================|
[2026-08-12 23:45:56,349] [config.py:1284]            [INFO]     | Connecting to Plex Libraries...                                                                    |
[2026-08-12 23:45:56,349] [config.py:1375]            [INFO]     |====================================================================================================|
[2026-08-12 23:45:56,349] [config.py:1375]            [INFO]     |                                       TV Shows Configuration                                       |
[2026-08-12 23:45:56,349] [config.py:1375]            [INFO]     |====================================================================================================|
[2026-08-12 23:45:56,350] [config.py:1376]            [INFO]     |                                                                                                    |
[2026-08-12 23:45:56,350] [config.py:1377]            [INFO]     | Connecting to TV Shows Library...                                                                  |
[2026-08-12 23:45:56,350] [config.py:2004]            [INFO]     |                                                                                                    |
[2026-08-12 23:45:56,351] [config.py:2005]            [INFO]     | Reading in Overlay Files                                                                           |
[2026-08-12 23:45:56,351] [util.py:492]               [INFO]     |                                                                                                    |
[2026-08-12 23:45:56,351] [util.py:498]               [INFO]     | Reading file: config/MyOverlaysTV.yml                                                              |
[2026-08-12 23:45:56,351] [config.py:2089]            [INFO]     |                                                                                                    |
[2026-08-12 23:45:56,352] [config.py:2090]            [INFO]     |======================================== Plex Configuration ========================================|
[2026-08-12 23:45:56,374] [library.py:201]            [INFO]     |                                                                                                    |
[2026-08-12 23:45:56,374] [library.py:203]            [INFO]     | Using Asset Directory: config/assets                                                               |
[2026-08-12 23:45:56,380] [plex.py:826]               [INFO]     | Connected to server Server in the Closet version 1.43.3.10828-00f62d37d                            |
[2026-08-12 23:45:56,380] [plex.py:827]               [INFO]     | Running on Windows version 10.0 (Build 19045)                                                      |
[2026-08-12 23:45:56,399] [plex.py:831]               [INFO]     | Plex DB cache setting: 4096 MB                                                                     |
[2026-08-12 23:45:56,399] [plex.py:848]               [INFO]     | PlexPass: True on Public update channel.                                                           |
[2026-08-12 23:45:56,400] [plex.py:850]               [INFO]     | Scheduled maintenance running between 3:00 and 7:00                                                |
[2026-08-12 23:45:56,408] [plex.py:902]               [INFO]     | Connected to library TV Shows                                                                      |
[2026-08-12 23:45:56,408] [plex.py:903]               [INFO]     | Type: Show                                                                                         |
[2026-08-12 23:45:56,408] [plex.py:904]               [INFO]     | Agent: tv.plex.agents.series                                                                       |
[2026-08-12 23:45:56,409] [plex.py:905]               [INFO]     | Scanner: Plex TV Series                                                                            |
[2026-08-12 23:45:56,409] [plex.py:906]               [INFO]     | Ratings Source: N/A                                                                                |
[2026-08-12 23:45:56,409] [config.py:2156]            [INFO]     |                                                                                                    |
[2026-08-12 23:45:56,410] [config.py:2157]            [INFO]     | TV Shows Library Connection Successful                                                             |
[2026-08-12 23:45:56,410] [config.py:2158]            [INFO]     |                                                                                                    |
[2026-08-12 23:45:56,410] [config.py:2159]            [INFO]     |========================================== Scanning Files ==========================================|
[2026-08-12 23:45:56,410] [meta.py:77]                [INFO]     |                                                                                                    |
[2026-08-12 23:45:56,411] [meta.py:78]                [INFO]     |====================================================================================================|
[2026-08-12 23:45:56,411] [meta.py:78]                [INFO]     |                        Loading Overlay File 0 File: config/MyOverlaysTV.yml                        |
[2026-08-12 23:45:56,411] [meta.py:78]                [INFO]     |====================================================================================================|
[2026-08-12 23:45:56,411] [meta.py:79]                [INFO]     |                                                                                                    |
[2026-08-12 23:45:56,429] [meta.py:172]               [DEBUG]    | File Loaded From: C:\Utilities\Kometa\Kometa\config\MyOverlaysTV.yml                               |
[2026-08-12 23:45:56,429] [meta.py:2510]              [INFO]     | Overlay File Loaded Successfully                                                                   |
[2026-08-12 23:45:56,430] [config.py:2482]            [INFO]     |                                                                                                    |
[2026-08-12 23:45:56,430] [config.py:2483]            [INFO]     |====================================== Tautulli Configuration ======================================|
[2026-08-12 23:45:56,430] [config.py:2484]            [INFO]     |                                                                                                    |
[2026-08-12 23:45:56,431] [config.py:2485]            [INFO]     | Connecting to TV Shows library's Tautulli...                                                       |
[2026-08-12 23:45:56,431] [config.py:2486]            [INFO]     |                                                                                                    |
[2026-08-12 23:45:56,437] [config.py:2523]            [INFO]     | TV Shows library's Tautulli Connection Successful                                                  |
[2026-08-12 23:45:56,437] [config.py:2564]            [INFO]     |                                                                                                    |
[2026-08-12 23:45:56,437] [config.py:1375]            [INFO]     |====================================================================================================|
[2026-08-12 23:45:56,437] [config.py:1375]            [INFO]     |                                        Movies Configuration                                        |
[2026-08-12 23:45:56,438] [config.py:1375]            [INFO]     |====================================================================================================|
[2026-08-12 23:45:56,438] [config.py:1376]            [INFO]     |                                                                                                    |
[2026-08-12 23:45:56,438] [config.py:1377]            [INFO]     | Connecting to Movies Library...                                                                    |
[2026-08-12 23:45:56,438] [config.py:1693]            [INFO]     |===================================== Operation Configuration ======================================|
[2026-08-12 23:45:56,439] [config.py:1707]            [INFO]     |                                                                                                    |
[2026-08-12 23:45:56,439] [config.py:1708]            [INFO]     | Operation 1/1                                                                                      |
[2026-08-12 23:45:56,439] [config.py:1710]            [INFO]     |     mass_user_rating_update: imdb                                                                  |
[2026-08-12 23:45:56,439] [config.py:2004]            [INFO]     |                                                                                                    |
[2026-08-12 23:45:56,440] [config.py:2005]            [INFO]     | Reading in Overlay Files                                                                           |
[2026-08-12 23:45:56,440] [util.py:492]               [INFO]     |                                                                                                    |
[2026-08-12 23:45:56,441] [util.py:498]               [INFO]     | Reading default: ribbon                                                                            |
[2026-08-12 23:45:56,442] [util.py:492]               [INFO]     |                                                                                                    |
[2026-08-12 23:45:56,442] [util.py:498]               [INFO]     | Reading default: ratings                                                                           |
[2026-08-12 23:45:56,442] [util.py:537]               [INFO]     | Template Variables: {'rating1': 'critic', 'rating1_image': 'rt_tomato', 'rating2': 'audience', 'rating2_image': 'rt_popcorn', 'rating3': 'user', 'rating3_image': 'imdb'} |
[2026-08-12 23:45:56,443] [config.py:2089]            [INFO]     |                                                                                                    |
[2026-08-12 23:45:56,443] [config.py:2090]            [INFO]     |======================================== Plex Configuration ========================================|
[2026-08-12 23:45:56,464] [library.py:201]            [INFO]     |                                                                                                    |
[2026-08-12 23:45:56,464] [library.py:203]            [INFO]     | Using Asset Directory: config/assets                                                               |
[2026-08-12 23:45:56,467] [plex.py:826]               [INFO]     | Connected to server Server in the Closet version 1.43.3.10828-00f62d37d                            |
[2026-08-12 23:45:56,467] [plex.py:827]               [INFO]     | Running on Windows version 10.0 (Build 19045)                                                      |
[2026-08-12 23:45:56,478] [plex.py:831]               [INFO]     | Plex DB cache setting: 4096 MB                                                                     |
[2026-08-12 23:45:56,479] [plex.py:848]               [INFO]     | PlexPass: True on Public update channel.                                                           |
[2026-08-12 23:45:56,479] [plex.py:850]               [INFO]     | Scheduled maintenance running between 3:00 and 7:00                                                |
[2026-08-12 23:45:56,487] [plex.py:902]               [INFO]     | Connected to library Movies                                                                        |
[2026-08-12 23:45:56,488] [plex.py:903]               [INFO]     | Type: Movie                                                                                        |
[2026-08-12 23:45:56,488] [plex.py:904]               [INFO]     | Agent: tv.plex.agents.movie                                                                        |
[2026-08-12 23:45:56,488] [plex.py:905]               [INFO]     | Scanner: Plex Movie                                                                                |
[2026-08-12 23:45:56,488] [plex.py:906]               [INFO]     | Ratings Source: Rotten Tomatoes                                                                    |
[2026-08-12 23:45:56,489] [config.py:2156]            [INFO]     |                                                                                                    |
[2026-08-12 23:45:56,489] [config.py:2157]            [INFO]     | Movies Library Connection Successful                                                               |
[2026-08-12 23:45:56,489] [config.py:2158]            [INFO]     |                                                                                                    |
[2026-08-12 23:45:56,489] [config.py:2159]            [INFO]     |========================================== Scanning Files ==========================================|
[2026-08-12 23:45:56,490] [meta.py:77]                [INFO]     |                                                                                                    |
[2026-08-12 23:45:56,490] [meta.py:78]                [INFO]     |====================================================================================================|
[2026-08-12 23:45:56,490] [meta.py:78]                [INFO]     |                               Loading Overlay File 0 Default: ribbon                               |
[2026-08-12 23:45:56,490] [meta.py:78]                [INFO]     |====================================================================================================|
[2026-08-12 23:45:56,491] [meta.py:79]                [INFO]     |                                                                                                    |
[2026-08-12 23:45:56,520] [meta.py:172]               [DEBUG]    | File Loaded From: C:\Utilities\Kometa\Kometa\defaults\overlays\ribbon.yml                          |
[2026-08-12 23:45:56,520] [util.py:492]               [INFO]     |                                                                                                    |
[2026-08-12 23:45:56,521] [util.py:498]               [INFO]     | Reading default: templates                                                                         |
[2026-08-12 23:45:56,521] [util.py:537]               [INFO]     | Template Variables: {'default': {'style': 'yellow'}, 'conditionals': {'final_style': {'default': 'yellow', 'conditions': [{'style': 'gray', 'value': 'gray'}, {'style': 'black', 'value': 'black'}, {'style': 'red', 'value': 'red'}]}, 'default': {'conditions': [{'file.exists': False, 'file_<<key>>.exists': False, 'url.exists': False, 'url_<<key>>.exists': False, 'git.exists': False, 'git_<<key>>.exists': False, 'repo.exists': False, 'repo_<<key>>.exists': False, 'value': 'ribbon/<<final_style>>/<<key>>'}]}}, 'group': 'ribbon', 'horizontal_offset': 0, 'horizontal_align': 'right', 'vertical_offset': 0, 'vertical_align': 'bottom'} |
[2026-08-12 23:45:56,535] [meta.py:172]               [DEBUG]    | File Loaded From: C:\Utilities\Kometa\Kometa\defaults\overlays\templates.yml                       |
[2026-08-12 23:45:56,536] [meta.py:2510]              [INFO]     | Overlay File Loaded Successfully                                                                   |
[2026-08-12 23:45:56,536] [meta.py:77]                [INFO]     |                                                                                                    |
[2026-08-12 23:45:56,536] [meta.py:78]                [INFO]     |====================================================================================================|
[2026-08-12 23:45:56,537] [meta.py:78]                [INFO]     |                              Loading Overlay File 1 Default: ratings                               |
[2026-08-12 23:45:56,537] [meta.py:78]                [INFO]     |====================================================================================================|
[2026-08-12 23:45:56,537] [meta.py:79]                [INFO]     |                                                                                                    |
[2026-08-12 23:45:56,601] [meta.py:172]               [DEBUG]    | File Loaded From: C:\Utilities\Kometa\Kometa\defaults\overlays\ratings.yml                         |
[2026-08-12 23:45:56,601] [meta.py:2510]              [INFO]     | Overlay File Loaded Successfully                                                                   |
[2026-08-12 23:45:56,602] [config.py:2482]            [INFO]     |                                                                                                    |
[2026-08-12 23:45:56,602] [config.py:2483]            [INFO]     |====================================== Tautulli Configuration ======================================|
[2026-08-12 23:45:56,602] [config.py:2484]            [INFO]     |                                                                                                    |
[2026-08-12 23:45:56,602] [config.py:2485]            [INFO]     | Connecting to Movies library's Tautulli...                                                         |
[2026-08-12 23:45:56,603] [config.py:2486]            [INFO]     |                                                                                                    |
[2026-08-12 23:45:56,608] [config.py:2523]            [INFO]     | Movies library's Tautulli Connection Successful                                                    |
[2026-08-12 23:45:56,608] [config.py:2564]            [INFO]     |                                                                                                    |
[2026-08-12 23:45:56,609] [config.py:2567]            [INFO]     |====================================================================================================|
[2026-08-12 23:45:56,609] [config.py:2572]            [INFO]     | 2 Plex Library Connections Successful                                                              |
[2026-08-12 23:45:56,609] [config.py:2576]            [INFO]     |====================================================================================================|
[2026-08-12 23:45:56,610] [kometa.py:1041]            [INFO]     |                                                                                                    |
[2026-08-12 23:45:56,610] [kometa.py:1042]            [INFO]     |====================================================================================================|
[2026-08-12 23:45:56,610] [kometa.py:1042]            [INFO]     |                                          TV Shows Library                                          |
[2026-08-12 23:45:56,610] [kometa.py:1042]            [INFO]     |====================================================================================================|
[2026-08-12 23:45:56,611] [kometa.py:1044]            [DEBUG]    |                                                                                                    |
[2026-08-12 23:45:56,611] [kometa.py:1045]            [DEBUG]    | Library Name: TV Shows                                                                             |
[2026-08-12 23:45:56,611] [kometa.py:1046]            [DEBUG]    | Run Order: operations, metadata, collections, overlays                                             |
[2026-08-12 23:45:56,611] [kometa.py:1047]            [DEBUG]    | Folder Name: TV Shows                                                                              |
[2026-08-12 23:45:56,612] [kometa.py:1049]            [DEBUG]    | Asset Directory: config/assets                                                                     |
[2026-08-12 23:45:56,613] [kometa.py:1050]            [DEBUG]    | Asset Folders: True                                                                                |
[2026-08-12 23:45:56,614] [kometa.py:1051]            [DEBUG]    | Asset Depth: 2                                                                                     |
[2026-08-12 23:45:56,614] [kometa.py:1052]            [DEBUG]    | Create Asset Folders: False                                                                        |
[2026-08-12 23:45:56,614] [kometa.py:1053]            [DEBUG]    | Prioritize Assets: False                                                                           |
[2026-08-12 23:45:56,614] [kometa.py:1054]            [DEBUG]    | Dimensional Asset Rename: False                                                                    |
[2026-08-12 23:45:56,614] [kometa.py:1055]            [DEBUG]    | Download URL Assets: True                                                                          |
[2026-08-12 23:45:56,615] [kometa.py:1056]            [DEBUG]    | Show Missing Assets: True                                                                          |
[2026-08-12 23:45:56,615] [kometa.py:1057]            [DEBUG]    | Show Missing Season Assets: False                                                                  |
[2026-08-12 23:45:56,615] [kometa.py:1058]            [DEBUG]    | Show Missing Episode Assets: False                                                                 |
[2026-08-12 23:45:56,615] [kometa.py:1059]            [DEBUG]    | Show Assets Not Needed: True                                                                       |
[2026-08-12 23:45:56,615] [kometa.py:1060]            [DEBUG]    | Sync Mode: append                                                                                  |
[2026-08-12 23:45:56,616] [kometa.py:1061]            [DEBUG]    | Minimum Items: 2                                                                                   |
[2026-08-12 23:45:56,616] [kometa.py:1062]            [DEBUG]    | Delete Below Minimum: True                                                                         |
[2026-08-12 23:45:56,616] [kometa.py:1063]            [DEBUG]    | Delete Not Scheduled: False                                                                        |
[2026-08-12 23:45:56,616] [kometa.py:1064]            [DEBUG]    | Default Collection Order: None                                                                     |
[2026-08-12 23:45:56,616] [kometa.py:1065]            [DEBUG]    | Missing Only Released: False                                                                       |
[2026-08-12 23:45:56,617] [kometa.py:1066]            [DEBUG]    | Only Filter Missing: False                                                                         |
[2026-08-12 23:45:56,617] [kometa.py:1067]            [DEBUG]    | Show Unmanaged: True                                                                               |
[2026-08-12 23:45:56,617] [kometa.py:1068]            [DEBUG]    | Show Unconfigured: True                                                                            |
[2026-08-12 23:45:56,617] [kometa.py:1069]            [DEBUG]    | Show Filtered: False                                                                               |
[2026-08-12 23:45:56,618] [kometa.py:1070]            [DEBUG]    | Show Unfiltered: False                                                                             |
[2026-08-12 23:45:56,618] [kometa.py:1071]            [DEBUG]    | Show Options: True                                                                                 |
[2026-08-12 23:45:56,618] [kometa.py:1072]            [DEBUG]    | Show Missing: True                                                                                 |
[2026-08-12 23:45:56,618] [kometa.py:1073]            [DEBUG]    | Save Report: False                                                                                 |
[2026-08-12 23:45:56,618] [kometa.py:1074]            [DEBUG]    | Report Path: C:\Utilities\Kometa\Kometa\config\TV Shows_report.yml                                 |
[2026-08-12 23:45:56,619] [kometa.py:1075]            [DEBUG]    | Ignore IDs: []                                                                                     |
[2026-08-12 23:45:56,619] [kometa.py:1076]            [DEBUG]    | Ignore IMDb IDs: []                                                                                |
[2026-08-12 23:45:56,619] [kometa.py:1077]            [DEBUG]    | Item Refresh Delay: 0                                                                              |
[2026-08-12 23:45:56,619] [kometa.py:1078]            [DEBUG]    | Clean Bundles: False                                                                               |
[2026-08-12 23:45:56,620] [kometa.py:1079]            [DEBUG]    | Empty Trash: False                                                                                 |
[2026-08-12 23:45:56,620] [kometa.py:1080]            [DEBUG]    | Optimize: False                                                                                    |
[2026-08-12 23:45:56,620] [kometa.py:1081]            [DEBUG]    | Timeout: 60                                                                                        |
[2026-08-12 23:45:56,620] [library.py:582]            [INFO]     |                                                                                                    |
[2026-08-12 23:45:56,620] [library.py:583]            [INFO]     |================================== Caching TV Shows Library Items ==================================|
[2026-08-12 23:45:56,621] [library.py:584]            [INFO]     |                                                                                                    |
[2026-08-12 23:45:56,621] [plex.py:970]               [INFO]     | Loading All Shows from Library: TV Shows                                                           |
[2026-08-12 23:47:22,516] [plex.py:990]               [INFO]     | Loaded 2019 Shows                                                                                  |
[2026-08-12 23:47:22,519] [kometa.py:1128]            [INFO]     |                                                                                                    |
[2026-08-12 23:47:22,519] [kometa.py:1129]            [INFO]     |===================================== Mapping TV Shows Library =====================================|
[2026-08-12 23:47:22,519] [kometa.py:1130]            [INFO]     |                                                                                                    |
[2026-08-12 23:47:22,521] [convert.py:441]            [INFO]     | Mapping Error | local://44262                                  | No match in Plex for "4K HDR Test Videos" |
[2026-08-12 23:47:22,606] [convert.py:441]            [INFO]     | Mapping Error | local://249880                                 | No match in Plex for "The Curious Birth of Benjamin Button" |
[2026-08-12 23:47:25,343] [convert.py:438]            [INFO]     | Mapping Error | plex://show/5fc6a86e1a65df002dd53fab           | Mapping Error: Please refresh metadata on this item/library for "Jimmy Kimmel Live!" |
[2026-08-12 23:47:25,351] [convert.py:441]            [INFO]     | Mapping Error | local://176547                                 | No match in Plex for "Last Gen"   |
[2026-08-12 23:47:28,043] [convert.py:438]            [INFO]     | Mapping Error | plex://show/5fc6ac816b022a002d707444           | Mapping Error: Please refresh metadata on this item/library for "The Late Show With Stephen Colbert" |
[2026-08-12 23:47:28,076] [convert.py:441]            [INFO]     | Mapping Error | tv.plex.agents.none://67002                    | Agent none not supported for "On the Back of a Tiger" |
[2026-08-12 23:47:28,090] [convert.py:441]            [INFO]     | Mapping Error | local://165283                                 | No match in Plex for "Rebuild of Naruto" |
[2026-08-12 23:47:30,855] [convert.py:438]            [INFO]     | Mapping Error | plex://show/5d9c0865d4f2a9001f8005b8           | Mapping Error: Please refresh metadata on this item/library for "The Super Powers Team: Galactic Guardians" |
[2026-08-12 23:47:30,932] [library.py:641]            [INFO]     |                                                                                                    |
[2026-08-12 23:47:30,932] [library.py:642]            [INFO]     | Processed 2019 Shows                                                                               |
[2026-08-12 23:47:30,933] [operations.py:129]         [INFO]     |                                                                                                    |
[2026-08-12 23:47:30,933] [operations.py:130]         [INFO]     |====================================================================================================|
[2026-08-12 23:47:30,933] [operations.py:130]         [INFO]     |                                    TV Shows Library Operations                                     |
[2026-08-12 23:47:30,933] [operations.py:130]         [INFO]     |====================================================================================================|
[2026-08-12 23:47:30,934] [operations.py:131]         [INFO]     |                                                                                                    |
[2026-08-12 23:47:30,934] [operations.py:132]         [DEBUG]    | Assets For All: None                                                                               |
[2026-08-12 23:47:30,934] [operations.py:133]         [DEBUG]    | Delete Collections: None                                                                           |
[2026-08-12 23:47:30,934] [operations.py:134]         [DEBUG]    | Show Unmanaged Collections: True                                                                   |
[2026-08-12 23:47:30,935] [operations.py:135]         [DEBUG]    | Show Unconfigured Collections: True                                                                |
[2026-08-12 23:47:30,935] [operations.py:136]         [DEBUG]    | Mass Genre Update: None                                                                            |
[2026-08-12 23:47:30,935] [operations.py:137]         [DEBUG]    | Mass Audience Rating Update: None                                                                  |
[2026-08-12 23:47:30,935] [operations.py:138]         [DEBUG]    | Mass Critic Rating Update: None                                                                    |
[2026-08-12 23:47:30,935] [operations.py:139]         [DEBUG]    | Mass User Rating Update: None                                                                      |
[2026-08-12 23:47:30,936] [operations.py:140]         [DEBUG]    | Mass Episode Audience Rating Update: None                                                          |
[2026-08-12 23:47:30,936] [operations.py:141]         [DEBUG]    | Mass Episode Critic Rating Update: None                                                            |
[2026-08-12 23:47:30,936] [operations.py:142]         [DEBUG]    | Mass Episode User Rating Update: None                                                              |
[2026-08-12 23:47:30,936] [operations.py:143]         [DEBUG]    | Mass Content Rating Update: None                                                                   |
[2026-08-12 23:47:30,936] [operations.py:144]         [DEBUG]    | Mass Original Title Update: None                                                                   |
[2026-08-12 23:47:30,937] [operations.py:145]         [DEBUG]    | Mass Originally Available Update: None                                                             |
[2026-08-12 23:47:30,937] [operations.py:146]         [DEBUG]    | Mass Added At Update: None                                                                         |
[2026-08-12 23:47:30,937] [operations.py:147]         [DEBUG]    | Mass IMDb Parental Labels: None                                                                    |
[2026-08-12 23:47:30,937] [operations.py:148]         [DEBUG]    | Mass Poster Update: None                                                                           |
[2026-08-12 23:47:30,937] [operations.py:149]         [DEBUG]    | Mass Background Update: None                                                                       |
[2026-08-12 23:47:30,938] [operations.py:150]         [DEBUG]    | Mass Logo Update: None                                                                             |
[2026-08-12 23:47:30,938] [operations.py:151]         [DEBUG]    | Mass Square Art Update: None                                                                       |
[2026-08-12 23:47:30,938] [operations.py:152]         [DEBUG]    | Mass Collection Mode Update: None                                                                  |
[2026-08-12 23:47:30,938] [operations.py:153]         [DEBUG]    | Split Duplicates: None                                                                             |
[2026-08-12 23:47:30,938] [operations.py:154]         [DEBUG]    | Sync Watchlist to Serializd: None                                                                  |
[2026-08-12 23:47:30,939] [operations.py:155]         [DEBUG]    | Radarr Add All Existing: None                                                                      |
[2026-08-12 23:47:30,939] [operations.py:156]         [DEBUG]    | Radarr Remove by Tag: None                                                                         |
[2026-08-12 23:47:30,939] [operations.py:157]         [DEBUG]    | Sonarr Add All Existing: None                                                                      |
[2026-08-12 23:47:30,939] [operations.py:158]         [DEBUG]    | Sonarr Remove by Tag: None                                                                         |
[2026-08-12 23:47:30,940] [operations.py:159]         [DEBUG]    | Update Blank Track Titles: None                                                                    |
[2026-08-12 23:47:30,940] [operations.py:160]         [DEBUG]    | Update Remove Title Parentheses: None                                                              |
[2026-08-12 23:47:30,940] [operations.py:161]         [DEBUG]    | Genre Mapper: None                                                                                 |
[2026-08-12 23:47:30,940] [operations.py:162]         [DEBUG]    | Content Rating Mapper: None                                                                        |
[2026-08-12 23:47:30,940] [operations.py:163]         [DEBUG]    | Metadata Backup: None                                                                              |
[2026-08-12 23:47:30,941] [operations.py:164]         [DEBUG]    | Ignore Labels: None                                                                                |
[2026-08-12 23:47:30,941] [operations.py:165]         [DEBUG]    | Respect Ignore IDs: False                                                                          |
[2026-08-12 23:47:30,941] [operations.py:166]         [DEBUG]    | Item Operation: False                                                                              |
[2026-08-12 23:47:30,941] [operations.py:167]         [DEBUG]    | Plex Bulk Edit Batch Size: None                                                                    |
[2026-08-12 23:47:30,941] [operations.py:168]         [DEBUG]    |                                                                                                    |
[2026-08-12 23:47:30,943] [operations.py:1584]        [INFO]     |                                                                                                    |
[2026-08-12 23:47:30,943] [operations.py:1585]        [INFO]     |====================================== Collection Operations =======================================|
[2026-08-12 23:47:30,943] [operations.py:1586]        [INFO]     |                                                                                                    |
[2026-08-12 23:47:31,370] [operations.py:1634]        [INFO]     |                                                                                                    |
[2026-08-12 23:47:31,370] [operations.py:1635]        [INFO]     |============================ Unmanaged Collections in TV Shows Library =============================|
[2026-08-12 23:47:31,371] [operations.py:1636]        [INFO]     |                                                                                                    |
[2026-08-12 23:47:31,371] [operations.py:1638]        [INFO]     | 12 Monkeys                                                                                         |
[2026-08-12 23:47:31,371] [operations.py:1638]        [INFO]     | 90s Sitcoms                                                                                        |
[2026-08-12 23:47:31,371] [operations.py:1638]        [INFO]     | Adult Swim                                                                                         |
[2026-08-12 23:47:31,372] [operations.py:1638]        [INFO]     | Adult Swim Anime                                                                                   |
[2026-08-12 23:47:31,372] [operations.py:1638]        [INFO]     | Adventure Time                                                                                     |
[2026-08-12 23:47:31,372] [operations.py:1638]        [INFO]     | Aladdin                                                                                            |
[2026-08-12 23:47:31,372] [operations.py:1638]        [INFO]     | Alien                                                                                              |
[2026-08-12 23:47:31,373] [operations.py:1638]        [INFO]     | Aqua Teen Hunger Force                                                                             |
[2026-08-12 23:47:31,373] [operations.py:1638]        [INFO]     | Arrowverse                                                                                         |
[2026-08-12 23:47:31,373] [operations.py:1638]        [INFO]     | Assassination Classroom                                                                            |
[2026-08-12 23:47:31,373] [operations.py:1638]        [INFO]     | Avatar: The Last Airbender                                                                         |
[2026-08-12 23:47:31,374] [operations.py:1638]        [INFO]     | Babylon 5                                                                                          |
[2026-08-12 23:47:31,374] [operations.py:1638]        [INFO]     | Baki                                                                                               |
[2026-08-12 23:47:31,374] [operations.py:1638]        [INFO]     | Batman - Animated Features                                                                         |
[2026-08-12 23:47:31,374] [operations.py:1638]        [INFO]     | Battlestar Galactica Universe                                                                      |
[2026-08-12 23:47:31,374] [operations.py:1638]        [INFO]     | Belgravia                                                                                          |
[2026-08-12 23:47:31,375] [operations.py:1638]        [INFO]     | Berserk                                                                                            |
[2026-08-12 23:47:31,375] [operations.py:1638]        [INFO]     | Black Clover                                                                                       |
[2026-08-12 23:47:31,375] [operations.py:1638]        [INFO]     | Blade                                                                                              |
[2026-08-12 23:47:31,375] [operations.py:1638]        [INFO]     | Blade Runner                                                                                       |
[2026-08-12 23:47:31,375] [operations.py:1638]        [INFO]     | Bleach                                                                                             |
[2026-08-12 23:47:31,376] [operations.py:1638]        [INFO]     | Blue's Clues                                                                                       |
[2026-08-12 23:47:31,376] [operations.py:1638]        [INFO]     | The Boys                                                                                           |
[2026-08-12 23:47:31,376] [operations.py:1638]        [INFO]     | Breaking Bad                                                                                       |
[2026-08-12 23:47:31,376] [operations.py:1638]        [INFO]     | Cartoon Network                                                                                    |
[2026-08-12 23:47:31,377] [operations.py:1638]        [INFO]     | Castlevania                                                                                        |
[2026-08-12 23:47:31,377] [operations.py:1638]        [INFO]     | Chaos;                                                                                             |
[2026-08-12 23:47:31,377] [operations.py:1638]        [INFO]     | Clerks                                                                                             |
[2026-08-12 23:47:31,377] [operations.py:1638]        [INFO]     | Code Geass                                                                                         |
[2026-08-12 23:47:31,378] [operations.py:1638]        [INFO]     | Cowboy Bebop                                                                                       |
[2026-08-12 23:47:31,378] [operations.py:1638]        [INFO]     | Daredevil                                                                                          |
[2026-08-12 23:47:31,378] [operations.py:1638]        [INFO]     | DC Television                                                                                      |
[2026-08-12 23:47:31,378] [operations.py:1638]        [INFO]     | DC Universe Animation                                                                              |
[2026-08-12 23:47:31,378] [operations.py:1638]        [INFO]     | The Decades                                                                                        |
[2026-08-12 23:47:31,379] [operations.py:1638]        [INFO]     | Demon Slayer                                                                                       |
[2026-08-12 23:47:31,379] [operations.py:1638]        [INFO]     | Dexter                                                                                             |
[2026-08-12 23:47:31,379] [operations.py:1638]        [INFO]     | Doctor Who                                                                                         |
[2026-08-12 23:47:31,379] [operations.py:1638]        [INFO]     | Documentaries                                                                                      |
[2026-08-12 23:47:31,380] [operations.py:1638]        [INFO]     | Downton Abbey                                                                                      |
[2026-08-12 23:47:31,381] [operations.py:1638]        [INFO]     | Dragon Ball                                                                                        |
[2026-08-12 23:47:31,381] [operations.py:1638]        [INFO]     | Dragon Ball Super                                                                                  |
[2026-08-12 23:47:31,381] [operations.py:1638]        [INFO]     | Dune                                                                                               |
[2026-08-12 23:47:31,382] [operations.py:1638]        [INFO]     | Eden of the East                                                                                   |
[2026-08-12 23:47:31,382] [operations.py:1638]        [INFO]     | Eureka Seven                                                                                       |
[2026-08-12 23:47:31,382] [operations.py:1638]        [INFO]     | Evangelion                                                                                         |
[2026-08-12 23:47:31,382] [operations.py:1638]        [INFO]     | Fairy Tail                                                                                         |
[2026-08-12 23:47:31,383] [operations.py:1638]        [INFO]     | Fate Series                                                                                        |
[2026-08-12 23:47:31,383] [operations.py:1638]        [INFO]     | Final Fantasy                                                                                      |
[2026-08-12 23:47:31,383] [operations.py:1638]        [INFO]     | A Football Life                                                                                    |
[2026-08-12 23:47:31,383] [operations.py:1638]        [INFO]     | Fullmetal Alchemist                                                                                |
[2026-08-12 23:47:31,383] [operations.py:1638]        [INFO]     | Game of Thrones                                                                                    |
[2026-08-12 23:47:31,384] [operations.py:1638]        [INFO]     | Gaming                                                                                             |
[2026-08-12 23:47:31,384] [operations.py:1638]        [INFO]     | Garo Series                                                                                        |
[2026-08-12 23:47:31,384] [operations.py:1638]        [INFO]     | Ghost in the Shell                                                                                 |
[2026-08-12 23:47:31,384] [operations.py:1638]        [INFO]     | Gintama                                                                                            |
[2026-08-12 23:47:31,384] [operations.py:1638]        [INFO]     | Goblin Slayer                                                                                      |
[2026-08-12 23:47:31,385] [operations.py:1638]        [INFO]     | Gridman Universe                                                                                   |
[2026-08-12 23:47:31,385] [operations.py:1638]        [INFO]     | Guardians of the Galaxy                                                                            |
[2026-08-12 23:47:31,385] [operations.py:1638]        [INFO]     | Gundam                                                                                             |
[2026-08-12 23:47:31,385] [operations.py:1638]        [INFO]     | Hercules                                                                                           |
[2026-08-12 23:47:31,385] [operations.py:1638]        [INFO]     | Horimiya                                                                                           |
[2026-08-12 23:47:31,386] [operations.py:1638]        [INFO]     | Hunter x Hunter                                                                                    |
[2026-08-12 23:47:31,386] [operations.py:1638]        [INFO]     | Initial D                                                                                          |
[2026-08-12 23:47:31,386] [operations.py:1638]        [INFO]     | Into the Night                                                                                     |
[2026-08-12 23:47:31,386] [operations.py:1638]        [INFO]     | Inuyasha                                                                                           |
[2026-08-12 23:47:31,386] [operations.py:1638]        [INFO]     | Iron Man                                                                                           |
[2026-08-12 23:47:31,387] [operations.py:1638]        [INFO]     | Jujutsu Kaisen                                                                                     |
[2026-08-12 23:47:31,387] [operations.py:1638]        [INFO]     | Kaguya-sama: Love Is War                                                                           |
[2026-08-12 23:47:31,387] [operations.py:1638]        [INFO]     | Kino's Journey                                                                                     |
[2026-08-12 23:47:31,387] [operations.py:1638]        [INFO]     | KonoSuba                                                                                           |
[2026-08-12 23:47:31,388] [operations.py:1638]        [INFO]     | Legend of Galactic Heroes                                                                          |
[2026-08-12 23:47:31,388] [operations.py:1638]        [INFO]     | The Lord of the Rings                                                                              |
[2026-08-12 23:47:31,388] [operations.py:1638]        [INFO]     | Madoka Magica                                                                                      |
[2026-08-12 23:47:31,388] [operations.py:1638]        [INFO]     | Magi                                                                                               |
[2026-08-12 23:47:31,388] [operations.py:1638]        [INFO]     | Marvel Animation                                                                                   |
[2026-08-12 23:47:31,389] [operations.py:1638]        [INFO]     | Marvel Anime                                                                                       |
[2026-08-12 23:47:31,389] [operations.py:1638]        [INFO]     | Marvel Television                                                                                  |
[2026-08-12 23:47:31,389] [operations.py:1638]        [INFO]     | Marvel Universe - Phase 1-3                                                                        |
[2026-08-12 23:47:31,389] [operations.py:1638]        [INFO]     | Marvel Universe - Phase 4                                                                          |
[2026-08-12 23:47:31,389] [operations.py:1638]        [INFO]     | Marvel Universe - Phase 5                                                                          |
[2026-08-12 23:47:31,390] [operations.py:1638]        [INFO]     | Mechanical Arms                                                                                    |
[2026-08-12 23:47:31,390] [operations.py:1638]        [INFO]     | Monogatari                                                                                         |
[2026-08-12 23:47:31,390] [operations.py:1638]        [INFO]     | Mononoke                                                                                           |
[2026-08-12 23:47:31,390] [operations.py:1638]        [INFO]     | My Hero Academia                                                                                   |
[2026-08-12 23:47:31,391] [operations.py:1638]        [INFO]     | Naruto                                                                                             |
[2026-08-12 23:47:31,391] [operations.py:1638]        [INFO]     | The Office                                                                                         |
[2026-08-12 23:47:31,391] [operations.py:1638]        [INFO]     | One Piece                                                                                          |
[2026-08-12 23:47:31,391] [operations.py:1638]        [INFO]     | PBS                                                                                                |
[2026-08-12 23:47:31,391] [operations.py:1638]        [INFO]     | PBS NOVA                                                                                           |
[2026-08-12 23:47:31,392] [operations.py:1638]        [INFO]     | Pokemon                                                                                            |
[2026-08-12 23:47:31,392] [operations.py:1638]        [INFO]     | Power                                                                                              |
[2026-08-12 23:47:31,392] [operations.py:1638]        [INFO]     | Psych                                                                                              |
[2026-08-12 23:47:31,392] [operations.py:1638]        [INFO]     | Ranking of Kings                                                                                   |
[2026-08-12 23:47:31,393] [operations.py:1638]        [INFO]     | Reno 911!                                                                                          |
[2026-08-12 23:47:31,393] [operations.py:1638]        [INFO]     | Resident Evil                                                                                      |
[2026-08-12 23:47:31,394] [operations.py:1638]        [INFO]     | Rick and Morty                                                                                     |
[2026-08-12 23:47:31,395] [operations.py:1638]        [INFO]     | Rurouni Kenshin                                                                                    |
[2026-08-12 23:47:31,395] [operations.py:1638]        [INFO]     | Satoshi Kon Collection                                                                             |
[2026-08-12 23:47:31,395] [operations.py:1638]        [INFO]     | Saturday Morning                                                                                   |
[2026-08-12 23:47:31,395] [operations.py:1638]        [INFO]     | Seven Deadly Sins                                                                                  |
[2026-08-12 23:47:31,395] [operations.py:1638]        [INFO]     | Sex and the City                                                                                   |
[2026-08-12 23:47:31,396] [operations.py:1638]        [INFO]     | Solo Leveling                                                                                      |
[2026-08-12 23:47:31,396] [operations.py:1638]        [INFO]     | South Park                                                                                         |
[2026-08-12 23:47:31,396] [operations.py:1638]        [INFO]     | Spartacus                                                                                          |
[2026-08-12 23:47:31,396] [operations.py:1638]        [INFO]     | Spider-Man                                                                                         |
[2026-08-12 23:47:31,396] [operations.py:1638]        [INFO]     | SpongeBob                                                                                          |
[2026-08-12 23:47:31,397] [operations.py:1638]        [INFO]     | Spy Family                                                                                         |
[2026-08-12 23:47:31,397] [operations.py:1638]        [INFO]     | Star Trek                                                                                          |
[2026-08-12 23:47:31,397] [operations.py:1638]        [INFO]     | Star Trek: The Next Generation                                                                     |
[2026-08-12 23:47:31,397] [operations.py:1638]        [INFO]     | Star Trek: The Original Series                                                                     |
[2026-08-12 23:47:31,397] [operations.py:1638]        [INFO]     | Star Wars                                                                                          |
[2026-08-12 23:47:31,398] [operations.py:1638]        [INFO]     | Stargate                                                                                           |
[2026-08-12 23:47:31,398] [operations.py:1638]        [INFO]     | Steins;Gate                                                                                        |
[2026-08-12 23:47:31,398] [operations.py:1638]        [INFO]     | Steven Universe                                                                                    |
[2026-08-12 23:47:31,398] [operations.py:1638]        [INFO]     | Superman - Animated Features                                                                       |
[2026-08-12 23:47:31,399] [operations.py:1638]        [INFO]     | Sword Art Online                                                                                   |
[2026-08-12 23:47:31,399] [operations.py:1638]        [INFO]     | Teen Titans                                                                                        |
[2026-08-12 23:47:31,399] [operations.py:1638]        [INFO]     | Teen Titans Go!                                                                                    |
[2026-08-12 23:47:31,399] [operations.py:1638]        [INFO]     | ...That Built America                                                                              |
[2026-08-12 23:47:31,399] [operations.py:1638]        [INFO]     | That Time I Got...                                                                                 |
[2026-08-12 23:47:31,400] [operations.py:1638]        [INFO]     | Toonami                                                                                            |
[2026-08-12 23:47:31,400] [operations.py:1638]        [INFO]     | TRON                                                                                               |
[2026-08-12 23:47:31,400] [operations.py:1638]        [INFO]     | The Twilight Zone                                                                                  |
[2026-08-12 23:47:31,400] [operations.py:1638]        [INFO]     | Twin Peaks                                                                                         |
[2026-08-12 23:47:31,400] [operations.py:1638]        [INFO]     | Veronica Mars                                                                                      |
[2026-08-12 23:47:31,401] [operations.py:1638]        [INFO]     | Violet Evergarden                                                                                  |
[2026-08-12 23:47:31,401] [operations.py:1638]        [INFO]     | Walking Dead                                                                                       |
[2026-08-12 23:47:31,401] [operations.py:1638]        [INFO]     | Watchmen                                                                                           |
[2026-08-12 23:47:31,401] [operations.py:1638]        [INFO]     | The Wolverine                                                                                      |
[2026-08-12 23:47:31,401] [operations.py:1638]        [INFO]     | The X Files                                                                                        |
[2026-08-12 23:47:31,402] [operations.py:1638]        [INFO]     | X-Men                                                                                              |
[2026-08-12 23:47:31,402] [operations.py:1638]        [INFO]     | Yellowstone                                                                                        |
[2026-08-12 23:47:31,402] [operations.py:1638]        [INFO]     | YouTube                                                                                            |
[2026-08-12 23:47:31,402] [operations.py:1639]        [INFO]     |                                                                                                    |
[2026-08-12 23:47:31,403] [operations.py:1640]        [INFO]     | 133 Unmanaged Collections                                                                          |
[2026-08-12 23:47:31,403] [operations.py:1647]        [INFO]     |                                                                                                    |
[2026-08-12 23:47:31,403] [operations.py:1648]        [INFO]     |=========================== Unconfigured Collections in TV Shows Library ===========================|
[2026-08-12 23:47:31,403] [operations.py:1649]        [INFO]     |                                                                                                    |
[2026-08-12 23:47:31,403] [operations.py:1651]        [INFO]     | 12 Monkeys                                                                                         |
[2026-08-12 23:47:31,404] [operations.py:1651]        [INFO]     | 90s Sitcoms                                                                                        |
[2026-08-12 23:47:31,404] [operations.py:1651]        [INFO]     | Adult Swim                                                                                         |
[2026-08-12 23:47:31,404] [operations.py:1651]        [INFO]     | Adult Swim Anime                                                                                   |
[2026-08-12 23:47:31,404] [operations.py:1651]        [INFO]     | Adventure Time                                                                                     |
[2026-08-12 23:47:31,404] [operations.py:1651]        [INFO]     | Aladdin                                                                                            |
[2026-08-12 23:47:31,405] [operations.py:1651]        [INFO]     | Alien                                                                                              |
[2026-08-12 23:47:31,405] [operations.py:1651]        [INFO]     | Aqua Teen Hunger Force                                                                             |
[2026-08-12 23:47:31,405] [operations.py:1651]        [INFO]     | Arrowverse                                                                                         |
[2026-08-12 23:47:31,405] [operations.py:1651]        [INFO]     | Assassination Classroom                                                                            |
[2026-08-12 23:47:31,405] [operations.py:1651]        [INFO]     | Avatar: The Last Airbender                                                                         |
[2026-08-12 23:47:31,406] [operations.py:1651]        [INFO]     | Babylon 5                                                                                          |
[2026-08-12 23:47:31,406] [operations.py:1651]        [INFO]     | Baki                                                                                               |
[2026-08-12 23:47:31,406] [operations.py:1651]        [INFO]     | Batman - Animated Features                                                                         |
[2026-08-12 23:47:31,406] [operations.py:1651]        [INFO]     | Battlestar Galactica Universe                                                                      |
[2026-08-12 23:47:31,406] [operations.py:1651]        [INFO]     | Belgravia                                                                                          |
[2026-08-12 23:47:31,407] [operations.py:1651]        [INFO]     | Berserk                                                                                            |
[2026-08-12 23:47:31,407] [operations.py:1651]        [INFO]     | Black Clover                                                                                       |
[2026-08-12 23:47:31,407] [operations.py:1651]        [INFO]     | Blade                                                                                              |
[2026-08-12 23:47:31,407] [operations.py:1651]        [INFO]     | Blade Runner                                                                                       |
[2026-08-12 23:47:31,408] [operations.py:1651]        [INFO]     | Bleach                                                                                             |
[2026-08-12 23:47:31,408] [operations.py:1651]        [INFO]     | Blue's Clues                                                                                       |
[2026-08-12 23:47:31,408] [operations.py:1651]        [INFO]     | The Boys                                                                                           |
[2026-08-12 23:47:31,408] [operations.py:1651]        [INFO]     | Breaking Bad                                                                                       |
[2026-08-12 23:47:31,408] [operations.py:1651]        [INFO]     | Cartoon Network                                                                                    |
[2026-08-12 23:47:31,409] [operations.py:1651]        [INFO]     | Castlevania                                                                                        |
[2026-08-12 23:47:31,411] [operations.py:1651]        [INFO]     | Chaos;                                                                                             |
[2026-08-12 23:47:31,411] [operations.py:1651]        [INFO]     | Clerks                                                                                             |
[2026-08-12 23:47:31,411] [operations.py:1651]        [INFO]     | Code Geass                                                                                         |
[2026-08-12 23:47:31,411] [operations.py:1651]        [INFO]     | Cowboy Bebop                                                                                       |
[2026-08-12 23:47:31,412] [operations.py:1651]        [INFO]     | Daredevil                                                                                          |
[2026-08-12 23:47:31,412] [operations.py:1651]        [INFO]     | DC Television                                                                                      |
[2026-08-12 23:47:31,412] [operations.py:1651]        [INFO]     | DC Universe Animation                                                                              |
[2026-08-12 23:47:31,412] [operations.py:1651]        [INFO]     | The Decades                                                                                        |
[2026-08-12 23:47:31,413] [operations.py:1651]        [INFO]     | Demon Slayer                                                                                       |
[2026-08-12 23:47:31,413] [operations.py:1651]        [INFO]     | Dexter                                                                                             |
[2026-08-12 23:47:31,413] [operations.py:1651]        [INFO]     | Doctor Who                                                                                         |
[2026-08-12 23:47:31,413] [operations.py:1651]        [INFO]     | Documentaries                                                                                      |
[2026-08-12 23:47:31,413] [operations.py:1651]        [INFO]     | Downton Abbey                                                                                      |
[2026-08-12 23:47:31,414] [operations.py:1651]        [INFO]     | Dragon Ball                                                                                        |
[2026-08-12 23:47:31,414] [operations.py:1651]        [INFO]     | Dragon Ball Super                                                                                  |
[2026-08-12 23:47:31,414] [operations.py:1651]        [INFO]     | Dune                                                                                               |
[2026-08-12 23:47:31,414] [operations.py:1651]        [INFO]     | Eden of the East                                                                                   |
[2026-08-12 23:47:31,414] [operations.py:1651]        [INFO]     | Eureka Seven                                                                                       |
[2026-08-12 23:47:31,415] [operations.py:1651]        [INFO]     | Evangelion                                                                                         |
[2026-08-12 23:47:31,415] [operations.py:1651]        [INFO]     | Fairy Tail                                                                                         |
[2026-08-12 23:47:31,415] [operations.py:1651]        [INFO]     | Fate Series                                                                                        |
[2026-08-12 23:47:31,415] [operations.py:1651]        [INFO]     | Final Fantasy                                                                                      |
[2026-08-12 23:47:31,415] [operations.py:1651]        [INFO]     | A Football Life                                                                                    |
[2026-08-12 23:47:31,416] [operations.py:1651]        [INFO]     | Fullmetal Alchemist                                                                                |
[2026-08-12 23:47:31,416] [operations.py:1651]        [INFO]     | Game of Thrones                                                                                    |
[2026-08-12 23:47:31,416] [operations.py:1651]        [INFO]     | Gaming                                                                                             |
[2026-08-12 23:47:31,416] [operations.py:1651]        [INFO]     | Garo Series                                                                                        |
[2026-08-12 23:47:31,417] [operations.py:1651]        [INFO]     | Ghost in the Shell                                                                                 |
[2026-08-12 23:47:31,417] [operations.py:1651]        [INFO]     | Gintama                                                                                            |
[2026-08-12 23:47:31,417] [operations.py:1651]        [INFO]     | Goblin Slayer                                                                                      |
[2026-08-12 23:47:31,417] [operations.py:1651]        [INFO]     | Gridman Universe                                                                                   |
[2026-08-12 23:47:31,417] [operations.py:1651]        [INFO]     | Guardians of the Galaxy                                                                            |
[2026-08-12 23:47:31,418] [operations.py:1651]        [INFO]     | Gundam                                                                                             |
[2026-08-12 23:47:31,418] [operations.py:1651]        [INFO]     | Hercules                                                                                           |
[2026-08-12 23:47:31,418] [operations.py:1651]        [INFO]     | Horimiya                                                                                           |
[2026-08-12 23:47:31,418] [operations.py:1651]        [INFO]     | Hunter x Hunter                                                                                    |
[2026-08-12 23:47:31,418] [operations.py:1651]        [INFO]     | Initial D                                                                                          |
[2026-08-12 23:47:31,419] [operations.py:1651]        [INFO]     | Into the Night                                                                                     |
[2026-08-12 23:47:31,419] [operations.py:1651]        [INFO]     | Inuyasha                                                                                           |
[2026-08-12 23:47:31,419] [operations.py:1651]        [INFO]     | Iron Man                                                                                           |
[2026-08-12 23:47:31,419] [operations.py:1651]        [INFO]     | Jujutsu Kaisen                                                                                     |
[2026-08-12 23:47:31,419] [operations.py:1651]        [INFO]     | Kaguya-sama: Love Is War                                                                           |
[2026-08-12 23:47:31,420] [operations.py:1651]        [INFO]     | Kino's Journey                                                                                     |
[2026-08-12 23:47:31,420] [operations.py:1651]        [INFO]     | KonoSuba                                                                                           |
[2026-08-12 23:47:31,420] [operations.py:1651]        [INFO]     | Legend of Galactic Heroes                                                                          |
[2026-08-12 23:47:31,420] [operations.py:1651]        [INFO]     | The Lord of the Rings                                                                              |
[2026-08-12 23:47:31,421] [operations.py:1651]        [INFO]     | Madoka Magica                                                                                      |
[2026-08-12 23:47:31,421] [operations.py:1651]        [INFO]     | Magi                                                                                               |
[2026-08-12 23:47:31,421] [operations.py:1651]        [INFO]     | Marvel Animation                                                                                   |
[2026-08-12 23:47:31,421] [operations.py:1651]        [INFO]     | Marvel Anime                                                                                       |
[2026-08-12 23:47:31,421] [operations.py:1651]        [INFO]     | Marvel Television                                                                                  |
[2026-08-12 23:47:31,422] [operations.py:1651]        [INFO]     | Marvel Universe - Phase 1-3                                                                        |
[2026-08-12 23:47:31,422] [operations.py:1651]        [INFO]     | Marvel Universe - Phase 4                                                                          |
[2026-08-12 23:47:31,422] [operations.py:1651]        [INFO]     | Marvel Universe - Phase 5                                                                          |
[2026-08-12 23:47:31,422] [operations.py:1651]        [INFO]     | Mechanical Arms                                                                                    |
[2026-08-12 23:47:31,422] [operations.py:1651]        [INFO]     | Monogatari                                                                                         |
[2026-08-12 23:47:31,423] [operations.py:1651]        [INFO]     | Mononoke                                                                                           |
[2026-08-12 23:47:31,423] [operations.py:1651]        [INFO]     | My Hero Academia                                                                                   |
[2026-08-12 23:47:31,423] [operations.py:1651]        [INFO]     | Naruto                                                                                             |
[2026-08-12 23:47:31,423] [operations.py:1651]        [INFO]     | The Office                                                                                         |
[2026-08-12 23:47:31,424] [operations.py:1651]        [INFO]     | One Piece                                                                                          |
[2026-08-12 23:47:31,424] [operations.py:1651]        [INFO]     | PBS                                                                                                |
[2026-08-12 23:47:31,426] [operations.py:1651]        [INFO]     | PBS NOVA                                                                                           |
[2026-08-12 23:47:31,426] [operations.py:1651]        [INFO]     | Pokemon                                                                                            |
[2026-08-12 23:47:31,426] [operations.py:1651]        [INFO]     | Power                                                                                              |
[2026-08-12 23:47:31,426] [operations.py:1651]        [INFO]     | Psych                                                                                              |
[2026-08-12 23:47:31,427] [operations.py:1651]        [INFO]     | Ranking of Kings                                                                                   |
[2026-08-12 23:47:31,427] [operations.py:1651]        [INFO]     | Reno 911!                                                                                          |
[2026-08-12 23:47:31,427] [operations.py:1651]        [INFO]     | Resident Evil                                                                                      |
[2026-08-12 23:47:31,427] [operations.py:1651]        [INFO]     | Rick and Morty                                                                                     |
[2026-08-12 23:47:31,428] [operations.py:1651]        [INFO]     | Rurouni Kenshin                                                                                    |
[2026-08-12 23:47:31,428] [operations.py:1651]        [INFO]     | Satoshi Kon Collection                                                                             |
[2026-08-12 23:47:31,428] [operations.py:1651]        [INFO]     | Saturday Morning                                                                                   |
[2026-08-12 23:47:31,428] [operations.py:1651]        [INFO]     | Seven Deadly Sins                                                                                  |
[2026-08-12 23:47:31,428] [operations.py:1651]        [INFO]     | Sex and the City                                                                                   |
[2026-08-12 23:47:31,429] [operations.py:1651]        [INFO]     | Solo Leveling                                                                                      |
[2026-08-12 23:47:31,429] [operations.py:1651]        [INFO]     | South Park                                                                                         |
[2026-08-12 23:47:31,429] [operations.py:1651]        [INFO]     | Spartacus                                                                                          |
[2026-08-12 23:47:31,429] [operations.py:1651]        [INFO]     | Spider-Man                                                                                         |
[2026-08-12 23:47:31,429] [operations.py:1651]        [INFO]     | SpongeBob                                                                                          |
[2026-08-12 23:47:31,430] [operations.py:1651]        [INFO]     | Spy Family                                                                                         |
[2026-08-12 23:47:31,430] [operations.py:1651]        [INFO]     | Star Trek                                                                                          |
[2026-08-12 23:47:31,430] [operations.py:1651]        [INFO]     | Star Trek: The Next Generation                                                                     |
[2026-08-12 23:47:31,430] [operations.py:1651]        [INFO]     | Star Trek: The Original Series                                                                     |
[2026-08-12 23:47:31,430] [operations.py:1651]        [INFO]     | Star Wars                                                                                          |
[2026-08-12 23:47:31,431] [operations.py:1651]        [INFO]     | Stargate                                                                                           |
[2026-08-12 23:47:31,431] [operations.py:1651]        [INFO]     | Steins;Gate                                                                                        |
[2026-08-12 23:47:31,431] [operations.py:1651]        [INFO]     | Steven Universe                                                                                    |
[2026-08-12 23:47:31,431] [operations.py:1651]        [INFO]     | Superman - Animated Features                                                                       |
[2026-08-12 23:47:31,432] [operations.py:1651]        [INFO]     | Sword Art Online                                                                                   |
[2026-08-12 23:47:31,432] [operations.py:1651]        [INFO]     | Teen Titans                                                                                        |
[2026-08-12 23:47:31,432] [operations.py:1651]        [INFO]     | Teen Titans Go!                                                                                    |
[2026-08-12 23:47:31,432] [operations.py:1651]        [INFO]     | ...That Built America                                                                              |
[2026-08-12 23:47:31,432] [operations.py:1651]        [INFO]     | That Time I Got...                                                                                 |
[2026-08-12 23:47:31,433] [operations.py:1651]        [INFO]     | Toonami                                                                                            |
[2026-08-12 23:47:31,433] [operations.py:1651]        [INFO]     | TRON                                                                                               |
[2026-08-12 23:47:31,433] [operations.py:1651]        [INFO]     | The Twilight Zone                                                                                  |
[2026-08-12 23:47:31,433] [operations.py:1651]        [INFO]     | Twin Peaks                                                                                         |
[2026-08-12 23:47:31,433] [operations.py:1651]        [INFO]     | Veronica Mars                                                                                      |
[2026-08-12 23:47:31,434] [operations.py:1651]        [INFO]     | Violet Evergarden                                                                                  |
[2026-08-12 23:47:31,434] [operations.py:1651]        [INFO]     | Walking Dead                                                                                       |
[2026-08-12 23:47:31,434] [operations.py:1651]        [INFO]     | Watchmen                                                                                           |
[2026-08-12 23:47:31,434] [operations.py:1651]        [INFO]     | The Wolverine                                                                                      |
[2026-08-12 23:47:31,434] [operations.py:1651]        [INFO]     | The X Files                                                                                        |
[2026-08-12 23:47:31,435] [operations.py:1651]        [INFO]     | X-Men                                                                                              |
[2026-08-12 23:47:31,435] [operations.py:1651]        [INFO]     | Yellowstone                                                                                        |
[2026-08-12 23:47:31,435] [operations.py:1651]        [INFO]     | YouTube                                                                                            |
[2026-08-12 23:47:31,435] [operations.py:1652]        [INFO]     |                                                                                                    |
[2026-08-12 23:47:31,436] [operations.py:1653]        [INFO]     | 133 Unconfigured Collections                                                                       |
[2026-08-12 23:47:31,436] [operations.py:1742]        [INFO]     |                                                                                                    |
[2026-08-12 23:47:31,436] [operations.py:1743]        [INFO]     |====================================================================================================|
[2026-08-12 23:47:31,436] [operations.py:1743]        [INFO]     |                                Finished TV Shows Library Operations                                |
[2026-08-12 23:47:31,436] [operations.py:1743]        [INFO]     |                                    Operations Run Time: 0:00:00                                    |
[2026-08-12 23:47:31,437] [operations.py:1743]        [INFO]     |====================================================================================================|
[2026-08-12 23:47:31,437] [overlays.py:35]            [INFO]     |                                                                                                    |
[2026-08-12 23:47:31,437] [overlays.py:36]            [INFO]     |====================================================================================================|
[2026-08-12 23:47:31,437] [overlays.py:36]            [INFO]     |                                     TV Shows Library Overlays                                      |
[2026-08-12 23:47:31,437] [overlays.py:36]            [INFO]     |====================================================================================================|
[2026-08-12 23:47:31,438] [overlays.py:37]            [INFO]     |                                                                                                    |
[2026-08-12 23:47:31,440] [builder.py:736]            [INFO]     |====================================================================================================|
[2026-08-12 23:47:31,440] [builder.py:736]            [INFO]     |                                     Multi Overlay in TV Shows                                      |
[2026-08-12 23:47:31,441] [builder.py:736]            [INFO]     |====================================================================================================|
[2026-08-12 23:47:31,441] [builder.py:737]            [INFO]     |                                                                                                    |
[2026-08-12 23:47:31,441] [builder.py:776]            [INFO]     |=================================== Validating Multi Attributes ====================================|
[2026-08-12 23:47:31,476] [plex.py:1772]              [DEBUG]    |                                                                                                    |
[2026-08-12 23:47:31,476] [plex.py:1775]              [DEBUG]    | Looking for: Multi                                                                                 |
[2026-08-12 23:47:31,477] [overlay.py:155]            [DEBUG]    |                                                                                                    |
[2026-08-12 23:47:31,477] [overlay.py:156]            [DEBUG]    | Validating Method: overlay                                                                         |
[2026-08-12 23:47:31,477] [overlay.py:157]            [DEBUG]    | Value: {'name': 'multi_audio5', 'group': 'anime_audio', 'weight': 20, 'horizontal_offset': 0, 'horizontal_align': 'left', 'vertical_offset': 0, 'vertical_align': 'top'} |
[2026-08-12 23:47:31,488] [builder.py:1186]           [DEBUG]    |                                                                                                    |
[2026-08-12 23:47:31,489] [builder.py:1187]           [DEBUG]    | Validating Method: ignore_blank_results                                                            |
[2026-08-12 23:47:31,489] [builder.py:1188]           [DEBUG]    | Value: True                                                                                        |
[2026-08-12 23:47:31,489] [builder.py:1551]           [DEBUG]    |                                                                                                    |
[2026-08-12 23:47:31,489] [builder.py:1555]           [DEBUG]    | Validating Method: plex_search                                                                     |
[2026-08-12 23:47:31,489] [builder.py:1556]           [DEBUG]    | Value: {'all': {'label': 'Anime', 'audio_language.not': 'en'}}                                     |
[2026-08-12 23:47:35,372] [builder.py:1551]           [DEBUG]    |                                                                                                    |
[2026-08-12 23:47:35,372] [builder.py:1555]           [DEBUG]    | Validating Method: filters                                                                         |
[2026-08-12 23:47:35,373] [builder.py:1556]           [DEBUG]    | Value: {'audio_language.count_gte': 2}                                                             |
[2026-08-12 23:47:35,373] [builder.py:1787]           [INFO]     |                                                                                                    |
[2026-08-12 23:47:35,373] [builder.py:1788]           [INFO]     | Validation Successful                                                                              |
[2026-08-12 23:47:35,374] [overlays.py:489]           [INFO]     |                                                                                                    |
[2026-08-12 23:47:35,374] [overlays.py:491]           [INFO]     |================================ Gathering Items for Multi Overlay =================================|
[2026-08-12 23:47:35,374] [builder.py:4750]           [INFO]     |                                                                                                    |
[2026-08-12 23:47:35,374] [builder.py:4752]           [INFO]     | Collection Filter episodes: {'audio_language.count_gte': 2, 'percentage': 50}                      |
[2026-08-12 23:47:35,375] [overlays.py:499]           [DEBUG]    |                                                                                                    |
[2026-08-12 23:47:35,375] [overlays.py:500]           [DEBUG]    | Builder: plex_search: (2, "Plex Show Search\nSort By: ['title.asc']\nFilter:\n  Match all of the following:\n    Label is Anime\n    Audio Language is not en\n    Audio Language is not en\n    Audio Language is not en\n    Audio Language is not en\n    Audio Language is not en\n    Audio Language is not en", '?type=2&sort=titleSort&show.label=55792&and=1&episode.audioLanguage!=en&and=1&episode.audioLanguage!=en-AU&and=1&episode.audioLanguage!=en-CA&and=1&episode.audioLanguage!=en-GB&and=1&episode.audioLanguage!=en-IE&and=1&episode.audioLanguage!=en-US') |
[2026-08-12 23:47:35,375] [overlays.py:501]           [INFO]     |                                                                                                    |
[2026-08-12 23:47:35,375] [plex.py:1877]              [INFO]     | Processing Plex Show Search                                                                        |
                                                                 | Sort By: ['title.asc']                                                                             |
                                                                 | Filter:                                                                                            |
                                                                 |   Match all of the following:                                                                      |
                                                                 |     Label is Anime                                                                                 |
                                                                 |     Audio Language is not en                                                                       |
                                                                 |     Audio Language is not en                                                                       |
                                                                 |     Audio Language is not en                                                                       |
                                                                 |     Audio Language is not en                                                                       |
                                                                 |     Audio Language is not en                                                                       |
                                                                 |     Audio Language is not en                                                                       |
[2026-08-12 23:47:36,279] [builder.py:3791]           [DEBUG]    |                                                                                                    |
[2026-08-12 23:47:36,280] [builder.py:3792]           [DEBUG]    | 73 IDs Found                                                                                       |
[2026-08-12 23:47:36,280] [builder.py:3794]           [DEBUG]    |                                                                                                    |
[2026-08-12 23:47:41,998] [overlays.py:521]           [INFO]     | 2 Items found for Overlay File (0) Multi                                                           |
[2026-08-12 23:47:41,999] [overlays.py:525]           [INFO]     |                                                                                                    |
[2026-08-12 23:47:41,999] [builder.py:736]            [INFO]     |====================================================================================================|
[2026-08-12 23:47:41,999] [builder.py:736]            [INFO]     |                                     Dubbed Overlay in TV Shows                                     |
[2026-08-12 23:47:41,999] [builder.py:736]            [INFO]     |====================================================================================================|
[2026-08-12 23:47:42,000] [builder.py:737]            [INFO]     |                                                                                                    |
[2026-08-12 23:47:42,000] [builder.py:776]            [INFO]     |=================================== Validating Dubbed Attributes ===================================|
[2026-08-12 23:47:42,035] [plex.py:1772]              [DEBUG]    |                                                                                                    |
[2026-08-12 23:47:42,035] [plex.py:1775]              [DEBUG]    | Looking for: Dubbed                                                                                |
[2026-08-12 23:47:42,035] [overlay.py:155]            [DEBUG]    |                                                                                                    |
[2026-08-12 23:47:42,035] [overlay.py:156]            [DEBUG]    | Validating Method: overlay                                                                         |
[2026-08-12 23:47:42,036] [overlay.py:157]            [DEBUG]    | Value: {'name': 'dubbed5', 'group': 'anime_audio', 'weight': 30, 'horizontal_offset': 0, 'horizontal_align': 'left', 'vertical_offset': 0, 'vertical_align': 'top'} |
[2026-08-12 23:47:42,040] [builder.py:1186]           [DEBUG]    |                                                                                                    |
[2026-08-12 23:47:42,040] [builder.py:1187]           [DEBUG]    | Validating Method: ignore_blank_results                                                            |
[2026-08-12 23:47:42,040] [builder.py:1188]           [DEBUG]    | Value: True                                                                                        |
[2026-08-12 23:47:42,041] [builder.py:1551]           [DEBUG]    |                                                                                                    |
[2026-08-12 23:47:42,041] [builder.py:1555]           [DEBUG]    | Validating Method: plex_search                                                                     |
[2026-08-12 23:47:42,041] [builder.py:1556]           [DEBUG]    | Value: {'all': {'label': 'Anime', 'audio_language': 'en'}}                                         |
[2026-08-12 23:47:42,044] [builder.py:1551]           [DEBUG]    |                                                                                                    |
[2026-08-12 23:47:42,044] [builder.py:1555]           [DEBUG]    | Validating Method: filters                                                                         |
[2026-08-12 23:47:42,044] [builder.py:1556]           [DEBUG]    | Value: {'audio_language.count_lte': 1}                                                             |
[2026-08-12 23:47:42,045] [builder.py:1787]           [INFO]     |                                                                                                    |
[2026-08-12 23:47:42,045] [builder.py:1788]           [INFO]     | Validation Successful                                                                              |
[2026-08-12 23:47:42,045] [overlays.py:489]           [INFO]     |                                                                                                    |
[2026-08-12 23:47:42,045] [overlays.py:491]           [INFO]     |================================ Gathering Items for Dubbed Overlay ================================|
[2026-08-12 23:47:42,045] [builder.py:4750]           [INFO]     |                                                                                                    |
[2026-08-12 23:47:42,046] [builder.py:4752]           [INFO]     | Collection Filter episodes: {'audio_language.count_lte': 1, 'percentage': 50}                      |
[2026-08-12 23:47:42,046] [overlays.py:499]           [DEBUG]    |                                                                                                    |
[2026-08-12 23:47:42,046] [overlays.py:500]           [DEBUG]    | Builder: plex_search: (2, "Plex Show Search\nSort By: ['title.asc']\nFilter:\n  Match all of the following:\n    Label is Anime\n    Audio Language is en\n    Audio Language is en\n    Audio Language is en\n    Audio Language is en\n    Audio Language is en\n    Audio Language is en", '?type=2&sort=titleSort&show.label=55792&and=1&episode.audioLanguage=en&and=1&episode.audioLanguage=en-AU&and=1&episode.audioLanguage=en-CA&and=1&episode.audioLanguage=en-GB&and=1&episode.audioLanguage=en-IE&and=1&episode.audioLanguage=en-US') |
[2026-08-12 23:47:42,046] [overlays.py:501]           [INFO]     |                                                                                                    |
[2026-08-12 23:47:42,046] [plex.py:1877]              [INFO]     | Processing Plex Show Search                                                                        |
                                                                 | Sort By: ['title.asc']                                                                             |
                                                                 | Filter:                                                                                            |
                                                                 |   Match all of the following:                                                                      |
                                                                 |     Label is Anime                                                                                 |
                                                                 |     Audio Language is en                                                                           |
                                                                 |     Audio Language is en                                                                           |
                                                                 |     Audio Language is en                                                                           |
                                                                 |     Audio Language is en                                                                           |
                                                                 |     Audio Language is en                                                                           |
                                                                 |     Audio Language is en                                                                           |
[2026-08-12 23:47:43,046] [overlays.py:506]           [INFO]     |                                                                                                    |
[2026-08-12 23:47:43,046] [overlays.py:507]           [WARNING]  | Plex Error: No Items found in Plex                                                                 |
[2026-08-12 23:47:43,046] [overlays.py:524]           [WARNING]  | No Items found for Overlay File (0) Dubbed                                                         |
[2026-08-12 23:47:43,047] [overlays.py:525]           [INFO]     |                                                                                                    |
[2026-08-12 23:47:43,047] [builder.py:736]            [INFO]     |====================================================================================================|
[2026-08-12 23:47:43,047] [builder.py:736]            [INFO]     |                                     Subbed Overlay in TV Shows                                     |
[2026-08-12 23:47:43,048] [builder.py:736]            [INFO]     |====================================================================================================|
[2026-08-12 23:47:43,048] [builder.py:737]            [INFO]     |                                                                                                    |
[2026-08-12 23:47:43,048] [builder.py:776]            [INFO]     |=================================== Validating Subbed Attributes ===================================|
[2026-08-12 23:47:43,084] [plex.py:1772]              [DEBUG]    |                                                                                                    |
[2026-08-12 23:47:43,084] [plex.py:1775]              [DEBUG]    | Looking for: Subbed                                                                                |
[2026-08-12 23:47:43,085] [overlay.py:155]            [DEBUG]    |                                                                                                    |
[2026-08-12 23:47:43,085] [overlay.py:156]            [DEBUG]    | Validating Method: overlay                                                                         |
[2026-08-12 23:47:43,086] [overlay.py:157]            [DEBUG]    | Value: {'name': 'subbed4', 'group': 'anime_audio', 'weight': 10, 'vertical_offset': 0, 'vertical_align': 'top', 'horizontal_offset': 0, 'horizontal_align': 'left'} |
[2026-08-12 23:47:43,090] [builder.py:1186]           [DEBUG]    |                                                                                                    |
[2026-08-12 23:47:43,090] [builder.py:1187]           [DEBUG]    | Validating Method: ignore_blank_results                                                            |
[2026-08-12 23:47:43,091] [builder.py:1188]           [DEBUG]    | Value: True                                                                                        |
[2026-08-12 23:47:43,091] [builder.py:1551]           [DEBUG]    |                                                                                                    |
[2026-08-12 23:47:43,091] [builder.py:1555]           [DEBUG]    | Validating Method: plex_search                                                                     |
[2026-08-12 23:47:43,091] [builder.py:1556]           [DEBUG]    | Value: {'all': {'label': 'Anime', 'audio_language.not': 'en', 'subtitle_language': 'en'}}          |
[2026-08-12 23:47:48,046] [builder.py:1551]           [DEBUG]    |                                                                                                    |
[2026-08-12 23:47:48,046] [builder.py:1555]           [DEBUG]    | Validating Method: filters                                                                         |
[2026-08-12 23:47:48,046] [builder.py:1556]           [DEBUG]    | Value: {'audio_language.count_lte': 1}                                                             |
[2026-08-12 23:47:48,047] [builder.py:1787]           [INFO]     |                                                                                                    |
[2026-08-12 23:47:48,047] [builder.py:1788]           [INFO]     | Validation Successful                                                                              |
[2026-08-12 23:47:48,047] [overlays.py:489]           [INFO]     |                                                                                                    |
[2026-08-12 23:47:48,048] [overlays.py:491]           [INFO]     |================================ Gathering Items for Subbed Overlay ================================|
[2026-08-12 23:47:48,048] [builder.py:4750]           [INFO]     |                                                                                                    |
[2026-08-12 23:47:48,048] [builder.py:4752]           [INFO]     | Collection Filter episodes: {'audio_language.count_lte': 1, 'percentage': 50}                      |
[2026-08-12 23:47:48,048] [overlays.py:499]           [DEBUG]    |                                                                                                    |
[2026-08-12 23:47:48,049] [overlays.py:500]           [DEBUG]    | Builder: plex_search: (2, "Plex Show Search\nSort By: ['title.asc']\nFilter:\n  Match all of the following:\n    Label is Anime\n    Audio Language is not en\n    Audio Language is not en\n    Audio Language is not en\n    Audio Language is not en\n    Audio Language is not en\n    Audio Language is not en\n    Subtitle Language is en\n    Subtitle Language is en\n    Subtitle Language is en\n    Subtitle Language is en\n    Subtitle Language is en\n    Subtitle Language is en\n    Subtitle Language is en\n    Subtitle Language is en", '?type=2&sort=titleSort&show.label=55792&and=1&episode.audioLanguage!=en&and=1&episode.audioLanguage!=en-AU&and=1&episode.audioLanguage!=en-CA&and=1&episode.audioLanguage!=en-GB&and=1&episode.audioLanguage!=en-IE&and=1&episode.audioLanguage!=en-US&and=1&episode.subtitleLanguage=en&and=1&episode.subtitleLanguage=en-AU&and=1&episode.subtitleLanguage=en-CA&and=1&episode.subtitleLanguage=en-GB&and=1&episode.subtitleLanguage=en-IE&and=1&episode.subtitleLanguage=en-IN&and=1&episode.subtitleLanguage=en-US&and=1&episode.subtitleLanguage=eng') |
[2026-08-12 23:47:48,049] [overlays.py:501]           [INFO]     |                                                                                                    |
[2026-08-12 23:47:48,049] [plex.py:1877]              [INFO]     | Processing Plex Show Search                                                                        |
                                                                 | Sort By: ['title.asc']                                                                             |
                                                                 | Filter:                                                                                            |
                                                                 |   Match all of the following:                                                                      |
                                                                 |     Label is Anime                                                                                 |
                                                                 |     Audio Language is not en                                                                       |
                                                                 |     Audio Language is not en                                                                       |
                                                                 |     Audio Language is not en                                                                       |
                                                                 |     Audio Language is not en                                                                       |
                                                                 |     Audio Language is not en                                                                       |
                                                                 |     Audio Language is not en                                                                       |
                                                                 |     Subtitle Language is en                                                                        |
                                                                 |     Subtitle Language is en                                                                        |
                                                                 |     Subtitle Language is en                                                                        |
                                                                 |     Subtitle Language is en                                                                        |
                                                                 |     Subtitle Language is en                                                                        |
                                                                 |     Subtitle Language is en                                                                        |
                                                                 |     Subtitle Language is en                                                                        |
                                                                 |     Subtitle Language is en                                                                        |
[2026-08-12 23:47:48,909] [overlays.py:506]           [INFO]     |                                                                                                    |
[2026-08-12 23:47:48,909] [overlays.py:507]           [WARNING]  | Plex Error: No Items found in Plex                                                                 |
[2026-08-12 23:47:48,910] [overlays.py:524]           [WARNING]  | No Items found for Overlay File (0) Subbed                                                         |
[2026-08-12 23:47:48,910] [overlays.py:525]           [INFO]     |                                                                                                    |
[2026-08-12 23:47:48,910] [builder.py:736]            [INFO]     |====================================================================================================|
[2026-08-12 23:47:48,910] [builder.py:736]            [INFO]     |                                      Dual Overlay in TV Shows                                      |
[2026-08-12 23:47:48,911] [builder.py:736]            [INFO]     |====================================================================================================|
[2026-08-12 23:47:48,911] [builder.py:737]            [INFO]     |                                                                                                    |
[2026-08-12 23:47:48,911] [builder.py:776]            [INFO]     |==================================== Validating Dual Attributes ====================================|
[2026-08-12 23:47:48,946] [plex.py:1772]              [DEBUG]    |                                                                                                    |
[2026-08-12 23:47:48,946] [plex.py:1775]              [DEBUG]    | Looking for: Dual                                                                                  |
[2026-08-12 23:47:48,947] [overlay.py:155]            [DEBUG]    |                                                                                                    |
[2026-08-12 23:47:48,947] [overlay.py:156]            [DEBUG]    | Validating Method: overlay                                                                         |
[2026-08-12 23:47:48,948] [overlay.py:157]            [DEBUG]    | Value: {'name': 'dual_audio5', 'group': 'anime_audio', 'weight': 30, 'horizontal_offset': 0, 'horizontal_align': 'left', 'vertical_offset': 0, 'vertical_align': 'top'} |
[2026-08-12 23:47:48,953] [builder.py:1186]           [DEBUG]    |                                                                                                    |
[2026-08-12 23:47:48,953] [builder.py:1187]           [DEBUG]    | Validating Method: ignore_blank_results                                                            |
[2026-08-12 23:47:48,953] [builder.py:1188]           [DEBUG]    | Value: True                                                                                        |
[2026-08-12 23:47:48,954] [builder.py:1551]           [DEBUG]    |                                                                                                    |
[2026-08-12 23:47:48,954] [builder.py:1555]           [DEBUG]    | Validating Method: plex_search                                                                     |
[2026-08-12 23:47:48,954] [builder.py:1556]           [DEBUG]    | Value: {'all': {'label': 'Anime', 'audio_language': ['en', 'ja']}}                                 |
[2026-08-12 23:47:48,957] [builder.py:1787]           [INFO]     |                                                                                                    |
[2026-08-12 23:47:48,957] [builder.py:1788]           [INFO]     | Validation Successful                                                                              |
[2026-08-12 23:47:48,958] [overlays.py:489]           [INFO]     |                                                                                                    |
[2026-08-12 23:47:48,958] [overlays.py:491]           [INFO]     |================================= Gathering Items for Dual Overlay =================================|
[2026-08-12 23:47:48,958] [overlays.py:499]           [DEBUG]    |                                                                                                    |
[2026-08-12 23:47:48,958] [overlays.py:500]           [DEBUG]    | Builder: plex_search: (2, "Plex Show Search\nSort By: ['title.asc']\nFilter:\n  Match all of the following:\n    Label is Anime\n    Audio Language is en\n    Audio Language is en\n    Audio Language is en\n    Audio Language is en\n    Audio Language is en\n    Audio Language is en\n    Audio Language is ja\n    Audio Language is ja", '?type=2&sort=titleSort&show.label=55792&and=1&episode.audioLanguage=en&and=1&episode.audioLanguage=en-AU&and=1&episode.audioLanguage=en-CA&and=1&episode.audioLanguage=en-GB&and=1&episode.audioLanguage=en-IE&and=1&episode.audioLanguage=en-US&and=1&episode.audioLanguage=ja&and=1&episode.audioLanguage=ja-JP') |
[2026-08-12 23:47:48,959] [overlays.py:501]           [INFO]     |                                                                                                    |
[2026-08-12 23:47:48,959] [plex.py:1877]              [INFO]     | Processing Plex Show Search                                                                        |
                                                                 | Sort By: ['title.asc']                                                                             |
                                                                 | Filter:                                                                                            |
                                                                 |   Match all of the following:                                                                      |
                                                                 |     Label is Anime                                                                                 |
                                                                 |     Audio Language is en                                                                           |
                                                                 |     Audio Language is en                                                                           |
                                                                 |     Audio Language is en                                                                           |
                                                                 |     Audio Language is en                                                                           |
                                                                 |     Audio Language is en                                                                           |
                                                                 |     Audio Language is en                                                                           |
                                                                 |     Audio Language is ja                                                                           |
                                                                 |     Audio Language is ja                                                                           |
[2026-08-12 23:47:49,956] [overlays.py:506]           [INFO]     |                                                                                                    |
[2026-08-12 23:47:49,956] [overlays.py:507]           [WARNING]  | Plex Error: No Items found in Plex                                                                 |
[2026-08-12 23:47:49,956] [overlays.py:524]           [WARNING]  | No Items found for Overlay File (0) Dual                                                           |
[2026-08-12 23:47:49,957] [overlays.py:525]           [INFO]     |                                                                                                    |
[2026-08-12 23:47:49,957] [builder.py:736]            [INFO]     |====================================================================================================|
[2026-08-12 23:47:49,957] [builder.py:736]            [INFO]     |                                  DualChinese Overlay in TV Shows                                   |
[2026-08-12 23:47:49,958] [builder.py:736]            [INFO]     |====================================================================================================|
[2026-08-12 23:47:49,958] [builder.py:737]            [INFO]     |                                                                                                    |
[2026-08-12 23:47:49,958] [builder.py:776]            [INFO]     |================================ Validating DualChinese Attributes =================================|
[2026-08-12 23:47:49,993] [plex.py:1772]              [DEBUG]    |                                                                                                    |
[2026-08-12 23:47:49,993] [plex.py:1775]              [DEBUG]    | Looking for: DualChinese                                                                           |
[2026-08-12 23:47:49,994] [overlay.py:155]            [DEBUG]    |                                                                                                    |
[2026-08-12 23:47:49,994] [overlay.py:156]            [DEBUG]    | Validating Method: overlay                                                                         |
[2026-08-12 23:47:49,995] [overlay.py:157]            [DEBUG]    | Value: {'name': 'dual_audio5', 'group': 'anime_audio', 'weight': 5, 'horizontal_offset': 0, 'horizontal_align': 'left', 'vertical_offset': 0, 'vertical_align': 'top'} |
[2026-08-12 23:47:49,999] [builder.py:1186]           [DEBUG]    |                                                                                                    |
[2026-08-12 23:47:49,999] [builder.py:1187]           [DEBUG]    | Validating Method: ignore_blank_results                                                            |
[2026-08-12 23:47:50,000] [builder.py:1188]           [DEBUG]    | Value: True                                                                                        |
[2026-08-12 23:47:50,000] [builder.py:1551]           [DEBUG]    |                                                                                                    |
[2026-08-12 23:47:50,000] [builder.py:1555]           [DEBUG]    | Validating Method: plex_search                                                                     |
[2026-08-12 23:47:50,001] [builder.py:1556]           [DEBUG]    | Value: {'all': {'label': 'Anime', 'audio_language': ['en', 'zh']}}                                 |
[2026-08-12 23:47:50,003] [builder.py:1787]           [INFO]     |                                                                                                    |
[2026-08-12 23:47:50,003] [builder.py:1788]           [INFO]     | Validation Successful                                                                              |
[2026-08-12 23:47:50,004] [overlays.py:489]           [INFO]     |                                                                                                    |
[2026-08-12 23:47:50,004] [overlays.py:491]           [INFO]     |============================= Gathering Items for DualChinese Overlay ==============================|
[2026-08-12 23:47:50,004] [overlays.py:499]           [DEBUG]    |                                                                                                    |
[2026-08-12 23:47:50,004] [overlays.py:500]           [DEBUG]    | Builder: plex_search: (2, "Plex Show Search\nSort By: ['title.asc']\nFilter:\n  Match all of the following:\n    Label is Anime\n    Audio Language is en\n    Audio Language is en\n    Audio Language is en\n    Audio Language is en\n    Audio Language is en\n    Audio Language is en\n    Audio Language is zh\n    Audio Language is zh\n    Audio Language is zh", '?type=2&sort=titleSort&show.label=55792&and=1&episode.audioLanguage=en&and=1&episode.audioLanguage=en-AU&and=1&episode.audioLanguage=en-CA&and=1&episode.audioLanguage=en-GB&and=1&episode.audioLanguage=en-IE&and=1&episode.audioLanguage=en-US&and=1&episode.audioLanguage=zh&and=1&episode.audioLanguage=zh-CN&and=1&episode.audioLanguage=zh-Hans') |
[2026-08-12 23:47:50,005] [overlays.py:501]           [INFO]     |                                                                                                    |
[2026-08-12 23:47:50,005] [plex.py:1877]              [INFO]     | Processing Plex Show Search                                                                        |
                                                                 | Sort By: ['title.asc']                                                                             |
                                                                 | Filter:                                                                                            |
                                                                 |   Match all of the following:                                                                      |
                                                                 |     Label is Anime                                                                                 |
                                                                 |     Audio Language is en                                                                           |
                                                                 |     Audio Language is en                                                                           |
                                                                 |     Audio Language is en                                                                           |
                                                                 |     Audio Language is en                                                                           |
                                                                 |     Audio Language is en                                                                           |
                                                                 |     Audio Language is en                                                                           |
                                                                 |     Audio Language is zh                                                                           |
                                                                 |     Audio Language is zh                                                                           |
                                                                 |     Audio Language is zh                                                                           |
[2026-08-12 23:47:51,015] [overlays.py:506]           [INFO]     |                                                                                                    |
[2026-08-12 23:47:51,015] [overlays.py:507]           [WARNING]  | Plex Error: No Items found in Plex                                                                 |
[2026-08-12 23:47:51,016] [overlays.py:524]           [WARNING]  | No Items found for Overlay File (0) DualChinese                                                    |
[2026-08-12 23:47:51,016] [overlays.py:525]           [INFO]     |                                                                                                    |
[2026-08-12 23:47:51,016] [builder.py:736]            [INFO]     |====================================================================================================|
[2026-08-12 23:47:51,017] [builder.py:736]            [INFO]     |                                   MAL Top 10 Overlay in TV Shows                                   |
[2026-08-12 23:47:51,017] [builder.py:736]            [INFO]     |====================================================================================================|
[2026-08-12 23:47:51,017] [builder.py:737]            [INFO]     |                                                                                                    |
[2026-08-12 23:47:51,017] [builder.py:776]            [INFO]     |================================= Validating MAL Top 10 Attributes =================================|
[2026-08-12 23:47:51,053] [plex.py:1772]              [DEBUG]    |                                                                                                    |
[2026-08-12 23:47:51,053] [plex.py:1775]              [DEBUG]    | Looking for: MAL Top 10                                                                            |
[2026-08-12 23:47:51,054] [overlay.py:155]            [DEBUG]    |                                                                                                    |
[2026-08-12 23:47:51,054] [overlay.py:156]            [DEBUG]    | Validating Method: overlay                                                                         |
[2026-08-12 23:47:51,054] [overlay.py:157]            [DEBUG]    | Value: {'name': 'MALTop10', 'group': 'mal_top', 'weight': 50, 'horizontal_offset': 0, 'horizontal_align': 'right', 'vertical_offset': 0, 'vertical_align': 'bottom'} |
[2026-08-12 23:47:51,059] [builder.py:1551]           [DEBUG]    |                                                                                                    |
[2026-08-12 23:47:51,060] [builder.py:1555]           [DEBUG]    | Validating Method: mal_all                                                                         |
[2026-08-12 23:47:51,060] [builder.py:1556]           [DEBUG]    | Value: 10                                                                                          |
[2026-08-12 23:47:51,060] [builder.py:1787]           [INFO]     |                                                                                                    |
[2026-08-12 23:47:51,060] [builder.py:1788]           [INFO]     | Validation Successful                                                                              |
[2026-08-12 23:47:51,061] [overlays.py:489]           [INFO]     |                                                                                                    |
[2026-08-12 23:47:51,061] [overlays.py:491]           [INFO]     |============================== Gathering Items for MAL Top 10 Overlay ==============================|
[2026-08-12 23:47:51,061] [overlays.py:499]           [DEBUG]    |                                                                                                    |
[2026-08-12 23:47:51,062] [overlays.py:500]           [DEBUG]    | Builder: mal_all: 10                                                                               |
[2026-08-12 23:47:51,062] [overlays.py:501]           [INFO]     |                                                                                                    |
[2026-08-12 23:47:51,062] [mal.py:323]                [INFO]     | Processing MyAnimeList All: 10 Anime                                                               |
[2026-08-12 23:47:51,242] [mal.py:339]                [DEBUG]    |                                                                                                    |
[2026-08-12 23:47:51,242] [mal.py:340]                [DEBUG]    | 10 MyAnimeList IDs Found                                                                           |
[2026-08-12 23:47:51,243] [builder.py:3791]           [DEBUG]    |                                                                                                    |
[2026-08-12 23:47:51,243] [builder.py:3792]           [DEBUG]    | 10 IDs Found                                                                                       |
[2026-08-12 23:47:51,244] [builder.py:3794]           [DEBUG]    |                                                                                                    |
[2026-08-12 23:47:51,354] [overlays.py:521]           [INFO]     | 8 Items found for Overlay File (0) MAL Top 10                                                      |
[2026-08-12 23:47:51,354] [overlays.py:525]           [INFO]     |                                                                                                    |
[2026-08-12 23:47:51,354] [builder.py:736]            [INFO]     |====================================================================================================|
[2026-08-12 23:47:51,355] [builder.py:736]            [INFO]     |                                   MAL Top 25 Overlay in TV Shows                                   |
[2026-08-12 23:47:51,355] [builder.py:736]            [INFO]     |====================================================================================================|
[2026-08-12 23:47:51,355] [builder.py:737]            [INFO]     |                                                                                                    |
[2026-08-12 23:47:51,356] [builder.py:776]            [INFO]     |================================= Validating MAL Top 25 Attributes =================================|
[2026-08-12 23:47:51,391] [plex.py:1772]              [DEBUG]    |                                                                                                    |
[2026-08-12 23:47:51,391] [plex.py:1775]              [DEBUG]    | Looking for: MAL Top 25                                                                            |
[2026-08-12 23:47:51,392] [overlay.py:155]            [DEBUG]    |                                                                                                    |
[2026-08-12 23:47:51,395] [overlay.py:156]            [DEBUG]    | Validating Method: overlay                                                                         |
[2026-08-12 23:47:51,395] [overlay.py:157]            [DEBUG]    | Value: {'name': 'MALTop25', 'group': 'mal_top', 'weight': 40, 'horizontal_offset': 0, 'horizontal_align': 'right', 'vertical_offset': 0, 'vertical_align': 'bottom'} |
[2026-08-12 23:47:51,400] [builder.py:1551]           [DEBUG]    |                                                                                                    |
[2026-08-12 23:47:51,400] [builder.py:1555]           [DEBUG]    | Validating Method: mal_all                                                                         |
[2026-08-12 23:47:51,400] [builder.py:1556]           [DEBUG]    | Value: 25                                                                                          |
[2026-08-12 23:47:51,400] [builder.py:1787]           [INFO]     |                                                                                                    |
[2026-08-12 23:47:51,401] [builder.py:1788]           [INFO]     | Validation Successful                                                                              |
[2026-08-12 23:47:51,401] [overlays.py:489]           [INFO]     |                                                                                                    |
[2026-08-12 23:47:51,401] [overlays.py:491]           [INFO]     |============================== Gathering Items for MAL Top 25 Overlay ==============================|
[2026-08-12 23:47:51,401] [overlays.py:499]           [DEBUG]    |                                                                                                    |
[2026-08-12 23:47:51,401] [overlays.py:500]           [DEBUG]    | Builder: mal_all: 25                                                                               |
[2026-08-12 23:47:51,401] [overlays.py:501]           [INFO]     |                                                                                                    |
[2026-08-12 23:47:51,402] [mal.py:323]                [INFO]     | Processing MyAnimeList All: 25 Anime                                                               |
[2026-08-12 23:47:51,542] [mal.py:339]                [DEBUG]    |                                                                                                    |
[2026-08-12 23:47:51,543] [mal.py:340]                [DEBUG]    | 25 MyAnimeList IDs Found                                                                           |
[2026-08-12 23:47:51,543] [convert.py:148]            [WARNING]  | Convert Warning: No AniDB ID Found for MyAnimeList ID '60022'                                      |
[2026-08-12 23:47:51,543] [builder.py:3791]           [DEBUG]    |                                                                                                    |
[2026-08-12 23:47:51,544] [builder.py:3792]           [DEBUG]    | 24 IDs Found                                                                                       |
[2026-08-12 23:47:51,544] [builder.py:3794]           [DEBUG]    |                                                                                                    |
[2026-08-12 23:47:51,638] [overlays.py:521]           [INFO]     | 16 Items found for Overlay File (0) MAL Top 25                                                     |
[2026-08-12 23:47:51,639] [overlays.py:525]           [INFO]     |                                                                                                    |
[2026-08-12 23:47:51,639] [builder.py:736]            [INFO]     |====================================================================================================|
[2026-08-12 23:47:51,639] [builder.py:736]            [INFO]     |                                   MAL Top 50 Overlay in TV Shows                                   |
[2026-08-12 23:47:51,640] [builder.py:736]            [INFO]     |====================================================================================================|
[2026-08-12 23:47:51,640] [builder.py:737]            [INFO]     |                                                                                                    |
[2026-08-12 23:47:51,640] [builder.py:776]            [INFO]     |================================= Validating MAL Top 50 Attributes =================================|
[2026-08-12 23:47:51,675] [plex.py:1772]              [DEBUG]    |                                                                                                    |
[2026-08-12 23:47:51,675] [plex.py:1775]              [DEBUG]    | Looking for: MAL Top 50                                                                            |
[2026-08-12 23:47:51,676] [overlay.py:155]            [DEBUG]    |                                                                                                    |
[2026-08-12 23:47:51,676] [overlay.py:156]            [DEBUG]    | Validating Method: overlay                                                                         |
[2026-08-12 23:47:51,677] [overlay.py:157]            [DEBUG]    | Value: {'name': 'MALTop50', 'group': 'mal_top', 'weight': 30, 'horizontal_offset': 0, 'horizontal_align': 'right', 'vertical_offset': 0, 'vertical_align': 'bottom'} |
[2026-08-12 23:47:51,681] [builder.py:1551]           [DEBUG]    |                                                                                                    |
[2026-08-12 23:47:51,682] [builder.py:1555]           [DEBUG]    | Validating Method: mal_all                                                                         |
[2026-08-12 23:47:51,682] [builder.py:1556]           [DEBUG]    | Value: 50                                                                                          |
[2026-08-12 23:47:51,682] [builder.py:1787]           [INFO]     |                                                                                                    |
[2026-08-12 23:47:51,682] [builder.py:1788]           [INFO]     | Validation Successful                                                                              |
[2026-08-12 23:47:51,683] [overlays.py:489]           [INFO]     |                                                                                                    |
[2026-08-12 23:47:51,683] [overlays.py:491]           [INFO]     |============================== Gathering Items for MAL Top 50 Overlay ==============================|
[2026-08-12 23:47:51,683] [overlays.py:499]           [DEBUG]    |                                                                                                    |
[2026-08-12 23:47:51,683] [overlays.py:500]           [DEBUG]    | Builder: mal_all: 50                                                                               |
[2026-08-12 23:47:51,684] [overlays.py:501]           [INFO]     |                                                                                                    |
[2026-08-12 23:47:51,684] [mal.py:323]                [INFO]     | Processing MyAnimeList All: 50 Anime                                                               |
[2026-08-12 23:47:51,856] [mal.py:339]                [DEBUG]    |                                                                                                    |
[2026-08-12 23:47:51,856] [mal.py:340]                [DEBUG]    | 50 MyAnimeList IDs Found                                                                           |
[2026-08-12 23:47:51,857] [convert.py:148]            [WARNING]  | Convert Warning: No AniDB ID Found for MyAnimeList ID '60022'                                      |
[2026-08-12 23:47:51,857] [convert.py:126]            [WARNING]  | Convert Warning: No TVDb ID or IMDb ID found for AniDB ID '18820'                                  |
[2026-08-12 23:47:51,858] [convert.py:148]            [WARNING]  | Convert Warning: No AniDB ID Found for MyAnimeList ID '36838'                                      |
[2026-08-12 23:47:51,858] [convert.py:148]            [WARNING]  | Convert Warning: No AniDB ID Found for MyAnimeList ID '31758'                                      |
[2026-08-12 23:47:51,858] [builder.py:3791]           [DEBUG]    |                                                                                                    |
[2026-08-12 23:47:51,858] [builder.py:3792]           [DEBUG]    | 46 IDs Found                                                                                       |
[2026-08-12 23:47:51,859] [builder.py:3794]           [DEBUG]    |                                                                                                    |
[2026-08-12 23:47:51,948] [overlays.py:521]           [INFO]     | 25 Items found for Overlay File (0) MAL Top 50                                                     |
[2026-08-12 23:47:51,948] [overlays.py:525]           [INFO]     |                                                                                                    |
[2026-08-12 23:47:51,948] [builder.py:736]            [INFO]     |====================================================================================================|
[2026-08-12 23:47:51,948] [builder.py:736]            [INFO]     |                                  MAL Top 250 Overlay in TV Shows                                   |
[2026-08-12 23:47:51,949] [builder.py:736]            [INFO]     |====================================================================================================|
[2026-08-12 23:47:51,949] [builder.py:737]            [INFO]     |                                                                                                    |
[2026-08-12 23:47:51,949] [builder.py:776]            [INFO]     |================================ Validating MAL Top 250 Attributes =================================|
[2026-08-12 23:47:51,984] [plex.py:1772]              [DEBUG]    |                                                                                                    |
[2026-08-12 23:47:51,984] [plex.py:1775]              [DEBUG]    | Looking for: MAL Top 250                                                                           |
[2026-08-12 23:47:51,985] [overlay.py:155]            [DEBUG]    |                                                                                                    |
[2026-08-12 23:47:51,989] [overlay.py:156]            [DEBUG]    | Validating Method: overlay                                                                         |
[2026-08-12 23:47:51,989] [overlay.py:157]            [DEBUG]    | Value: {'name': 'MALTop250', 'group': 'mal_top', 'weight': 20, 'horizontal_offset': 0, 'horizontal_align': 'right', 'vertical_offset': 0, 'vertical_align': 'bottom'} |
[2026-08-12 23:47:51,993] [builder.py:1551]           [DEBUG]    |                                                                                                    |
[2026-08-12 23:47:51,994] [builder.py:1555]           [DEBUG]    | Validating Method: mal_all                                                                         |
[2026-08-12 23:47:51,994] [builder.py:1556]           [DEBUG]    | Value: 250                                                                                         |
[2026-08-12 23:47:51,994] [builder.py:1787]           [INFO]     |                                                                                                    |
[2026-08-12 23:47:51,995] [builder.py:1788]           [INFO]     | Validation Successful                                                                              |
[2026-08-12 23:47:51,995] [overlays.py:489]           [INFO]     |                                                                                                    |
[2026-08-12 23:47:51,995] [overlays.py:491]           [INFO]     |============================= Gathering Items for MAL Top 250 Overlay ==============================|
[2026-08-12 23:47:51,996] [overlays.py:499]           [DEBUG]    |                                                                                                    |
[2026-08-12 23:47:51,996] [overlays.py:500]           [DEBUG]    | Builder: mal_all: 250                                                                              |
[2026-08-12 23:47:51,996] [overlays.py:501]           [INFO]     |                                                                                                    |
[2026-08-12 23:47:51,996] [mal.py:323]                [INFO]     | Processing MyAnimeList All: 250 Anime                                                              |
[2026-08-12 23:47:52,197] [mal.py:339]                [DEBUG]    |                                                                                                    |
[2026-08-12 23:47:52,197] [mal.py:340]                [DEBUG]    | 250 MyAnimeList IDs Found                                                                          |
[2026-08-12 23:47:52,198] [convert.py:148]            [WARNING]  | Convert Warning: No AniDB ID Found for MyAnimeList ID '60022'                                      |
[2026-08-12 23:47:52,198] [convert.py:126]            [WARNING]  | Convert Warning: No TVDb ID or IMDb ID found for AniDB ID '18820'                                  |
[2026-08-12 23:47:52,199] [convert.py:148]            [WARNING]  | Convert Warning: No AniDB ID Found for MyAnimeList ID '36838'                                      |
[2026-08-12 23:47:52,199] [convert.py:148]            [WARNING]  | Convert Warning: No AniDB ID Found for MyAnimeList ID '31758'                                      |
[2026-08-12 23:47:52,199] [convert.py:148]            [WARNING]  | Convert Warning: No AniDB ID Found for MyAnimeList ID '62276'                                      |
[2026-08-12 23:47:52,199] [convert.py:126]            [WARNING]  | Convert Warning: No TVDb ID or IMDb ID found for AniDB ID '15974'                                  |
[2026-08-12 23:47:52,200] [convert.py:126]            [WARNING]  | Convert Warning: No TVDb ID or IMDb ID found for AniDB ID '19721'                                  |
[2026-08-12 23:47:52,200] [convert.py:148]            [WARNING]  | Convert Warning: No AniDB ID Found for MyAnimeList ID '33050'                                      |
[2026-08-12 23:47:52,200] [convert.py:126]            [WARNING]  | Convert Warning: No TVDb ID or IMDb ID found for AniDB ID '18493'                                  |
[2026-08-12 23:47:52,244] [convert.py:148]            [WARNING]  | Convert Warning: No AniDB ID Found for MyAnimeList ID '31757'                                      |
[2026-08-12 23:47:52,244] [convert.py:126]            [WARNING]  | Convert Warning: No TVDb ID or IMDb ID found for AniDB ID '16566'                                  |
[2026-08-12 23:47:52,245] [convert.py:126]            [WARNING]  | Convert Warning: No TVDb ID or IMDb ID found for AniDB ID '19121'                                  |
[2026-08-12 23:47:52,245] [convert.py:148]            [WARNING]  | Convert Warning: No AniDB ID Found for MyAnimeList ID '35843'                                      |
[2026-08-12 23:47:52,245] [convert.py:148]            [WARNING]  | Convert Warning: No AniDB ID Found for MyAnimeList ID '11981'                                      |
[2026-08-12 23:47:52,246] [convert.py:148]            [WARNING]  | Convert Warning: No AniDB ID Found for MyAnimeList ID '58222'                                      |
[2026-08-12 23:47:52,246] [convert.py:148]            [WARNING]  | Convert Warning: No AniDB ID Found for MyAnimeList ID '4282'                                       |
[2026-08-12 23:47:52,246] [convert.py:126]            [WARNING]  | Convert Warning: No TVDb ID or IMDb ID found for AniDB ID '18237'                                  |
[2026-08-12 23:47:52,247] [convert.py:148]            [WARNING]  | Convert Warning: No AniDB ID Found for MyAnimeList ID '60988'                                      |
[2026-08-12 23:47:52,247] [convert.py:148]            [WARNING]  | Convert Warning: No AniDB ID Found for MyAnimeList ID '44070'                                      |
[2026-08-12 23:47:52,247] [convert.py:126]            [WARNING]  | Convert Warning: No TVDb ID or IMDb ID found for AniDB ID '19701'                                  |
[2026-08-12 23:47:52,247] [convert.py:148]            [WARNING]  | Convert Warning: No AniDB ID Found for MyAnimeList ID '33049'                                      |
[2026-08-12 23:47:52,248] [convert.py:126]            [WARNING]  | Convert Warning: No TVDb ID or IMDb ID found for AniDB ID '19537'                                  |
[2026-08-12 23:47:52,248] [convert.py:148]            [WARNING]  | Convert Warning: No AniDB ID Found for MyAnimeList ID '63832'                                      |
[2026-08-12 23:47:52,248] [convert.py:148]            [WARNING]  | Convert Warning: No AniDB ID Found for MyAnimeList ID '36999'                                      |
[2026-08-12 23:47:52,248] [convert.py:126]            [WARNING]  | Convert Warning: No TVDb ID or IMDb ID found for AniDB ID '19835'                                  |
[2026-08-12 23:47:52,249] [convert.py:148]            [WARNING]  | Convert Warning: No AniDB ID Found for MyAnimeList ID '24687'                                      |
[2026-08-12 23:47:52,249] [convert.py:148]            [WARNING]  | Convert Warning: No AniDB ID Found for MyAnimeList ID '30709'                                      |
[2026-08-12 23:47:52,249] [convert.py:148]            [WARNING]  | Convert Warning: No AniDB ID Found for MyAnimeList ID '53672'                                      |
[2026-08-12 23:47:52,249] [convert.py:126]            [WARNING]  | Convert Warning: No TVDb ID or IMDb ID found for AniDB ID '17052'                                  |
[2026-08-12 23:47:52,250] [convert.py:148]            [WARNING]  | Convert Warning: No AniDB ID Found for MyAnimeList ID '36275'                                      |
[2026-08-12 23:47:52,250] [convert.py:126]            [WARNING]  | Convert Warning: No TVDb ID or IMDb ID found for AniDB ID '16919'                                  |
[2026-08-12 23:47:52,250] [convert.py:148]            [WARNING]  | Convert Warning: No AniDB ID Found for MyAnimeList ID '39167'                                      |
[2026-08-12 23:47:52,250] [convert.py:148]            [WARNING]  | Convert Warning: No AniDB ID Found for MyAnimeList ID '37515'                                      |
[2026-08-12 23:47:52,251] [builder.py:3791]           [DEBUG]    |                                                                                                    |
[2026-08-12 23:47:52,251] [builder.py:3792]           [DEBUG]    | 217 IDs Found                                                                                      |
[2026-08-12 23:47:52,251] [builder.py:3794]           [DEBUG]    |                                                                                                    |
[2026-08-12 23:47:52,771] [overlays.py:521]           [INFO]     | 89 Items found for Overlay File (0) MAL Top 250                                                    |
[2026-08-12 23:47:52,772] [overlays.py:525]           [INFO]     |                                                                                                    |
[2026-08-12 23:47:52,772] [builder.py:736]            [INFO]     |====================================================================================================|
[2026-08-12 23:47:52,772] [builder.py:736]            [INFO]     |                               MAL Top 10 Airing Overlay in TV Shows                                |
[2026-08-12 23:47:52,772] [builder.py:736]            [INFO]     |====================================================================================================|
[2026-08-12 23:47:52,773] [builder.py:737]            [INFO]     |                                                                                                    |
[2026-08-12 23:47:52,773] [builder.py:776]            [INFO]     |============================= Validating MAL Top 10 Airing Attributes ==============================|
[2026-08-12 23:47:52,808] [plex.py:1772]              [DEBUG]    |                                                                                                    |
[2026-08-12 23:47:52,809] [plex.py:1775]              [DEBUG]    | Looking for: MAL Top 10 Airing                                                                     |
[2026-08-12 23:47:52,809] [overlay.py:155]            [DEBUG]    |                                                                                                    |
[2026-08-12 23:47:52,810] [overlay.py:156]            [DEBUG]    | Validating Method: overlay                                                                         |
[2026-08-12 23:47:52,810] [overlay.py:157]            [DEBUG]    | Value: {'name': 'MALTopAir10', 'group': 'mal_top', 'weight': 45, 'horizontal_offset': 0, 'horizontal_align': 'right', 'vertical_offset': 0, 'vertical_align': 'bottom'} |
[2026-08-12 23:47:52,814] [builder.py:1551]           [DEBUG]    |                                                                                                    |
[2026-08-12 23:47:52,815] [builder.py:1555]           [DEBUG]    | Validating Method: mal_airing                                                                      |
[2026-08-12 23:47:52,815] [builder.py:1556]           [DEBUG]    | Value: 10                                                                                          |
[2026-08-12 23:47:52,815] [builder.py:1787]           [INFO]     |                                                                                                    |
[2026-08-12 23:47:52,815] [builder.py:1788]           [INFO]     | Validation Successful                                                                              |
[2026-08-12 23:47:52,816] [overlays.py:489]           [INFO]     |                                                                                                    |
[2026-08-12 23:47:52,816] [overlays.py:491]           [INFO]     |========================== Gathering Items for MAL Top 10 Airing Overlay ===========================|
[2026-08-12 23:47:52,816] [overlays.py:499]           [DEBUG]    |                                                                                                    |
[2026-08-12 23:47:52,816] [overlays.py:500]           [DEBUG]    | Builder: mal_airing: 10                                                                            |
[2026-08-12 23:47:52,816] [overlays.py:501]           [INFO]     |                                                                                                    |
[2026-08-12 23:47:52,817] [mal.py:323]                [INFO]     | Processing MyAnimeList Airing: 10 Anime                                                            |
[2026-08-12 23:47:52,961] [mal.py:339]                [DEBUG]    |                                                                                                    |
[2026-08-12 23:47:52,961] [mal.py:340]                [DEBUG]    | 10 MyAnimeList IDs Found                                                                           |
[2026-08-12 23:47:52,962] [convert.py:126]            [WARNING]  | Convert Warning: No TVDb ID or IMDb ID found for AniDB ID '18237'                                  |
[2026-08-12 23:47:52,962] [convert.py:148]            [WARNING]  | Convert Warning: No AniDB ID Found for MyAnimeList ID '60988'                                      |
[2026-08-12 23:47:52,962] [convert.py:148]            [WARNING]  | Convert Warning: No AniDB ID Found for MyAnimeList ID '63832'                                      |
[2026-08-12 23:47:52,963] [builder.py:3791]           [DEBUG]    |                                                                                                    |
[2026-08-12 23:47:52,963] [builder.py:3792]           [DEBUG]    | 7 IDs Found                                                                                        |
[2026-08-12 23:47:52,963] [builder.py:3794]           [DEBUG]    |                                                                                                    |
[2026-08-12 23:47:52,965] [overlays.py:521]           [INFO]     | 6 Items found for Overlay File (0) MAL Top 10 Airing                                               |
[2026-08-12 23:47:52,965] [overlays.py:525]           [INFO]     |                                                                                                    |
[2026-08-12 23:47:52,965] [overlays.py:538]           [INFO]     |====================================================================================================|
[2026-08-12 23:47:52,965] [overlays.py:538]           [INFO]     |                             Overlay Operation for the TV Shows Library                             |
[2026-08-12 23:47:52,965] [overlays.py:538]           [INFO]     |====================================================================================================|
[2026-08-12 23:47:52,966] [overlays.py:539]           [DEBUG]    |                                                                                                    |
[2026-08-12 23:47:52,966] [overlays.py:540]           [DEBUG]    | Remove Overlays: False                                                                             |
[2026-08-12 23:47:52,966] [overlays.py:541]           [DEBUG]    | Reapply Overlays: False                                                                            |
[2026-08-12 23:47:52,966] [overlays.py:542]           [DEBUG]    | Reset Overlays: None                                                                               |
[2026-08-12 23:47:52,966] [overlays.py:543]           [DEBUG]    |                                                                                                    |
[2026-08-12 23:47:52,967] [overlays.py:544]           [INFO]     |=================================== Number of Items Per Overlay ====================================|
[2026-08-12 23:47:52,967] [overlays.py:545]           [DEBUG]    |                                                                                                    |
[2026-08-12 23:47:52,967] [overlays.py:552]           [DEBUG]    |              Overlay               | Number |                                                      |
[2026-08-12 23:47:52,967] [overlays.py:553]           [DEBUG]    | ================================== | ====== |                                                      |
[2026-08-12 23:47:52,967] [overlays.py:555]           [DEBUG]    | Overlay File (0) Multi             |   2    |                                                      |
[2026-08-12 23:47:52,968] [overlays.py:555]           [DEBUG]    | Overlay File (0) Dubbed            |   0    |                                                      |
[2026-08-12 23:47:52,968] [overlays.py:555]           [DEBUG]    | Overlay File (0) Subbed            |   0    |                                                      |
[2026-08-12 23:47:52,968] [overlays.py:555]           [DEBUG]    | Overlay File (0) Dual              |   0    |                                                      |
[2026-08-12 23:47:52,968] [overlays.py:555]           [DEBUG]    | Overlay File (0) DualChinese       |   0    |                                                      |
[2026-08-12 23:47:52,968] [overlays.py:555]           [DEBUG]    | Overlay File (0) MAL Top 10        |   8    |                                                      |
[2026-08-12 23:47:52,969] [overlays.py:555]           [DEBUG]    | Overlay File (0) MAL Top 25        |   16   |                                                      |
[2026-08-12 23:47:52,969] [overlays.py:555]           [DEBUG]    | Overlay File (0) MAL Top 50        |   25   |                                                      |
[2026-08-12 23:47:52,969] [overlays.py:555]           [DEBUG]    | Overlay File (0) MAL Top 250       |   89   |                                                      |
[2026-08-12 23:47:52,969] [overlays.py:555]           [DEBUG]    | Overlay File (0) MAL Top 10 Airing |   6    |                                                      |
[2026-08-12 23:47:52,969] [overlays.py:556]           [DEBUG]    |                                                                                                    |
[2026-08-12 23:47:54,195] [overlays.py:71]            [INFO]     |====================================================================================================|
[2026-08-12 23:47:54,195] [overlays.py:71]            [INFO]     |                             Removing Overlays for the TV Shows Library                             |
[2026-08-12 23:47:54,196] [overlays.py:71]            [INFO]     |====================================================================================================|
